<?xml version="1.0" encoding="utf-8"?>
<COLLADA xmlns="http://www.collada.org/2005/11/COLLADASchema" version="1.4.1" xmlns:xsi="http://www.w3.org/2001/XMLSchema-instance">
  <asset>
    <contributor>
      <author>Blender User</author>
      <authoring_tool>Blender 3.5.1 commit date:2023-04-24, commit time:18:11, hash:e1ccd9d4a1d3</authoring_tool>
    </contributor>
    <created>2025-05-13T09:27:49</created>
    <modified>2025-05-13T09:27:49</modified>
    <unit name="meter" meter="1"/>
    <up_axis>Z_UP</up_axis>
  </asset>
  <library_images/>
  <library_geometries>
    <geometry id="cam-mesh" name="cam">
      <mesh>
        <source id="cam-mesh-positions">
          <float_array id="cam-mesh-positions-array" count="16011">-0.003053843 0.009248197 0 -0.001089751 0.004250884 0 -0.006662428 0.006370425 0 -0.00310707 0.003086149 0 -0.008665084 0.002211987 0 -0.006662428 0.006370425 0.00999999 -0.003053843 0.009248197 0.00999999 0.001445889 0.01027524 0 0.001239538 0.004250884 0 0.001445889 0.01027524 0.00999999 -0.004271745 0.00106889 0 -0.008665084 -0.002403497 0 -0.008665084 0.002211987 0.00999999 0.1209102 0.004250884 0 0.1188929 0.003086149 0 0.1207038 0.01027524 0 0.003256857 0.003086149 0 0.03256607 0.01027524 0.00999999 -0.004271745 -0.001260459 0 -0.006662428 -0.006561994 0 -0.008665084 -0.002403497 0.00999999 -0.001089751 0.004250884 0.00999999 -0.00310707 0.003086149 0.00999999 -0.004271745 0.00106889 0.00999999 0.001239538 0.004250884 0.00999999 -0.00310707 -0.003277719 0 -0.004271745 -0.001260459 0.00999999 0.003256857 0.003086149 0.00999999 -0.003053843 -0.009439706 0 -0.006662428 -0.006561994 0.00999999 -0.001089751 -0.004442393 0 -0.00310707 -0.003277719 0.00999999 0.004421532 0.00106889 0 0.004421532 0.00106889 0.00999999 0.001445889 -0.01046681 0 0.001239538 -0.004442393 0 -0.001089751 -0.004442393 0.00999999 0.1177282 0.00106889 0 0.004421532 -0.001260459 0 0.004421532 -0.001260459 0.00999999 0.1188929 -0.003277719 0 0.003256857 -0.003277719 0 0.001239538 -0.004442393 0.00999999 0.1177282 -0.001260459 0 0.003256857 -0.003277719 0.00999999 -0.003053843 -0.009439706 0.00999999 0.1207038 -0.01046681 0 0.05330818 -0.01046681 0.00999999 0.001445889 -0.01046681 0.00999999 0.1232395 0.004250884 0 0.1252036 0.009248197 0 0.06884157 0.01027524 0.00999999 0.1207038 0.01027524 0.00999999 0.1252036 0.009248197 0.00999999 0.1209102 0.004250884 0.00999999 0.1188929 0.003086149 0.00999999 0.1252568 0.003086149 0 0.1288122 0.006370425 0 0.1288122 0.006370425 0.00999999 0.1177282 0.00106889 0.00999999 0.1232395 0.004250884 0.00999999 0.1177282 -0.001260459 0.00999999 0.1252568 0.003086149 0.00999999 0.1209102 -0.004442393 0 0.1188929 -0.003277719 0.00999999 0.1264215 0.00106889 0 0.1264215 0.00106889 0.00999999 0.1308149 0.002211987 0 0.1308149 0.002211987 0.00999999 0.1232395 -0.004442393 0 0.1252037 -0.009439766 0 0.1209102 -0.004442393 0.00999999 0.1264215 -0.001260459 0 0.1264215 -0.001260459 0.00999999 0.1252568 -0.003277719 0 0.1288122 -0.006561994 0 0.1232395 -0.004442393 0.00999999 0.1308149 -0.002403497 0 0.1252568 -0.003277719 0.00999999 0.1308149 -0.002403497 0.00999999 0.1207038 -0.01046681 0.00999999 0.08958363 -0.01046681 0.00999999 0.1288122 -0.006561994 0.00999999 0.1252037 -0.009439766 0.00999999 0.06884157 0.01027524 0.11 0.03256607 0.01027524 0.11 0.08958363 -0.01046681 0.11 0.05330818 -0.01046681 0.11 0.03478842 0.04432839 0.11 0.01665067 0.02619063 0.11 0.01665067 0.02619063 0.12 0.03042906 0.03996902 0.13125 0.03478842 0.04432839 0.1274999 0.08736133 -0.04451996 0.12 0.08736133 -0.04451996 0.11 0.1054991 -0.0263822 0.11 0.1054991 -0.0263822 0.1274999 0.1011397 -0.03074157 0.13125 0.0171107 0.02665072 0.1708012 0.04362726 0.0171048 0.1500166 0.04417026 0.01726889 0.1491506 0.04494673 0.01701003 0.1485166 0.04574853 0.01639765 0.1482846 0.07676655 -0.01480972 0.1485166 0.07599008 -0.01455086 0.1491506 0.07756835 -0.01542204 0.1482846 0.07818073 -0.0162239 0.1485166 0.07843953 -0.01700037 0.1491506 0.08782142 -0.04405993 0.1708012 0.084993 -0.04688835 0.1708012 0.04362726 0.01427638 0.1465525 0.0428254 0.01488876 0.1467846 0.04204893 0.01514756 0.1474186 0.04150593 0.01498347 0.1482846 0.01428228 0.0238223 0.1708012 0.07631826 -0.0191217 0.1474186 0.0760594 -0.01834523 0.1467846 0.04449844 0.01269805 0.1474186 0.04423958 0.01347452 0.1467846 0.07544702 -0.01754337 0.1465525 0.07464522 -0.01693099 0.1467846 0.07561111 -0.01982879 0.1491506 0.07615417 -0.0196647 0.1482846 0.0463609 0.01559585 0.1485166 0.04661977 0.01481938 0.1491506 0.07386875 -0.01667219 0.1474186 0.04433435 0.01215505 0.1482846 0.04645568 0.01427638 0.1500166 0.07332575 -0.01683628 0.1482846 0.0782755 -0.01754337 0.1500166 0.04134184 0.01444041 0.1491506 0.07544702 -0.01471495 0.1500166 0.04379129 0.01199096 0.1491506 0.04591262 0.01411229 0.1508827 0.07316166 -0.01737928 0.1491506 0.04221302 0.01286214 0.1500166 0.04301488 0.01224976 0.1497846 0.07773244 -0.01770746 0.1508827 0.04160064 0.013664 0.1497846 0.04346317 0.01656174 0.1508827 0.04513621 0.01437109 0.1515166 0.07342046 -0.01815575 0.1497846 0.07528293 -0.01525801 0.1508827 0.07483464 -0.01956999 0.1497846 0.07695597 -0.01744866 0.1515166 0.04372197 0.01578533 0.1515166 0.04433435 0.01498347 0.1517487 0.07403284 -0.01895761 0.1500166 0.07554179 -0.01603442 0.1515166 0.07615417 -0.01683628 0.1517487 0.03553324 0.02495515 0.1359963 0.03585737 0.02526694 0.1363205 0.03572833 0.02462542 0.1358252 0.03535825 0.02425533 0.1355234 0.0359956 0.02489268 0.1360765 0.03662073 0.02551776 0.1413659 0.03671377 0.0256108 0.1411271 0.03522145 0.02458047 0.1356946 0.03491789 0.02381491 0.1351739 0.02695888 0.0158559 0.1567403 0.03406792 0.02319157 0.1346528 0.03441011 0.02330714 0.1347808 0.03435391 0.0232613 0.1347439 0.02583384 0.01473093 0.1557881 0.03618311 0.02551168 0.136671 0.0362578 0.02515488 0.1363741 0.03688442 0.02578151 0.1406108 0.03422266 0.0232045 0.1346872 0.02573084 0.01466232 0.1557062 0.02566099 0.01464343 0.1556568 0.02561008 0.01464009 0.155623 0.02548331 0.01466614 0.1555457 0.03398752 0.02320301 0.1346462 0.02546066 0.01467603 0.1555329 0.03376895 0.02330243 0.1346718 0.03437066 0.02519947 0.1359786 0.03390961 0.0232259 0.1346472 0.03467607 0.025577 0.1362845 0.03649115 0.02538824 0.1366998 0.02536273 0.01474016 0.1554813 0.03499543 0.02589118 0.1366117 0.03312259 0.02376914 0.1348918 0.02528744 0.01482093 0.1554471 0.03649634 0.02569341 0.1370493 0.03663945 0.02553647 0.136951 0.03699618 0.02589321 0.1401702 0.03531891 0.02613705 0.1369636 0.03678292 0.02581596 0.1374573 0.03680741 0.0257045 0.1373026 0.03708112 0.0259782 0.1396879 0.03712427 0.0260213 0.139213 0.03712958 0.0260266 0.1389273 0.03349113 0.02577626 0.1363493 0.03563326 0.02631759 0.1373419 0.03247255 0.02420443 0.1351549 0.03379416 0.02615278 0.1366595 0.03411287 0.02646535 0.1369894 0.03694146 0.02583855 0.1376739 0.03710645 0.02600347 0.1385015 0.03443843 0.0267083 0.1373423 0.0359252 0.02643591 0.1377484 0.0323044 0.02431154 0.1352295 0.03618156 0.02649509 0.1381847 0.03704506 0.02594214 0.1380869 0.03475821 0.02688395 0.1377199 0.03181731 0.02460944 0.1354613 0.03259205 0.02630126 0.1368075 0.03289586 0.02667409 0.1371212 0.03321743 0.02698218 0.1374531 0.0350598 0.02699482 0.1381238 0.03638905 0.02649813 0.1386526 0.03354865 0.02721941 0.1378061 0.03116053 0.0249809 0.1358107 0.03387755 0.02738779 0.1381815 0.03533059 0.02704328 0.1385556 0.03653436 0.02644819 0.1391537 0.03107792 0.02502512 0.1358578 0.03168398 0.02676457 0.1373522 0.0341922 0.02748918 0.1385809 0.03199052 0.02713268 0.1376683 0.03231704 0.02743542 0.1380007 0.03043836 0.02534812 0.1362454 0.03555804 0.02703171 0.1390169 0.03265607 0.02766621 0.138352 0.03448075 0.02752548 0.1390058 0.03299629 0.02782666 0.1387233 0.03332632 0.02791827 0.1391159 0.03660434 0.02634823 0.1396898 0.03572964 0.02696251 0.1395094 0.03473126 0.02749866 0.1394577 0.03077727 0.02715784 0.1379811 0.02980571 0.02563363 0.1366707 0.03108805 0.02752113 0.1382979 0.031421 0.02781844 0.1386291 0.03363484 0.02794253 0.139531 0.03176939 0.02804291 0.1389766 0.03212243 0.02819579 0.1393414 0.03493177 0.02741056 0.1399378 0.03583288 0.02683812 0.1400347 0.03658568 0.02620136 0.1402626 0.02957892 0.02572751 0.1368334 0.03391045 0.02790105 0.13997 0.03246933 0.02827823 0.1397246 0.02918088 0.02588117 0.1371327 0.02988225 0.02747386 0.1386902 0.03019845 0.02783244 0.1390061 0.03279936 0.02829146 0.140127 0.03053915 0.02812451 0.1393343 0.03507041 0.02726322 0.1404479 0.03585523 0.02666091 0.1405944 0.03414195 0.02779525 0.1404341 0.03646516 0.02601063 0.1408737 0.03089821 0.02834308 0.139676 0.02856498 0.02609014 0.1376311 0.03126543 0.02848905 0.1400319 0.03310161 0.02823662 0.1405497 0.03163039 0.02856343 0.1404028 0.03431785 0.02762663 0.1409245 0.03513526 0.02705848 0.1409893 0.03578406 0.02643328 0.1411902 0.03336536 0.02811491 0.1409937 0.03198295 0.02856701 0.1407894 0.02901011 0.02770674 0.1394731 0.02933257 0.02806097 0.1397867 0.02795869 0.02625977 0.1381658 0.03622949 0.02577912 0.1415249 0.02968186 0.02834838 0.14011 0.03005242 0.02856189 0.1404439 0.03231269 0.02850085 0.1411923 0.03442686 0.02739685 0.1414424 0.03511434 0.02679824 0.1415635 0.03357976 0.02792751 0.14146 0.03043448 0.02870213 0.1407887 0.03560698 0.02615767 0.1418237 0.0308181 0.02876985 0.1411448 0.03260934 0.02836573 0.1416124 0.03097158 0.01986867 0.1552033 0.02788221 0.02627849 0.1382366 0.03119355 0.02876585 0.1415127 0.02778458 0.0263015 0.138328 0.02274221 0.02503418 0.1460558 0.02481883 0.01547008 0.1552261 0.02438491 0.01611822 0.1549636 0.02398544 0.01676416 0.1546618 0.02374196 0.01718693 0.1544422 0.02362072 0.01740747 0.1543205 0.02329188 0.01804751 0.1539394 0.02321928 0.01819854 0.1538434 0.02210581 0.0232166 0.1490613 0.0221399 0.02346515 0.1487151 0.02223765 0.02392035 0.1480379 0.02225196 0.02397203 0.1479571 0.0225321 0.01992189 0.1525743 0.02248126 0.02008497 0.1524369 0.02231723 0.02068316 0.1519052 0.02219438 0.02126413 0.1513441 0.0221759 0.02137136 0.1512354 0.02213305 0.02166163 0.1509323 0.02210241 0.0219357 0.1506342 0.02293193 0.0188418 0.1534075 0.022686 0.01947087 0.1529382 0.02207231 0.02247327 0.1500127 0.02208483 0.02298307 0.149373 0.02239698 0.02439284 0.147264 0.02258294 0.02477812 0.1465644 0.03373414 0.02767562 0.1419495 0.03445774 0.02710729 0.1419892 0.03070861 0.02026242 0.1550431 0.02730131 0.02639973 0.1387996 0.03499585 0.02648448 0.1421719 0.02817279 0.02785164 0.1403211 0.03286272 0.02816265 0.1420502 0.02850174 0.02820241 0.1406311 0.03155094 0.02869075 0.1418927 0.02885973 0.02848625 0.1409481 0.02924185 0.02869594 0.1412724 0.02963864 0.02883207 0.1416041 0.03188043 0.02854532 0.1422851 0.03004068 0.02889525 0.1419433 0.03381752 0.02736037 0.1424633 0.03439897 0.02675956 0.142566 0.02674162 0.02647864 0.1393884 0.03306239 0.02789252 0.1425065 0.0304386 0.02888607 0.1422901 0.03217226 0.02833032 0.1426905 0.03082293 0.02880501 0.1426444 0.02738124 0.02790576 0.1412243 0.02771633 0.02825415 0.1415296 0.03319817 0.02755624 0.142982 0.03381931 0.02698296 0.1430023 0.02808266 0.02853578 0.1418392 0.03118431 0.02865278 0.1430062 0.0284757 0.02874332 0.1421528 0.03241646 0.02804642 0.1431091 0.02620315 0.02651548 0.1400027 0.02888649 0.02887731 0.14247 0.02930599 0.02893817 0.1427906 0.03151327 0.02842986 0.1433756 0.02972519 0.02892649 0.1431143 0.03260332 0.02769434 0.1435414 0.03325968 0.02715474 0.1434774 0.03013503 0.02884274 0.1434407 0.03180044 0.02813684 0.1437528 0.02612519 0.02651733 0.140096 0.03052657 0.02868729 0.1437695 0.02664512 0.02786874 0.1421712 0.02568709 0.02650988 0.1406417 0.0251947 0.02646082 0.1413049 0.02408581 0.02614498 0.1430497 0.02426171 0.02621871 0.1427441 0.02468496 0.02635633 0.1420571 0.02514111 0.02645254 0.1413806 0.02280932 0.0251283 0.1458583 0.02303284 0.02539736 0.145255 0.02319246 0.02555698 0.1448641 0.0235151 0.0258193 0.1441476 0.02387195 0.02603983 0.1434405 0.02698564 0.02821588 0.1424714 0.02735936 0.02849656 0.142773 0.02776235 0.02870357 0.1430751 0.03272294 0.02727478 0.1439877 0.02818584 0.02883732 0.1433771 0.03089076 0.02846074 0.1441003 0.03203642 0.02777439 0.1441376 0.02862131 0.02889829 0.1436781 0.02906 0.02888685 0.1439775 0.03121852 0.02816355 0.1444328 0.02949339 0.02880352 0.1442745 0.03221178 0.02734297 0.1445302 0.02991271 0.02864867 0.1445686 0.03150093 0.0277962 0.1447668 0.03030943 0.02842277 0.1448587 0.02597314 0.02774173 0.1431499 0.02631807 0.02808856 0.143445 0.02669799 0.0283696 0.1437386 0.02710938 0.02857756 0.1440292 0.02754396 0.02871286 0.1443156 0.03067481 0.02812629 0.1451444 0.02799344 0.02877604 0.1445968 0.03172892 0.02735918 0.1451018 0.02844947 0.02876752 0.1448714 0.02890378 0.02868765 0.1451385 0.03100025 0.02775967 0.1454247 0.02934813 0.02853703 0.1453968 0.02977406 0.02831596 0.1456452 0.0292142 0.0237686 0.1525793 0.02933406 0.02323192 0.1530897 0.02950561 0.02267241 0.1535649 0.02972877 0.02209281 0.1540014 0.03000366 0.02149605 0.1543957 0.03033024 0.02088493 0.1547441 0.03127712 0.02732324 0.1456992 0.02913022 0.02476239 0.1514649 0.02914619 0.02427965 0.1520366 0.03017348 0.02802497 0.1458825 0.02537202 0.0275284 0.1441474 0.02572011 0.02787572 0.1444379 0.02610492 0.028158 0.1447241 0.02652317 0.02836805 0.1450037 0.02696692 0.02850639 0.1452752 0.0274282 0.02857363 0.1455369 0.0305379 0.02766448 0.1461076 0.02789908 0.02857017 0.1457872 0.02837151 0.02849656 0.1460245 0.02883756 0.02835333 0.1462471 0.03085917 0.02723497 0.1463192 0.0291664 0.02521407 0.1508675 0.02928924 0.0281409 0.1464534 0.02971851 0.02785986 0.1466419 0.03011751 0.02751064 0.1468109 0.02484732 0.02723348 0.1451511 0.02519744 0.02758163 0.1454383 0.02558559 0.02786558 0.1457183 0.0260089 0.02807849 0.1459882 0.03047811 0.02709382 0.1469587 0.02925491 0.0256319 0.1502473 0.02645987 0.02822095 0.1462459 0.02693063 0.02829355 0.1464894 0.02741366 0.02829694 0.1467164 0.02790117 0.02823179 0.1469249 0.02838546 0.0280987 0.1471126 0.0288589 0.02789831 0.1472776 0.0293138 0.02763122 0.1474177 0.02974241 0.02729803 0.1475306 0.03013712 0.02689939 0.1476144 0.02939623 0.02601271 0.1496078 0.02440202 0.02686381 0.1461493 0.02475285 0.0272125 0.1464349 0.02514284 0.027498 0.1467107 0.02556961 0.02771371 0.146973 0.02602571 0.02786046 0.1472191 0.02650368 0.02793908 0.1474464 0.02699613 0.0279504 0.1476522 0.02749568 0.02789527 0.1478337 0.02799481 0.02777445 0.1479882 0.02848619 0.02758884 0.1481131 0.02896231 0.02733922 0.1482057 0.02941578 0.02702641 0.1482633 0.02983921 0.02665132 0.1482832 0.0295909 0.02635359 0.148952 0.02309954 0.02546405 0.1449958 0.02304428 0.0254088 0.1451655 0.02304804 0.02541255 0.1451464 0.02403205 0.0264188 0.1471475 0.02438342 0.0267682 0.1474315 0.02477496 0.02705562 0.1477031 0.02520453 0.02727472 0.1479578 0.02566492 0.0274266 0.1481924 0.02614891 0.02751243 0.1484035 0.02664929 0.02753317 0.148588 0.02715885 0.02749007 0.1487424 0.02767026 0.0273841 0.1488638 0.02817642 0.02721637 0.1489487 0.02867007 0.02698796 0.1489938 0.02914398 0.02670001 0.148996 0.02893108 0.02632516 0.1497159 0.02844119 0.02658343 0.1497696 0.02793353 0.02678626 0.1497729 0.02741539 0.02693223 0.1497294 0.02689373 0.02701991 0.1496429 0.02637577 0.02704805 0.1495172 0.02586853 0.02701508 0.149356 0.02537912 0.02691984 0.1491631 0.02491468 0.02676075 0.1489423 0.02448225 0.02653658 0.1486973 0.02408897 0.02624583 0.1484319 0.02373683 0.02589446 0.1481513 0.028777 0.02590489 0.1504192 0.02827578 0.0261287 0.1505291 0.02775824 0.02630162 0.1505812 0.02723139 0.0264219 0.1505797 0.02670234 0.02648788 0.1505289 0.02617812 0.0264979 0.150433 0.02566576 0.02645015 0.1502962 0.02517229 0.02634304 0.1501228 0.02470481 0.02617484 0.149917 0.02868163 0.02544271 0.1511021 0.02427029 0.02594381 0.1496829 0.02387583 0.02564823 0.1494249 0.02352315 0.02529364 0.1491488 0.02817416 0.02562755 0.1512674 0.02765113 0.02576649 0.1513678 0.02711945 0.0258575 0.1514081 0.0286448 0.02494215 0.1517602 0.02658623 0.02589857 0.1513929 0.02605843 0.0258876 0.151327 0.02554321 0.02582257 0.151215 0.02813667 0.02508395 0.151979 0.02504754 0.02570146 0.1510614 0.02457845 0.02552217 0.150871 0.02414298 0.02528268 0.1506485 0.02374815 0.0249809 0.1503986 0.02339577 0.0246219 0.1501275 0.02761286 0.02518534 0.1521264 0.02866637 0.02440679 0.1523895 0.02708047 0.02524387 0.1522073 0.02654665 0.02525711 0.152227 0.02816307 0.02450221 0.1526592 0.02601844 0.02522265 0.1521904 0.02550297 0.02513813 0.1521026 0.02874624 0.02384006 0.1529859 0.02500718 0.02500104 0.1519686 0.0276435 0.02456295 0.1528511 0.02453833 0.024809 0.1517936 0.0241034 0.02455967 0.1515825 0.02370953 0.0242505 0.1513406 0.02335834 0.02388608 0.1510746 0.02711474 0.02458626 0.1529707 0.02825331 0.02388632 0.153303 0.02658408 0.02456939 0.1530235 0.02888405 0.02324533 0.1535454 0.02605861 0.02450942 0.1530148 0.02774274 0.02390414 0.1535364 0.02554553 0.02440357 0.1529501 0.02505207 0.02424907 0.1528347 0.02840691 0.0232405 0.1539058 0.02722185 0.02389025 0.153692 0.02458536 0.02404302 0.1526742 0.02907967 0.02262604 0.1540643 0.02415257 0.02378273 0.1524739 0.02376091 0.02346527 0.1522393 0.0234121 0.02309471 0.151978 0.02669799 0.0238415 0.1537754 0.02791011 0.0232138 0.154177 0.02617847 0.02375459 0.1537925 0.02933251 0.02198594 0.1545386 0.02862358 0.02256888 0.154463 0.02567058 0.02362632 0.1537488 0.02740114 0.02316147 0.154365 0.02518171 0.02345341 0.1536504 0.02471905 0.02323263 0.153503 0.02814495 0.02249681 0.1547675 0.02429008 0.02296078 0.1533122 0.02688759 0.02307993 0.1544759 0.02964133 0.02132934 0.1549645 0.02390193 0.02263462 0.1530839 0.02890205 0.02187621 0.1549703 0.02355659 0.02225756 0.1528263 0.02637696 0.02296537 0.1545159 0.02765166 0.02240562 0.1549839 0.03000605 0.02065968 0.155338 0.0258767 0.02281415 0.1544911 0.02844554 0.02175879 0.1553031 0.02924019 0.02116787 0.1554237 0.02539443 0.02262258 0.1544075 0.02715152 0.02229106 0.1551189 0.02493751 0.02238696 0.1542711 0.03042852 0.01997864 0.1556547 0.0245136 0.02210366 0.1540882 0.02413016 0.02176886 0.1538648 0.02665221 0.02214902 0.1551786 0.02378916 0.02138555 0.1536095 0.02797108 0.02162909 0.1555438 0.02963751 0.02044796 0.1558188 0.03077071 0.01966774 0.1556531 0.02880877 0.02100628 0.15578 0.02616155 0.02197527 0.1551696 0.0274868 0.02148228 0.1556988 0.02568733 0.02176564 0.1550982 0.03009682 0.01971751 0.1561509 0.02523738 0.0215159 0.1549708 0.02835547 0.02083927 0.1560403 0.02923357 0.02024382 0.1561934 0.02700084 0.0213136 0.1557748 0.02481937 0.02122187 0.1547937 0.02444112 0.02087938 0.1545733 0.0305497 0.01944673 0.1560645 0.02410489 0.02049058 0.1543189 0.02652126 0.0211184 0.1557786 0.02788895 0.02066153 0.1562114 0.02972322 0.01947242 0.1565386 0.02880328 0.0200414 0.1564691 0.02605617 0.02089184 0.1557167 0.03039193 0.01928901 0.1563137 0.02741765 0.02046769 0.1563004 0.02561372 0.02062922 0.1555957 0.03029894 0.01919603 0.1564456 0.02520209 0.02032583 0.1554224 0.02835559 0.01983475 0.1566525 0.02931737 0.01923674 0.156825 0.02482926 0.01997691 0.1552033 0.02695006 0.02025252 0.1563139 0.02449786 0.01958394 0.1549481 0.03006058 0.01895761 0.1567378 0.027318 0.01621508 0.1570158 0.02766484 0.01656186 0.1572214 0.02815341 0.01705044 0.1574068 0.02801054 0.01690763 0.1573655 0.0264948 0.02001059 0.1562588 0.02789956 0.01961791 0.156751 0.02888888 0.01900374 0.1570172 0.02606028 0.0197367 0.156142 0.02565503 0.01942545 0.1559704 0.02980661 0.01870363 0.1569851 0.02744412 0.01938492 0.1567714 0.02528762 0.01907157 0.1557508 0.02496087 0.01867586 0.1554932 0.0284475 0.01876688 0.1571222 0.02960354 0.01850062 0.1571409 0.02699834 0.01912987 0.1567208 0.02657115 0.01884692 0.1566061 0.02800279 0.01851946 0.1571471 0.02617156 0.01853001 0.1564345 0.0293278 0.01822483 0.1572993 0.02904367 0.01794075 0.1574047 0.02877581 0.01767283 0.157455 0.02846711 0.01736414 0.1574587 0.02580863 0.01817327 0.1562128 0.02548569 0.01777672 0.1559517 0.02756446 0.01825481 0.1570991 0.02714216 0.01796633 0.1569852 0.02674549 0.01764738 0.1568126 0.0286225 0.01766169 0.1574386 0.0281884 0.01739168 0.1573921 0.02638423 0.01729118 0.1565881 0.02606225 0.01689708 0.1563228 0.0277673 0.01710206 0.1572782 0.02736961 0.01678532 0.157104 0.02700591 0.01643395 0.1568767 0.02668106 0.01604616 0.1566071 0.03887283 -0.006148397 0.1363906 0.03906071 -0.006204426 0.1362292 0.03882676 -0.005960822 0.1362174 0.03864032 -0.005925536 0.1364024 0.03857511 -0.005738019 0.1362527 0.03826892 -0.006044209 0.1360027 0.03852057 -0.006267011 0.1359674 0.03856664 -0.006454586 0.1361406 0.03875452 -0.006510615 0.1359792 0.03927093 -0.006462454 0.1362877 0.03877818 -0.006695032 0.1361761 0.03896474 -0.006768643 0.1360377 0.03839355 -0.005726814 0.1364613 0.03831231 -0.005541741 0.1363341 0.03800612 -0.00584793 0.1360841 0.03833413 -0.006231725 0.1361525 0.03908437 -0.006388902 0.136426 0.03945201 -0.006728291 0.1363915 0.03896272 -0.006946325 0.1362578 0.03914582 -0.00703448 0.1361415 0.03813964 -0.005557835 0.1365653 0.03804522 -0.005377054 0.1364596 0.03773903 -0.005683243 0.1362096 0.03808736 -0.006032943 0.1362112 0.03926891 -0.006640136 0.1365078 0.03959923 -0.006995022 0.1365379 0.03911489 -0.007201075 0.1363834 0.03929305 -0.007301211 0.1362879 0.03788584 -0.005423545 0.1367117 0.03778064 -0.005248248 0.1366258 0.03747445 -0.005554437 0.1363759 0.03783345 -0.005864024 0.1363153 0.03942108 -0.006894886 0.1366334 0.03970879 -0.007255673 0.1367229 0.03923034 -0.007452011 0.1365494 0.0394026 -0.007561862 0.136473 0.03757965 -0.005729734 0.1364616 0.03763955 -0.005327761 0.136896 0.03752553 -0.005158662 0.1368286 0.03721934 -0.005464851 0.1365786 0.03953653 -0.007145881 0.1367994 0.03733336 -0.00563395 0.136646 0.03977781 -0.007503569 0.136942 0.0393058 -0.007691979 0.1367509 0.03947162 -0.007809758 0.1366921 0.03961199 -0.00738579 0.1370009 0.03740775 -0.005273222 0.1371132 0.03728646 -0.005110621 0.1370626 0.03698027 -0.00541681 0.1368126 0.03710156 -0.005579411 0.1368632 0.03980451 -0.007732272 0.1371894 0.039339 -0.007913947 0.1369821 0.03949832 -0.008038461 0.1369394 0.03964519 -0.007607758 0.1372321 0.03719711 -0.00526154 0.1373568 0.03706955 -0.005105376 0.1373217 0.03676342 -0.005411565 0.1370717 0.03689092 -0.005567729 0.1371068 0.0397883 -0.007935881 0.1374587 0.03932905 -0.008111655 0.1372364 0.03948211 -0.00824207 0.1372087 0.03963524 -0.007805466 0.1374864 0.03701376 -0.005293071 0.13762 0.03688055 -0.005143046 0.1375994 0.03657436 -0.005449235 0.1373493 0.03670758 -0.00559926 0.1373699 0.03972947 -0.008109092 0.1377428 0.03927618 -0.008279323 0.1375065 0.03942328 -0.008415281 0.1374928 0.03958237 -0.007973134 0.1377565 0.03686296 -0.005366861 0.1378951 0.03672432 -0.005222678 0.1378883 0.03641813 -0.005528807 0.1376382 0.03655678 -0.00567305 0.137645 0.03962957 -0.008247435 0.1380346 0.039182 -0.008412182 0.1377846 0.03932338 -0.008553624 0.1377846 0.03948819 -0.008105993 0.1380346 0.03674906 -0.005480825 0.1381741 0.03660482 -0.005342125 0.1381809 0.03629863 -0.005648314 0.1379309 0.03644287 -0.005787014 0.1379241 0.03904914 -0.008506417 0.1380627 0.0391851 -0.008653461 0.1380763 0.03935533 -0.008200228 0.1383126 0.03949123 -0.008347272 0.1383263 0.03667527 -0.005631625 0.1384492 0.03636908 -0.005937814 0.1381992 0.036219 -0.005804598 0.1382198 0.03652518 -0.005498409 0.1384698 0.03918761 -0.008253037 0.1385827 0.03931808 -0.008406102 0.1386105 0.03888148 -0.008559226 0.1383327 0.03901189 -0.008712291 0.1383605 0.03664374 -0.005814969 0.1387124 0.03633755 -0.006121158 0.1384623 0.03618139 -0.005993604 0.1384974 0.03648751 -0.005687415 0.1387474 0.03898996 -0.008262991 0.138837 0.03911447 -0.008422374 0.1388797 0.03868377 -0.00856918 0.1385871 0.03880828 -0.008728563 0.1386297 0.03665542 -0.006025552 0.138956 0.03634923 -0.006331741 0.138706 0.03618663 -0.006210446 0.1387566 0.03649282 -0.005904257 0.1390066 0.03876793 -0.008229792 0.1390683 0.03888577 -0.008395612 0.1391271 0.03846174 -0.008535981 0.1388183 0.03857958 -0.008701801 0.1388771 0.0367099 -0.006257355 0.1391731 0.03640371 -0.006563544 0.1389231 0.03623467 -0.00644952 0.1389906 0.03654086 -0.006143391 0.1392406 0.03852802 -0.008154392 0.1392698 0.03863787 -0.00832659 0.1393462 0.03822183 -0.008460581 0.1390198 0.03833168 -0.008632779 0.1390962 0.03680568 -0.006503701 0.1393575 0.0364995 -0.00680989 0.1391075 0.03632426 -0.006704688 0.1391933 0.03663039 -0.006398499 0.1394433 0.03827708 -0.008038938 0.1394357 0.03837716 -0.008217096 0.1395313 0.0379709 -0.008345127 0.1391857 0.03807097 -0.008523225 0.1392813 0.03693997 -0.006757497 0.1395038 0.03663378 -0.007063686 0.1392539 0.036453 -0.006969213 0.1393596 0.03802227 -0.007886767 0.1395614 0.03811049 -0.008069872 0.1396777 0.03771609 -0.008192956 0.1393114 0.03675919 -0.006663024 0.1396096 0.03710895 -0.007011413 0.1396079 0.03680276 -0.007317602 0.1393579 0.03661769 -0.007236361 0.1394851 0.0378043 -0.008376061 0.1394276 0.03777104 -0.007702231 0.1396431 0.03784465 -0.007888793 0.1397814 0.03746485 -0.00800842 0.1393931 0.03692388 -0.006930172 0.1397351 0.03730773 -0.007258176 0.1396667 0.03700155 -0.007564365 0.1394167 0.03681397 -0.007499098 0.1395665 0.03753054 -0.007490694 0.1396785 0.03758662 -0.007678508 0.13984 0.03753846 -0.008194983 0.1395314 0.03722435 -0.007796823 0.1394286 0.03712016 -0.007192909 0.1398165 0.03703683 -0.007750749 0.1396018 0.03734302 -0.00744456 0.1398518 0.03728044 -0.007984697 0.13959 0.03843396 -0.006416082 0.1372559 0.03862452 -0.006470203 0.1370889 0.03850191 -0.006342589 0.1370827 0.03831326 -0.006310641 0.1372747 0.03837013 -0.006225883 0.1371012 0.03806394 -0.006532073 0.1368512 0.03819572 -0.006648778 0.1368327 0.03812777 -0.006722271 0.1370059 0.03823924 -0.006838798 0.1370122 0.03831833 -0.006776392 0.1368389 0.03854542 -0.006532609 0.1372622 0.03873461 -0.006605327 0.1371195 0.03833776 -0.006962716 0.1370433 0.03842842 -0.006911516 0.1368696 0.03818714 -0.006219804 0.1373179 0.0382325 -0.006123065 0.1371439 0.03792631 -0.006429255 0.1368939 0.03800708 -0.00661683 0.1370247 0.03864395 -0.006656527 0.1372933 0.03882944 -0.006744563 0.1371739 0.03842025 -0.007090032 0.1370982 0.03852325 -0.007050752 0.1369239 0.03805965 -0.006146371 0.1373841 0.03809255 -0.006036758 0.1372096 0.03778636 -0.006342947 0.1369596 0.03788095 -0.006525993 0.1370679 0.03872644 -0.006783843 0.1373482 0.03890657 -0.006884276 0.1372506 0.03848403 -0.007216691 0.1371752 0.03860038 -0.007190465 0.1370006 0.03793489 -0.006092727 0.1374712 0.03795397 -0.005969345 0.1372967 0.03764778 -0.006275534 0.1370466 0.03775346 -0.00645256 0.1371341 0.03879022 -0.006910502 0.1374252 0.03896397 -0.007020831 0.1373475 0.03865778 -0.00732702 0.1370975 0.03782033 -0.005922377 0.1374028 0.03751415 -0.006228566 0.1371529 0.03762871 -0.006398916 0.1372212 0.03883326 -0.007032394 0.1375218 0.03900009 -0.007150709 0.1374623 0.03852707 -0.007338583 0.1372718 0.03869396 -0.007456898 0.1372123 0.03781682 -0.0060606 0.1375765 0.0376951 -0.005897223 0.1375254 0.03738892 -0.006203413 0.1372754 0.03751063 -0.006366789 0.1373264 0.0390141 -0.007270514 0.1375918 0.03854799 -0.007451772 0.1373848 0.03870797 -0.007576704 0.1373419 0.03885418 -0.007145583 0.1376348 0.03770935 -0.006051063 0.1376964 0.0375815 -0.005894482 0.1376612 0.03727537 -0.006200671 0.1374112 0.03740316 -0.006357252 0.1374464 0.03900563 -0.007377147 0.1377329 0.03854608 -0.007552683 0.1375107 0.03869944 -0.007683336 0.1374829 0.03885227 -0.007246494 0.1377607 0.03761583 -0.006064414 0.1378272 0.0374825 -0.005914211 0.1378066 0.03717631 -0.0062204 0.1375566 0.03730964 -0.006370544 0.1375772 0.03897482 -0.007467865 0.1378818 0.03852146 -0.007638037 0.1376454 0.03866863 -0.007774055 0.1376318 0.03882765 -0.007331848 0.1378954 0.03753936 -0.006100118 0.1379647 0.03740066 -0.005955934 0.1379579 0.03709447 -0.006262123 0.1377079 0.03723317 -0.006406307 0.1377147 0.03892248 -0.007540345 0.1380346 0.03847485 -0.007705092 0.1377846 0.03861629 -0.007846474 0.1377846 0.03878104 -0.007398903 0.1380346 0.03748232 -0.006157159 0.1381044 0.03733807 -0.006018519 0.1381112 0.03703188 -0.006324708 0.1378613 0.03717613 -0.006463348 0.1378545 0.03840786 -0.007751643 0.1379237 0.03854382 -0.007898807 0.1379374 0.03871405 -0.007445514 0.1381738 0.03885 -0.007592618 0.1381874 0.03744655 -0.006233692 0.138242 0.03714036 -0.006539881 0.1379919 0.03699016 -0.006406545 0.1380125 0.03729635 -0.006100356 0.1382626 0.03862869 -0.00747013 0.1383085 0.03875929 -0.007623434 0.1383363 0.0383225 -0.007776319 0.1380584 0.0384531 -0.007929623 0.1380863 0.0374332 -0.006327211 0.1383727 0.03712707 -0.0066334 0.1381227 0.03697049 -0.006505548 0.138158 0.03727662 -0.006199359 0.138408 0.03852778 -0.007472038 0.1384344 0.03865265 -0.007631957 0.1384773 0.03822159 -0.007778227 0.1381843 0.03834646 -0.007938146 0.1382273 0.0374428 -0.006434679 0.1384927 0.03713661 -0.006740868 0.1382427 0.03697323 -0.006619155 0.1382938 0.03727942 -0.006312966 0.1385437 0.03841453 -0.007451117 0.1385474 0.03853285 -0.00761795 0.1386069 0.0381084 -0.007757306 0.1382974 0.03822666 -0.007924139 0.1383569 0.03730458 -0.006438195 0.1386663 0.03747487 -0.006552696 0.1385979 0.03716868 -0.006858885 0.1383479 0.03699839 -0.006744384 0.1384163 0.0382927 -0.007408082 0.1386439 0.03840297 -0.00758177 0.1387216 0.03809678 -0.007887959 0.1384716 0.03798651 -0.007714271 0.1383939 0.03735148 -0.006571829 0.1387725 0.03752851 -0.006677448 0.1386851 0.03722232 -0.006983637 0.1384351 0.03711277 -0.007016599 0.1386096 0.0370453 -0.006878018 0.1385225 0.03816604 -0.007344245 0.1387209 0.03812676 -0.007447302 0.1388952 0.03826647 -0.00752443 0.1388186 0.03796029 -0.007830619 0.1385686 0.03785985 -0.007650434 0.138471 0.03741896 -0.00671041 0.1388596 0.03760194 -0.006804943 0.1387513 0.03729575 -0.007111132 0.1385013 0.03719902 -0.007156491 0.1386753 0.03803873 -0.007261753 0.1387758 0.03798753 -0.007352471 0.1389496 0.03782057 -0.007753491 0.1386452 0.03773254 -0.007567942 0.1385259 0.0375052 -0.006850302 0.1389253 0.03769284 -0.006931126 0.1387944 0.03738665 -0.007237315 0.1385444 0.03730183 -0.007294178 0.138718 0.03791475 -0.007163226 0.1388069 0.03785234 -0.007242321 0.1389803 0.03768134 -0.00765866 0.1386996 0.03760856 -0.007469415 0.138557 0.03760802 -0.006987988 0.1389679 0.03779822 -0.007051825 0.1388132 0.03749203 -0.007358014 0.1385632 0.03741854 -0.007425963 0.1387364 0.03772473 -0.007119774 0.1389864 0.03754615 -0.007548511 0.1387302 0.05979716 -0.02566671 0.1346686 0.06043922 -0.02617907 0.1345098 0.05998241 -0.02570348 0.1344867 0.05931043 -0.02525496 0.1347604 0.05949115 -0.02526843 0.1345556 0.05918496 -0.02557462 0.1343056 0.05967622 -0.02600967 0.1342368 0.05949097 -0.0259729 0.1344186 0.05994647 -0.02642834 0.1344186 0.06013303 -0.02648526 0.1342598 0.06025266 -0.02612221 0.1346686 0.06084966 -0.02668285 0.1346241 0.06035822 -0.02691507 0.1345104 0.06054353 -0.02698904 0.134374 0.0588057 -0.02489811 0.1349415 0.05897808 -0.02488517 0.1347146 0.05867189 -0.02519136 0.1344646 0.05900424 -0.02556115 0.1345104 0.06066441 -0.02660894 0.1347604 0.06120324 -0.02720183 0.1348267 0.06071507 -0.0274198 0.1346915 0.06089705 -0.02750802 0.1345767 0.05829679 -0.02460592 0.1352071 0.05845654 -0.02456367 0.1349596 0.05815035 -0.02486985 0.1347096 0.05849951 -0.0252043 0.1346915 0.06102126 -0.02711361 0.1349415 0.06149065 -0.02772253 0.1351124 0.06100726 -0.02792876 0.134957 0.06118446 -0.02802872 0.1348624 0.05799061 -0.02491211 0.134957 0.06131345 -0.02762258 0.1352071 0.05779749 -0.0243864 0.1355497 0.05794006 -0.02431219 0.1352842 0.05763387 -0.02461838 0.1350342 0.06170451 -0.0282315 0.1354738 0.06122678 -0.02842807 0.1352997 0.06139832 -0.02853763 0.1352238 0.0574913 -0.02469259 0.1352997 0.06153297 -0.02812188 0.1355497 0.05732142 -0.02424544 0.1359601 0.05744194 -0.02413731 0.13568 0.05713576 -0.0244435 0.13543 0.06183928 -0.02871549 0.1359015 0.06136769 -0.02890408 0.1357101 0.06153309 -0.02902168 0.1356515 0.05701524 -0.02455163 0.1357101 0.06167387 -0.02859789 0.1359601 0.05688166 -0.02418702 0.1364271 0.05697518 -0.02404356 0.1361368 0.05666899 -0.02434974 0.1358869 0.06189149 -0.02916198 0.1363845 0.06142616 -0.02934384 0.1361771 0.0615853 -0.02946817 0.1361345 0.05657547 -0.02449315 0.1361771 0.06173235 -0.02903765 0.1364271 0.05649018 -0.02421259 0.1369379 0.05655181 -0.02403324 0.1366428 0.05624562 -0.02433943 0.1363928 0.06185972 -0.02955949 0.1369102 0.06140059 -0.02973538 0.1366879 0.06155353 -0.02986568 0.1366602 0.05618399 -0.02451878 0.1366879 0.06170678 -0.02942919 0.1369379 0.05615758 -0.02432155 0.1374787 0.0561828 -0.0241068 0.1371848 0.05587661 -0.02441298 0.1369348 0.06174486 -0.02989768 0.137465 0.06129163 -0.03006792 0.1372287 0.06143867 -0.03020387 0.137215 0.05585145 -0.02462774 0.1372287 0.06159782 -0.02976173 0.1374787 0.05587768 -0.02426224 0.1377488 0.05589306 -0.02451086 0.1380346 0.05557149 -0.02456837 0.1374989 0.0615499 -0.03016775 0.1380346 0.06110227 -0.0303325 0.1377846 0.06124371 -0.03047394 0.1377846 0.05558687 -0.02481704 0.1377846 0.06140846 -0.03002631 0.1380346 0.05564439 -0.02449548 0.1383203 0.0553382 -0.02480167 0.1380703 0.06083774 -0.03052186 0.1383405 0.06097364 -0.03066891 0.1383541 0.06114393 -0.03021568 0.1385905 0.06127983 -0.03036272 0.1386042 0.05570369 -0.02477544 0.1385905 0.05539751 -0.02508163 0.1383405 0.05518275 -0.02510678 0.1386343 0.05548894 -0.02480059 0.1388843 0.05559474 -0.02510803 0.1391313 0.05528855 -0.02541422 0.1388813 0.06081134 -0.03032463 0.1391313 0.06094169 -0.03047758 0.139159 0.05510926 -0.0254758 0.1391763 0.06050515 -0.03063082 0.1388813 0.0606355 -0.03078377 0.138909 0.05541545 -0.02516961 0.1394264 0.05556917 -0.02549952 0.1396421 0.05526298 -0.02580571 0.1393921 0.06041985 -0.0303502 0.1396421 0.06054419 -0.03050929 0.1396847 0.05511951 -0.02589923 0.1396823 0.06011366 -0.03065639 0.1393921 0.060238 -0.03081548 0.1394346 0.0554257 -0.02559304 0.1399323 0.05562764 -0.02593928 0.1401091 0.05532145 -0.02624547 0.1398591 0.05998009 -0.03029173 0.1401091 0.06009763 -0.03045713 0.1401677 0.05521333 -0.02636599 0.1401391 0.0596739 -0.03059792 0.1398591 0.05979144 -0.03076332 0.1399176 0.05551946 -0.0260598 0.1403892 0.05576854 -0.02641528 0.1405195 0.05546236 -0.02672147 0.1402695 0.05950403 -0.03015083 0.1405195 0.05961364 -0.03032231 0.1405953 0.05538821 -0.02686411 0.1405349 0.05919784 -0.03045701 0.1402695 0.05930745 -0.0306285 0.1403453 0.0556944 -0.02655792 0.140785 0.05598813 -0.02691459 0.1408621 0.05568194 -0.02722078 0.1406121 0.05900478 -0.02993124 0.1408621 0.05910468 -0.03010845 0.1409568 0.05563962 -0.02738058 0.1408596 0.05869859 -0.03023743 0.1406121 0.05879849 -0.03041464 0.1407067 0.05594581 -0.02707439 0.1411096 0.05628025 -0.02742356 0.1411276 0.05597406 -0.02772974 0.1408776 0.05849581 -0.02963906 0.1411276 0.05858397 -0.02982103 0.1412425 0.05596113 -0.02790212 0.1411045 0.05818963 -0.02994525 0.1408776 0.05827778 -0.03012722 0.1409925 0.05626732 -0.02759593 0.1413546 0.0566371 -0.02792829 0.1413087 0.05633091 -0.02823448 0.1410588 0.05799108 -0.02928227 0.1413087 0.05806499 -0.02946752 0.1414451 0.05634438 -0.02841514 0.1412635 0.05768489 -0.02958846 0.1410588 0.0577588 -0.02977371 0.1411951 0.05665057 -0.02810895 0.1415135 0.05704891 -0.02841502 0.1414005 0.05674272 -0.02872121 0.1411505 0.05750435 -0.02887046 0.1414005 0.05756121 -0.02905702 0.1415594 0.05677944 -0.02890646 0.1413324 0.05719816 -0.02917665 0.1411505 0.05708563 -0.02860027 0.1415824 0.05725502 -0.02936321 0.1413094 0.0591464 -0.02643162 0.1364024 0.05937892 -0.02665448 0.1363906 0.05933284 -0.02646696 0.1362174 0.05908119 -0.0262441 0.1362527 0.05956679 -0.02671056 0.1362292 0.058775 -0.02655029 0.1360027 0.05902665 -0.02677315 0.1359674 0.05907273 -0.02696067 0.1361406 0.0592606 -0.02701669 0.1359792 0.05977702 -0.02696859 0.1362877 0.05928432 -0.02720117 0.1361761 0.05947083 -0.02727478 0.1360377 0.05889964 -0.02623289 0.1364613 0.05881839 -0.02604782 0.1363341 0.05851221 -0.02635401 0.1360841 0.05884021 -0.0267378 0.1361525 0.05959045 -0.02689498 0.136426 0.0599581 -0.02723437 0.1363915 0.0594688 -0.0274524 0.1362578 0.05965191 -0.02754056 0.1361415 0.05864572 -0.02606391 0.1365653 0.05855131 -0.02588313 0.1364596 0.05824512 -0.02618932 0.1362096 0.05859345 -0.02653908 0.1362112 0.05977499 -0.02714622 0.1365078 0.06010532 -0.0275011 0.1365379 0.05962097 -0.02770715 0.1363834 0.05979913 -0.02780729 0.1362879 0.05839198 -0.02592962 0.1367117 0.05828672 -0.02575433 0.1366258 0.05798053 -0.02606052 0.1363759 0.05833953 -0.0263701 0.1363153 0.05992716 -0.02740097 0.1366334 0.06021487 -0.02776175 0.1367229 0.05973649 -0.02795815 0.1365494 0.05990868 -0.02806794 0.136473 0.05808579 -0.02623581 0.1364616 0.05814564 -0.02583384 0.136896 0.05803161 -0.02566474 0.1368286 0.05772542 -0.02597093 0.1365786 0.06004261 -0.02765196 0.1367994 0.05783945 -0.02614003 0.136646 0.06028389 -0.02800971 0.136942 0.05981189 -0.02819806 0.1367509 0.05997771 -0.02831584 0.1366921 0.06011807 -0.02789187 0.1370009 0.05791383 -0.0257793 0.1371132 0.05779254 -0.02561676 0.1370626 0.05748635 -0.02592295 0.1368126 0.05760765 -0.02608549 0.1368632 0.06031066 -0.02823841 0.1371894 0.05984508 -0.02842009 0.1369821 0.06000447 -0.0285446 0.1369394 0.06015127 -0.0281139 0.1372321 0.05770319 -0.02576768 0.1373568 0.0575757 -0.02561146 0.1373217 0.05726951 -0.02591764 0.1370717 0.057397 -0.02607387 0.1371068 0.06029438 -0.02844196 0.1374587 0.05983513 -0.02861773 0.1372364 0.0599882 -0.02874815 0.1372087 0.06014132 -0.02831155 0.1374864 0.05751985 -0.02579915 0.13762 0.05738669 -0.02564913 0.1375994 0.0570805 -0.02595531 0.1373493 0.05721366 -0.02610534 0.1373699 0.06023555 -0.02861517 0.1377428 0.05978226 -0.02878546 0.1375065 0.05992937 -0.02892136 0.1374928 0.06008845 -0.02847927 0.1377565 0.05736905 -0.02587294 0.1378951 0.05723041 -0.02572876 0.1378883 0.05692422 -0.02603495 0.1376382 0.05706286 -0.02617913 0.137645 0.06013566 -0.02875351 0.1380346 0.05968809 -0.02891826 0.1377846 0.05982947 -0.0290597 0.1377846 0.05999428 -0.02861207 0.1380346 0.05725514 -0.0259869 0.1381741 0.0571109 -0.0258482 0.1381809 0.05680471 -0.02615439 0.1379309 0.05694895 -0.02629309 0.1379241 0.05955523 -0.0290125 0.1380627 0.05969119 -0.0291596 0.1380763 0.05986142 -0.02870631 0.1383126 0.05999737 -0.02885341 0.1383263 0.05718135 -0.0261377 0.1384492 0.05687516 -0.02644389 0.1381992 0.05672514 -0.02631068 0.1382198 0.05703133 -0.02600449 0.1384698 0.05969375 -0.02875912 0.1385827 0.05982416 -0.02891224 0.1386105 0.05938756 -0.02906531 0.1383327 0.05951797 -0.02921837 0.1383605 0.05714982 -0.02632105 0.1387124 0.05684363 -0.02662724 0.1384623 0.05668747 -0.02649968 0.1384974 0.05699366 -0.02619349 0.1387474 0.05949604 -0.02876913 0.138837 0.05962055 -0.02892845 0.1388797 0.05918985 -0.02907526 0.1385871 0.05931437 -0.02923464 0.1386297 0.0571615 -0.02653163 0.138956 0.05685532 -0.02683782 0.138706 0.05669271 -0.02671658 0.1387566 0.0569989 -0.0264104 0.1390066 0.05927407 -0.02873587 0.1390683 0.05939185 -0.02890175 0.1391271 0.05896788 -0.02904206 0.1388183 0.05908566 -0.02920794 0.1388771 0.05721598 -0.02676343 0.1391731 0.05690979 -0.02706962 0.1389231 0.05674076 -0.02695566 0.1389906 0.05704694 -0.02664947 0.1392406 0.0590341 -0.02866047 0.1392698 0.05914396 -0.02883273 0.1393462 0.05872792 -0.02896666 0.1390198 0.05883777 -0.02913892 0.1390962 0.05731177 -0.02700978 0.1393575 0.05700558 -0.02731597 0.1391075 0.05683034 -0.02721077 0.1391933 0.05713653 -0.02690458 0.1394433 0.05878317 -0.02854502 0.1394357 0.05888324 -0.02872318 0.1395313 0.05847698 -0.02885121 0.1391857 0.05857706 -0.02902936 0.1392813 0.05744606 -0.02726358 0.1395038 0.05713993 -0.02756977 0.1392539 0.05695915 -0.02747529 0.1393596 0.05852836 -0.02839285 0.1395614 0.05861657 -0.02857595 0.1396777 0.05822217 -0.02869904 0.1393114 0.05726528 -0.0271691 0.1396096 0.05761504 -0.02751749 0.1396079 0.05730885 -0.02782368 0.1393579 0.05712378 -0.02774244 0.1394851 0.05831038 -0.02888214 0.1394276 0.05827713 -0.02820831 0.1396431 0.05835074 -0.02839487 0.1397814 0.05797094 -0.0285145 0.1393931 0.05742996 -0.02743625 0.1397351 0.05781382 -0.02776426 0.1396667 0.05750763 -0.02807044 0.1394167 0.05732011 -0.02800524 0.1395665 0.05803662 -0.02799677 0.1396785 0.05809271 -0.02818465 0.13984 0.05804455 -0.02870106 0.1395314 0.05773043 -0.02830296 0.1394286 0.0576263 -0.02769905 0.1398165 0.05754292 -0.02825683 0.1396018 0.0578491 -0.02795064 0.1398518 0.05778652 -0.02849084 0.13959 0.05894011 -0.02692216 0.1372559 0.0591306 -0.02697628 0.1370889 0.05900806 -0.02684867 0.1370827 0.05881935 -0.02681678 0.1372747 0.05887621 -0.02673196 0.1371012 0.05857002 -0.02703815 0.1368512 0.05870187 -0.02715486 0.1368327 0.05863392 -0.02722835 0.1370059 0.05874532 -0.02734488 0.1370122 0.05882441 -0.02728247 0.1368389 0.05905151 -0.02703869 0.1372622 0.05924069 -0.02711147 0.1371195 0.05884385 -0.0274688 0.1370433 0.0589345 -0.02741765 0.1368696 0.05869323 -0.02672588 0.1373178 0.05873858 -0.02662914 0.1371439 0.0584324 -0.02693533 0.1368939 0.05851316 -0.02712297 0.1370247 0.05915004 -0.02716261 0.1372933 0.05933558 -0.0272507 0.1371739 0.05892634 -0.02759617 0.1370982 0.0590294 -0.02755689 0.1369239 0.05856573 -0.02665245 0.1373841 0.05859863 -0.0265429 0.1372096 0.05829244 -0.02684909 0.1369596 0.05838704 -0.02703207 0.1370679 0.05923253 -0.02728998 0.1373482 0.05941265 -0.02739036 0.1372506 0.05899012 -0.02772277 0.1371752 0.05910646 -0.02769654 0.1370006 0.05844098 -0.02659881 0.1374712 0.05846011 -0.02647542 0.1372967 0.05815392 -0.02678161 0.1370466 0.05825954 -0.02695864 0.1371341 0.0592963 -0.02741658 0.1374252 0.05947005 -0.02752691 0.1373475 0.05916386 -0.0278331 0.1370975 0.05832648 -0.02642852 0.1374028 0.05802029 -0.0267347 0.1371529 0.05813479 -0.026905 0.1372212 0.05933934 -0.02753847 0.1375218 0.05950623 -0.02765679 0.1374623 0.05903321 -0.02784466 0.1372718 0.05920004 -0.02796298 0.1372123 0.05832296 -0.02656674 0.1375765 0.05820119 -0.02640336 0.1375254 0.057895 -0.02670949 0.1372754 0.05801677 -0.02687293 0.1373264 0.05952024 -0.02777659 0.1375918 0.05905407 -0.02795791 0.1373848 0.05921405 -0.02808278 0.1373419 0.05936026 -0.02765172 0.1376348 0.05821543 -0.02655714 0.1376964 0.05808764 -0.02640056 0.1376612 0.05778145 -0.02670675 0.1374112 0.05790925 -0.02686333 0.1374464 0.05951172 -0.02788323 0.1377329 0.05905222 -0.02805876 0.1375107 0.05920553 -0.02818942 0.1374829 0.05935835 -0.02775263 0.1377607 0.05812197 -0.02657049 0.1378272 0.05798864 -0.02642029 0.1378066 0.05768245 -0.02672648 0.1375566 0.05781579 -0.02687668 0.1375772 0.0594809 -0.02797394 0.1378818 0.05902755 -0.02814412 0.1376454 0.05917471 -0.02828013 0.1376318 0.05933374 -0.02783793 0.1378954 0.05804544 -0.02660626 0.1379647 0.05790674 -0.02646201 0.1379579 0.05760055 -0.0267682 0.1377079 0.05773925 -0.02691245 0.1377147 0.05942857 -0.02804642 0.1380346 0.058981 -0.02821117 0.1377846 0.05912238 -0.02835261 0.1377846 0.05928719 -0.02790498 0.1380346 0.0579884 -0.0266633 0.1381044 0.05784416 -0.0265246 0.1381112 0.05753797 -0.02683079 0.1378612 0.05768221 -0.02696949 0.1378545 0.05891394 -0.02825778 0.1379237 0.05904996 -0.02840489 0.1379374 0.05922013 -0.02795159 0.1381738 0.05935609 -0.0280987 0.1381874 0.05795264 -0.02673977 0.138242 0.05764645 -0.02704596 0.1379919 0.0574963 -0.02691262 0.1380125 0.05780249 -0.02660644 0.1382626 0.05913478 -0.02797621 0.1383085 0.05926537 -0.02812951 0.1383363 0.05882859 -0.0282824 0.1380584 0.05895918 -0.0284357 0.1380863 0.05793935 -0.02683329 0.1383727 0.05763316 -0.02713948 0.1381227 0.05747658 -0.02701163 0.138158 0.05778276 -0.02670544 0.138408 0.05903387 -0.02797812 0.1384344 0.05915874 -0.02813804 0.1384773 0.05872768 -0.02828431 0.1381843 0.05885255 -0.02844423 0.1382273 0.05794888 -0.02694076 0.1384927 0.05764269 -0.02724695 0.1382427 0.05747932 -0.02712523 0.1382938 0.05778551 -0.02681905 0.1385437 0.05892068 -0.0279572 0.1385474 0.05903893 -0.02812403 0.1386069 0.05861449 -0.02826339 0.1382974 0.05873274 -0.02843022 0.1383569 0.05781066 -0.02694427 0.1386663 0.05798095 -0.02705878 0.1385979 0.05767482 -0.02736496 0.1383479 0.05750447 -0.02725046 0.1384163 0.05879878 -0.02791416 0.1386439 0.05890911 -0.02808791 0.1387216 0.05860292 -0.0283941 0.1384716 0.0584926 -0.02822035 0.1383939 0.05785757 -0.02707791 0.1387725 0.05803459 -0.02718359 0.1386851 0.0577284 -0.02748978 0.1384351 0.05761885 -0.02752268 0.1386096 0.05755138 -0.0273841 0.1385225 0.05867213 -0.02785038 0.1387209 0.05863285 -0.02795338 0.1388952 0.05877256 -0.02803051 0.1388186 0.05846637 -0.0283367 0.1385686 0.05836594 -0.02815657 0.138471 0.05792504 -0.02721649 0.1388596 0.05810803 -0.02731108 0.1387513 0.05780184 -0.02761727 0.1385013 0.0577051 -0.02766257 0.1386753 0.05854481 -0.02776789 0.1387758 0.05849361 -0.02785855 0.1389496 0.05832666 -0.02825957 0.1386452 0.05823862 -0.02807408 0.1385259 0.05801129 -0.02735644 0.1389253 0.05819892 -0.02743721 0.1387944 0.05789273 -0.02774339 0.1385444 0.05780792 -0.02780026 0.138718 0.05842089 -0.02766937 0.1388069 0.05835843 -0.0277484 0.1389803 0.05818742 -0.02816474 0.1386996 0.0581147 -0.02797549 0.138557 0.05811411 -0.02749407 0.1389679 0.0583043 -0.0275579 0.1388132 0.05799812 -0.02786409 0.1385632 0.05792468 -0.02793204 0.1387364 0.05823087 -0.02762585 0.1389864 0.05805224 -0.02805459 0.1387302 0.05457055 0.005920231 0.1354838 0.06148505 3.14385e-4 0.1362209 0.058959 0.001531839 0.1354838 0.06729853 -0.006807625 0.1354838 0.04148769 0.01060587 0.1457683 0.07276302 -0.02022743 0.145227 0.04828029 0.01221048 0.1354839 0.04449111 0.01733595 0.136187 0.04132592 0.01109117 0.1453721 0.07850664 -0.01667952 0.136187 0.07168692 -0.01119601 0.1354838 0.07607525 -0.01558452 0.135484 0.04199004 0.01850062 0.135484 0.08046364 -0.01997298 0.135484 0.04019427 0.02164554 0.1361714 0.04039192 0.02009868 0.1354841 0.0409432 0.01159232 0.145227 0.08281618 -0.02097636 0.1361714 0.08199483 -0.02150422 0.1354842 0.07314574 -0.02072858 0.1453721 0.03759795 0.02288877 0.1354889 0.04044204 0.01197504 0.1453721 0.08330923 -0.0228188 0.1354843 0.07330751 -0.02121388 0.1457683 0.04038083 0.01191383 0.1453221 0.04026621 0.02010178 0.1354343 0.03938764 0.02098041 0.1354343 0.03989553 0.0120756 0.1457183 0.03937923 0.02098858 0.1354345 0.03930485 0.02087926 0.1353592 0.04273581 0.01763218 0.1354343 0.03885489 0.02035087 0.1349598 0.03902977 0.02055704 0.1351153 0.03730124 0.0183919 0.1335257 0.03748381 0.01863437 0.1336992 0.03549116 0.01581335 0.1317341 0.03629195 0.01700323 0.1325468 0.03706079 0.01806795 0.1332954 0.03785294 0.01911479 0.1340461 0.03867596 0.02013719 0.1347995 0.04005235 0.01707005 0.1341093 0.03972566 0.01727366 0.134059 0.03936344 0.01729971 0.1339218 0.03906279 0.0171411 0.1337342 0.04485714 0.01551085 0.1354343 0.04025602 0.01674336 0.134059 0.03595381 0.01085013 0.1298968 0.04012346 0.01608043 0.1337342 0.04028201 0.01638114 0.1339218 0.04237735 0.01462203 0.134059 0.04217368 0.01494872 0.1341093 0.04184699 0.01515233 0.134059 0.04148477 0.01517838 0.1339218 0.04118406 0.01501977 0.1337342 0.04088199 0.01153111 0.145177 0.04126471 0.01102995 0.1453221 0.05005478 0.00147432 0.1462596 0.04697847 0.01338952 0.1354343 0.04449868 0.0125007 0.134059 0.04429501 0.01282739 0.1341093 0.04396831 0.01303106 0.134059 0.0436061 0.01305705 0.1339218 0.04330539 0.01289844 0.1337342 0.03807514 0.008728802 0.1298968 0.04224473 0.0139591 0.1337342 0.04240334 0.01425981 0.1339218 0.0490998 0.01126819 0.1354343 0.04641634 0.01070606 0.1341093 0.04608964 0.01090973 0.134059 0.04572743 0.01093572 0.1339218 0.04542672 0.01077711 0.1337342 0.04019641 0.006607532 0.1298968 0.04436606 0.01183778 0.1337342 0.04452466 0.01213848 0.1339218 0.05122113 0.009146869 0.1354343 0.04853767 0.008584737 0.1341093 0.04821097 0.008788406 0.134059 0.04784876 0.008814394 0.1339218 0.04754805 0.008655786 0.1337342 0.04231774 0.004486203 0.1298968 0.04661995 0.01037937 0.134059 0.04648739 0.009716451 0.1337342 0.04664599 0.01001715 0.1339218 0.05334246 0.007025539 0.1354343 0.050659 0.006463468 0.1341093 0.0503323 0.006667077 0.134059 0.04997009 0.006693065 0.1339218 0.04966938 0.006534516 0.1337342 0.04443907 0.002364873 0.1298968 0.04874128 0.008258044 0.134059 0.04860872 0.007595181 0.1337342 0.04876732 0.007895827 0.1339218 0.05012553 0.001403629 0.1462596 0.05790555 0.002462446 0.1354343 0.05490159 0.002220809 0.1341093 0.05179071 0.004413187 0.1337342 0.0465604 2.43574e-4 0.1298968 0.05209136 0.004571735 0.1339218 0.05298393 0.004015445 0.134059 0.05278033 0.004342138 0.1341093 0.05245363 0.004545748 0.134059 0.0545749 0.002424418 0.134059 0.05421268 0.002450466 0.1339218 0.05086261 0.006136715 0.134059 0.05073004 0.005473852 0.1337342 0.05088859 0.005774497 0.1339218 0.05348616 -0.001956939 0.1462596 0.05510526 0.001894116 0.134059 0.05129843 -0.002442955 0.1307343 0.05497264 0.001231193 0.1337342 0.05513125 0.001531898 0.1339218 0.05423134 -0.001211762 0.1324343 0.05226141 -0.003181636 0.1452596 0.05232262 -0.003120422 0.1453096 0.05952918 -0.007999956 0.1462596 0.06278187 -0.01125264 0.1462596 0.06363314 -0.003265082 0.1354343 0.05921369 -0.007684469 0.1462596 0.06285262 -0.01132339 0.1462596 0.07171535 -0.01974415 0.1457183 0.06607037 -0.005702316 0.1354343 0.06338691 -0.006264448 0.1341093 0.06306022 -0.006060779 0.134059 0.062698 -0.006034791 0.1339218 0.0623973 -0.006193399 0.1337342 0.05995887 -0.006939291 0.1324343 0.05553948 -0.01135873 0.1432596 0.05798894 -0.008909225 0.1452596 0.05805021 -0.008848011 0.1453096 0.05897039 -0.007927775 0.1460609 0.0681917 -0.007823646 0.1354343 0.06359052 -0.006591141 0.134059 0.05928832 -0.01248431 0.1298968 0.06345796 -0.007254004 0.1337342 0.06361657 -0.006953358 0.1339218 0.06550824 -0.008385717 0.1341093 0.06518155 -0.008182108 0.134059 0.06481933 -0.00815612 0.1339218 0.06451863 -0.008314669 0.1337342 0.07031297 -0.009944915 0.1354343 0.06762957 -0.01050704 0.1341093 0.06730288 -0.01030343 0.134059 0.0669406 -0.01027745 0.1339218 0.06663995 -0.01043599 0.1337342 0.06140965 -0.01460564 0.1298968 0.06571185 -0.00871247 0.134059 0.06557929 -0.009375333 0.1337342 0.06573784 -0.009074687 0.1339218 0.0724343 -0.01206624 0.1354343 0.06975084 -0.01262837 0.1341093 0.06942415 -0.01242476 0.134059 0.06906193 -0.01239871 0.1339218 0.06876128 -0.01255732 0.1337342 0.06353098 -0.01672697 0.1298968 0.06783318 -0.01083374 0.134059 0.06770062 -0.01149666 0.1337342 0.06785917 -0.01119601 0.1339218 0.07220059 -0.01990592 0.1453221 0.07455563 -0.01418757 0.1354343 0.07187217 -0.0147497 0.1341093 0.07154548 -0.01454609 0.134059 0.07118326 -0.01452004 0.1339218 0.07088255 -0.01467865 0.1337342 0.06565231 -0.01884829 0.1298968 0.06995451 -0.01295506 0.134059 0.06982189 -0.01361799 0.1337342 0.0699805 -0.01331728 0.1339218 0.07270175 -0.02028864 0.145177 0.07667696 -0.0163089 0.1354343 0.0739935 -0.01687103 0.1341093 0.07366681 -0.01666742 0.134059 0.07330459 -0.01664137 0.1339218 0.07300388 -0.01679998 0.1337342 0.06777364 -0.02096962 0.1298968 0.07207584 -0.01507639 0.134059 0.07194322 -0.01573932 0.1337342 0.07210183 -0.01543861 0.1339218 0.07879829 -0.01843023 0.1354343 0.07611483 -0.01899236 0.1341093 0.07578814 -0.01878869 0.134059 0.07542592 -0.0187627 0.1339218 0.07512521 -0.01892131 0.1337342 0.0698949 -0.02309089 0.1298968 0.07419717 -0.01719772 0.134059 0.07406455 -0.01786065 0.1337342 0.07422316 -0.01755994 0.1339218 0.07308453 -0.0207898 0.1453221 0.08215105 -0.02178299 0.1354343 0.07724654 -0.02104264 0.1337342 0.07201623 -0.02521222 0.1298968 0.07754725 -0.02088403 0.1339218 0.07790946 -0.02091002 0.134059 0.07843977 -0.02144038 0.134059 0.07823616 -0.02111369 0.1341093 0.07631844 -0.01931905 0.134059 0.07618588 -0.01998198 0.1337342 0.07634449 -0.01968127 0.1339218 0.08215928 -0.02179139 0.1354345 0.08172798 -0.02214068 0.1351155 0.08176583 -0.02218431 0.1351209 0.0589351 -0.007467091 0.1462346 0.06353181 -0.003224968 0.1354092 0.05794566 0.002361118 0.1354092 0.05352622 -0.002058267 0.1462346 0.05430203 -0.001282453 0.1324343 0.04988259 -0.005701839 0.1432596 0.0523321 -0.003252387 0.1452596 0.05239331 -0.003191113 0.1453096 0.0586583 -0.002512335 0.1337106 0.05754637 -0.001819252 0.1335396 0.05631351 -0.00173074 0.1330724 0.05911237 -0.007644414 0.1462346 0.05891495 -0.007841765 0.1460734 0.05791825 -0.008838534 0.1452596 0.05988818 -0.0068686 0.1324343 0.05797946 -0.00877726 0.1453096 0.05943989 -0.004857122 0.1330724 0.05935138 -0.00362426 0.1335396 0.05890011 -0.005880534 0.1324343 0.03898632 0.02059519 0.1351209 0.08152174 -0.02231556 0.1349599 0.08157062 -0.02237439 0.1349695 0.07846581 -0.0218026 0.1339218 0.08124923 -0.02254337 0.1347557 0.03879624 0.02039992 0.1349695 0.03730076 0.01873397 0.1337803 0.03737914 0.01867729 0.1337673 0.08048045 -0.02316486 0.1341881 0.07984799 -0.02379149 0.1337673 0.07990467 -0.02386987 0.1337803 0.07830721 -0.0221033 0.1337342 0.08021932 -0.02336913 0.1339981 0.03760439 0.01409167 0.1405542 0.03740072 0.01441842 0.1406044 0.03972566 0.0119704 0.1405542 0.03952205 0.01229709 0.1406044 0.04184699 0.009849071 0.1405542 0.04164338 0.01017576 0.1406044 0.04396831 0.007727742 0.1405542 0.04376471 0.008054435 0.1406044 0.04608964 0.005606412 0.1405542 0.04588603 0.005933105 0.1406044 0.04821097 0.003485083 0.1405542 0.0480073 0.003811776 0.1406044 0.0503323 0.001363754 0.1405542 0.05012863 0.001690447 0.1406044 0.05245363 -7.57519e-4 0.1405542 0.05224996 -4.30819e-4 0.1406044 0.06093889 -0.009242773 0.1405542 0.06073522 -0.008916079 0.1406044 0.06306022 -0.0113641 0.1405542 0.06285655 -0.0110374 0.1406044 0.06518155 -0.01348543 0.1405542 0.06497788 -0.01315873 0.1406044 0.06730288 -0.01560676 0.1405542 0.06709921 -0.01528006 0.1406044 0.06942415 -0.01772803 0.1405542 0.06922054 -0.01740133 0.1406044 0.07154548 -0.01984935 0.1405542 0.07134187 -0.01952266 0.1406044 0.07366681 -0.02197068 0.1405542 0.0734632 -0.02164399 0.1406044 0.07578814 -0.02409201 0.1405542 0.07558453 -0.02376532 0.1406044 0.03707402 0.01462203 0.1405542 0.03763037 0.01372945 0.1404169 0.03919535 0.0125007 0.1405542 0.0397517 0.01160818 0.1404169 0.04131668 0.01037937 0.1405542 0.04187303 0.009486854 0.1404169 0.04343801 0.008258044 0.1405542 0.0439943 0.007365524 0.1404169 0.04555928 0.006136715 0.1405542 0.04611563 0.005244195 0.1404169 0.04768061 0.004015445 0.1405542 0.04823696 0.003122866 0.1404169 0.04980194 0.001894116 0.1405542 0.05300992 0.003653228 0.1339218 0.05035829 0.001001536 0.1404169 0.05192327 -2.27187e-4 0.1405542 0.05247962 -0.001119732 0.1404169 0.06040853 -0.00871247 0.1405542 0.06096488 -0.00960499 0.1404169 0.06252986 -0.01083374 0.1405542 0.06308621 -0.01172631 0.1404169 0.06465119 -0.01295506 0.1405542 0.06520754 -0.01384764 0.1404169 0.06677252 -0.01507639 0.1405542 0.06732887 -0.01596897 0.1404169 0.06889384 -0.01719772 0.1405542 0.06945019 -0.01809024 0.1404169 0.07101517 -0.01931905 0.1405542 0.07157152 -0.02021157 0.1404169 0.0731365 -0.02144038 0.1405542 0.07369279 -0.0223329 0.1404169 0.07525777 -0.02356171 0.1405542 0.07581412 -0.02445423 0.1404169 0.03745794 0.01864141 0.1337224 0.07980519 -0.0236867 0.1336994 0.0798121 -0.02371263 0.1337223 0.03671181 0.01464802 0.1404169 0.03747177 0.0134288 0.1402295 0.03883314 0.01252669 0.1404169 0.0395931 0.01130747 0.1402295 0.04095447 0.01040542 0.1404169 0.04171442 0.009186148 0.1402295 0.04307579 0.008284091 0.1404169 0.04383575 0.007064819 0.1402295 0.04519706 0.006162762 0.1404169 0.04595708 0.00494349 0.1402295 0.04731839 0.004041433 0.1404169 0.04807835 0.00282216 0.1402295 0.04943972 0.001920104 0.1404169 0.05285137 0.003352522 0.1337342 0.05019968 7.00891e-4 0.1402295 0.05391204 0.002291858 0.1337342 0.05156105 -2.01184e-4 0.1404169 0.05232101 -0.001420378 0.1402295 0.06004631 -0.008686423 0.1404169 0.06080633 -0.009905695 0.1402295 0.06216764 -0.01080775 0.1404169 0.0629276 -0.01202702 0.1402295 0.06428897 -0.01292908 0.1404169 0.06504893 -0.01414835 0.1402295 0.0664103 -0.01505041 0.1404169 0.06717026 -0.01626962 0.1402295 0.06853163 -0.01717174 0.1404169 0.06929159 -0.01839095 0.1402295 0.07065296 -0.01929301 0.1404169 0.07141292 -0.02051228 0.1402295 0.07277429 -0.02141433 0.1404169 0.07353425 -0.02263361 0.1402295 0.07489556 -0.02353566 0.1404169 0.07565557 -0.02475494 0.1402295 0.03538852 0.01346683 0.1307343 0.03687208 0.01495045 0.1331003 0.03457403 0.01265233 0.1387295 0.0364111 0.01448947 0.1402295 0.03644919 0.01240622 0.1307343 0.03793275 0.01388978 0.1331003 0.03609561 0.01205265 0.1316003 0.03750985 0.01134556 0.1307343 0.03899341 0.01282912 0.1331003 0.0366953 0.010531 0.1387295 0.03853243 0.01236814 0.1402295 0.03857052 0.0102849 0.1307343 0.04005408 0.01176846 0.1331003 0.03821694 0.009931325 0.1316003 0.03963118 0.009224236 0.1307343 0.04111474 0.01070779 0.1331003 0.03881663 0.008409678 0.1387295 0.04065376 0.01024681 0.1402295 0.04069185 0.008163571 0.1307343 0.04217541 0.00964713 0.1331003 0.04033827 0.007809996 0.1316003 0.04175251 0.007102906 0.1307343 0.04323607 0.008586466 0.1331003 0.04093796 0.006288349 0.1387295 0.04277509 0.008125483 0.1402295 0.04281318 0.006042242 0.1307343 0.04429674 0.007525801 0.1331003 0.0424596 0.005688667 0.1316003 0.04387384 0.004981577 0.1307343 0.0453574 0.006465137 0.1331003 0.04305928 0.00416702 0.1387295 0.04489642 0.006004154 0.1402295 0.04493445 0.003920912 0.1307343 0.04641807 0.005404472 0.1331003 0.04458093 0.003567337 0.1316003 0.04599511 0.002860248 0.1307343 0.04747867 0.004343807 0.1331003 0.04518061 0.00204575 0.1387295 0.04701775 0.003882825 0.1402295 0.04705578 0.001799583 0.1307343 0.04853934 0.003283143 0.1331003 0.04670226 0.001446068 0.1316003 0.04811644 7.38967e-4 0.1307343 0.0496 0.002222478 0.1331003 0.04730194 -7.55675e-5 0.1387295 0.04913902 0.001761496 0.1402295 0.04917711 -3.21694e-4 0.1307343 0.05066066 0.001161813 0.1331003 0.04882359 -6.7525e-4 0.1316003 0.05023777 -0.00138235 0.1307343 0.05172133 1.01212e-4 0.1331003 0.04942321 -0.002196848 0.1387295 0.05126035 -3.5977e-4 0.1402295 0.05278199 -9.59449e-4 0.1331003 0.05094486 -0.00279653 0.1316003 0.05872309 -0.009867608 0.1307343 0.06020665 -0.008384048 0.1331003 0.05790853 -0.01068216 0.1387295 0.05974566 -0.008845031 0.1402295 0.05978369 -0.01092827 0.1307343 0.06126731 -0.009444713 0.1331003 0.05943018 -0.01128184 0.1316003 0.06084436 -0.01198893 0.1307343 0.06232792 -0.01050537 0.1331003 0.06002986 -0.01280349 0.1387295 0.06186699 -0.01096636 0.1402295 0.06190502 -0.0130496 0.1307343 0.06338858 -0.01156604 0.1331003 0.06155151 -0.01340311 0.1316003 0.06296569 -0.01411026 0.1307343 0.06444925 -0.0126267 0.1331003 0.06215119 -0.01492476 0.1387295 0.06398826 -0.01308768 0.1402295 0.06402635 -0.01517093 0.1307343 0.06550991 -0.01368737 0.1331003 0.06367284 -0.01552444 0.1316003 0.06508702 -0.01623159 0.1307343 0.06657058 -0.01474803 0.1331003 0.06427252 -0.01704609 0.1387295 0.06610959 -0.01520895 0.1402295 0.06614768 -0.0172922 0.1307343 0.06763124 -0.01580864 0.1331003 0.06579411 -0.01764577 0.1316003 0.06720834 -0.01835286 0.1307343 0.0686919 -0.0168693 0.1331003 0.06639379 -0.01916742 0.1387295 0.06823092 -0.01733028 0.1402295 0.06826901 -0.01941353 0.1307343 0.06975257 -0.01792997 0.1331003 0.06791543 -0.0197671 0.1316003 0.06932967 -0.02047419 0.1307343 0.07081323 -0.01899063 0.1331003 0.06851512 -0.02128875 0.1387295 0.07035225 -0.01945161 0.1402295 0.07039034 -0.02153486 0.1307343 0.0718739 -0.0200513 0.1331003 0.07003676 -0.02188843 0.1316003 0.071451 -0.02259552 0.1307343 0.07293456 -0.02111196 0.1331003 0.07063645 -0.02341008 0.1387295 0.07247358 -0.02157294 0.1402295 0.07251167 -0.02365618 0.1307343 0.07399523 -0.02217262 0.1331003 0.07215809 -0.02400976 0.1316003 0.07357227 -0.02471685 0.1307343 0.07505589 -0.02323329 0.1331003 0.07275778 -0.02553141 0.1387295 0.07459491 -0.02369427 0.1402295 0.07956272 -0.02386927 0.1335259 0.07920485 -0.02413469 0.1332714 0.07698398 -0.0256794 0.1317341 0.07463294 -0.02577751 0.1307343 0.07817393 -0.02487862 0.1325468 0.07611656 -0.02429395 0.1331003 0.07427942 -0.02613109 0.1316003 0.05581587 -0.007159769 0.1421999 0.05512279 -0.006047844 0.1423709 0.0795719 -0.02391082 0.1335647 0.0540108 -0.005354762 0.1421999 0.05590438 -0.008392632 0.1417327 0.03725981 0.01840126 0.1335647 0.03597682 0.01660633 0.1324135 0.03590899 0.01661491 0.1324824 0.07777702 -0.02519381 0.1324135 0.07778561 -0.02526164 0.1324824 0.0552901 -0.00227046 0.1324343 0.05277794 -0.005266249 0.1417327 0.0553646 -0.009416103 0.1410945 0.03602147 0.01662296 0.132329 0.07779359 -0.02514916 0.132329 0.05343884 -0.002571403 0.1315556 0.04981189 -0.005631148 0.1432596 0.05352914 -0.002608537 0.1315773 0.05475032 -0.003293931 0.1317961 0.05175453 -0.005806028 0.1410945 0.0578767 -0.006420314 0.1317961 0.05434119 -0.009955883 0.1404563 0.05414265 -0.01206094 0.1424027 0.05856204 -0.007641494 0.1315773 0.05546873 -0.01128798 0.1432596 0.05859923 -0.007731795 0.1315556 0.05417978 -0.01215118 0.142381 0.0534625 -0.004225194 0.1308901 0.05483883 -0.004526793 0.1313289 0.05121475 -0.00682944 0.1404563 0.05664384 -0.006331801 0.1313289 0.05310833 -0.00986731 0.1399891 0.03473401 0.01455008 0.1309093 0.03462213 0.01443821 0.1311833 0.03585779 0.01638662 0.1321967 0.0756089 -0.0265485 0.1311833 0.07572072 -0.02643662 0.1309093 0.07755732 -0.02531284 0.1321967 0.04910969 -0.007027983 0.1424027 0.05252599 -0.01212751 0.1417155 0.05694538 -0.007708132 0.1308901 0.05099773 -0.002601563 0.1305468 0.05337053 -0.004229009 0.130851 0.04901945 -0.006990849 0.142381 0.05694162 -0.007800102 0.130851 0.05252218 -0.01221948 0.1416764 0.05411535 -0.005812227 0.1305088 0.05553191 -0.005638718 0.1311579 0.05130326 -0.008062303 0.1399891 0.05199635 -0.009174227 0.1398181 0.0553584 -0.007055282 0.1305088 0.03436344 0.01384073 0.1309286 0.03442054 0.01336109 0.1302959 0.07530087 -0.02670341 0.1310449 0.07453173 -0.02675008 0.1302959 0.07433229 -0.02593612 0.1305468 0.04904305 -0.00864464 0.1417155 0.05093896 -0.01147466 0.1413341 0.05398499 -0.007181048 0.1298968 0.05403995 -0.005856215 0.13046 0.04895114 -0.008648395 0.1416764 0.05856448 -0.01016831 0.1305468 0.05531442 -0.007130682 0.13046 0.05089503 -0.01155012 0.1412854 0.03522992 0.01316618 0.1305468 0.03503501 0.01311331 0.1316003 0.03614848 0.01224762 0.1305468 0.03579497 0.01189404 0.1314128 0.03735125 0.01104485 0.1305468 0.03715628 0.01099199 0.1316003 0.03826981 0.01012629 0.1305468 0.0379163 0.009772717 0.1314128 0.03947257 0.00892353 0.1305468 0.03927761 0.008870661 0.1316003 0.04039114 0.008004963 0.1305468 0.04003757 0.007651388 0.1314128 0.0415939 0.006802201 0.1305468 0.04139894 0.006749331 0.1316003 0.04251247 0.005883634 0.1305468 0.0421589 0.005530118 0.1314128 0.04371523 0.004680871 0.1305468 0.04352027 0.004628002 0.1316003 0.0446338 0.003762304 0.1305468 0.04428023 0.003408789 0.1314128 0.04583656 0.002559542 0.1305468 0.0456416 0.002506732 0.1316003 0.04675513 0.001641035 0.1305468 0.04640156 0.00128746 0.1314128 0.04795789 4.38277e-4 0.1305468 0.04776293 3.85411e-4 0.1316003 0.05007916 -0.001682996 0.1305468 0.0488764 -4.80283e-4 0.1305468 0.04852288 -8.33835e-4 0.1314128 0.0498842 -0.001735866 0.1316003 0.05064421 -0.002955138 0.1314128 0.05836951 -0.01022118 0.1316003 0.05948305 -0.01108688 0.1305468 0.05912947 -0.01144039 0.1314128 0.06068581 -0.01228964 0.1305468 0.06049084 -0.01234251 0.1316003 0.06160438 -0.01320821 0.1305468 0.0612508 -0.01356172 0.1314128 0.06280714 -0.01441097 0.1305468 0.06261217 -0.01446378 0.1316003 0.06372565 -0.01532948 0.1305468 0.06337213 -0.01568305 0.1314128 0.06492841 -0.01653224 0.1305468 0.06473344 -0.01658511 0.1316003 0.06584697 -0.0174508 0.1305468 0.06549346 -0.01780438 0.1314128 0.06704974 -0.01865357 0.1305468 0.06685477 -0.01870644 0.1316003 0.0679683 -0.01957213 0.1305468 0.06761473 -0.01992571 0.1314128 0.06917107 -0.0207749 0.1305468 0.0689761 -0.02082777 0.1316003 0.07008963 -0.02169346 0.1305468 0.06973606 -0.02204704 0.1314128 0.0712924 -0.02289623 0.1305468 0.07109743 -0.02294909 0.1316003 0.07221096 -0.02381479 0.1305468 0.07185739 -0.02416831 0.1314128 0.07341372 -0.02501755 0.1305468 0.07321876 -0.02507042 0.1316003 0.07397872 -0.02628964 0.1314128 0.03439503 0.01171326 0.1296128 0.03525596 0.01280397 0.1304095 0.0348764 0.01281261 0.1314128 0.03578627 0.0122736 0.1304095 0.03543275 0.01192009 0.1312755 0.03737729 0.01068264 0.1304095 0.03699773 0.01069128 0.1314128 0.0379076 0.01015228 0.1304095 0.03755402 0.009798765 0.1312755 0.03949862 0.008561313 0.1304095 0.03911906 0.008569955 0.1314128 0.04002892 0.008030951 0.1304095 0.03967535 0.007677435 0.1312755 0.04161989 0.006439983 0.1304095 0.04124033 0.006448626 0.1314128 0.04215025 0.005909681 0.1304095 0.04179668 0.005556106 0.1312755 0.04374122 0.004318654 0.1304095 0.04336166 0.004327356 0.1314128 0.04427158 0.003788352 0.1304095 0.04391801 0.003434777 0.1312755 0.04586255 0.002197325 0.1304095 0.04548299 0.002206027 0.1314128 0.04639291 0.001667022 0.1304095 0.04603934 0.001313447 0.1312755 0.04798388 7.60518e-5 0.1304095 0.04760432 8.47243e-5 0.1314128 0.04851418 -4.54277e-4 0.1304095 0.04816067 -8.07829e-4 0.1312755 0.05010521 -0.002045214 0.1304095 0.04972565 -0.002036571 0.1314128 0.05063551 -0.002575576 0.1304095 0.050282 -0.002929151 0.1312755 0.05859047 -0.01053053 0.1304095 0.0582109 -0.01052182 0.1314128 0.05912083 -0.01106083 0.1304095 0.05876725 -0.0114144 0.1312755 0.0607118 -0.01265186 0.1304095 0.06033223 -0.01264315 0.1314128 0.0612421 -0.01318216 0.1304095 0.06088858 -0.01353573 0.1312755 0.06283313 -0.01477319 0.1304095 0.06245356 -0.01476448 0.1314128 0.06336343 -0.01530349 0.1304095 0.06300991 -0.01565706 0.1312755 0.06495445 -0.01689445 0.1304095 0.06457489 -0.01688581 0.1314128 0.06548476 -0.01742482 0.1304095 0.06513124 -0.01777839 0.1312755 0.06707578 -0.01901578 0.1304095 0.06669622 -0.01900714 0.1314128 0.06760609 -0.01954615 0.1304095 0.06725251 -0.01989966 0.1312755 0.06919705 -0.02113711 0.1304095 0.06881749 -0.02112847 0.1314128 0.06972742 -0.02166748 0.1304095 0.06937384 -0.02202099 0.1312755 0.07131838 -0.02325844 0.1304095 0.07093882 -0.0232498 0.1314128 0.07184875 -0.02378875 0.1304095 0.07149517 -0.02414232 0.1312755 0.07343971 -0.02537977 0.1304095 0.07306015 -0.02537107 0.1314128 0.07397007 -0.02591007 0.1304095 0.0736165 -0.02626365 0.1312755 0.04969596 -0.01023167 0.1413341 0.05461269 -0.006553351 0.1304093 0.0496205 -0.0102756 0.1412854 0.03545957 0.01247727 0.1303592 0.03490239 0.01245039 0.1312755 0.03510606 0.0121237 0.1312253 0.0375809 0.01035594 0.1303592 0.03702372 0.01032906 0.1312755 0.03722733 0.01000237 0.1312253 0.03970223 0.00823462 0.1303592 0.03914505 0.008207738 0.1312755 0.03934866 0.007881045 0.1312253 0.04182356 0.00611329 0.1303592 0.04126638 0.006086409 0.1312755 0.04146999 0.005759716 0.1312253 0.04394489 0.003991961 0.1303592 0.04338771 0.003965139 0.1312755 0.04359132 0.003638386 0.1312253 0.04606616 0.001870632 0.1303592 0.04550898 0.00184381 0.1312755 0.04571264 0.001517117 0.1312253 0.04818749 -2.50641e-4 0.1303592 0.04763031 -2.77501e-4 0.1312755 0.05030882 -0.002371907 0.1303592 0.04783397 -6.04197e-4 0.1312253 0.04975163 -0.002398788 0.1312755 0.04995524 -0.002725481 0.1312253 0.05879414 -0.01085722 0.1303592 0.05823695 -0.0108841 0.1312755 0.05844056 -0.01121079 0.1312253 0.06091541 -0.01297855 0.1303592 0.06035822 -0.01300537 0.1312755 0.06056189 -0.01333206 0.1312253 0.06303673 -0.01509988 0.1303592 0.06247955 -0.0151267 0.1312755 0.06268322 -0.01545339 0.1312253 0.06515806 -0.01722115 0.1303592 0.06460088 -0.01724803 0.1312755 0.06480449 -0.01757472 0.1312253 0.06727939 -0.01934248 0.1303592 0.06672221 -0.01936936 0.1312755 0.06692582 -0.01969605 0.1312253 0.06940072 -0.02146381 0.1303592 0.06884354 -0.02149069 0.1312755 0.06904715 -0.02181738 0.1312253 0.07152205 -0.02358514 0.1303592 0.07096487 -0.02361202 0.1312755 0.07116848 -0.02393871 0.1312253 0.07288396 -0.02677559 0.1296128 0.07364338 -0.02570647 0.1303592 0.0730862 -0.02573335 0.1312755 0.07328981 -0.02606004 0.1312253 0.03429323 0.01354432 0.1308212 0.03425258 0.01319313 0.1307073 0.03420895 0.01233816 0.1304413 0.07436382 -0.02691805 0.1307073 0.07501596 -0.02680581 0.1309304 0.03471797 0.01095312 0.1294342 0.03750866 0.008162379 0.1294342 0.03538733 0.0102837 0.1294342 0.03962999 0.006041049 0.1294342 0.04175132 0.00391972 0.1294342 0.04387265 0.001798391 0.1294342 0.04599398 -3.22871e-4 0.1294342 0.05341857 -0.007747471 0.1294342 0.05872189 -0.01305079 0.1294342 0.06084322 -0.01517206 0.1294342 0.06296449 -0.01729339 0.1294342 0.06508582 -0.01941472 0.1294342 0.06720715 -0.02153605 0.1294342 0.06932848 -0.02365738 0.1294342 0.07144981 -0.02577871 0.1294342 0.07247984 -0.02669405 0.1294811 0.07212376 -0.02645266 0.1294342 0.03416407 0.01148229 0.1301785 0.03447657 0.0113092 0.1294811 0.07245475 -0.02699869 0.1301286 0.07265293 -0.02700656 0.1301785 0.07350885 -0.02696168 0.1304413 0.03419864 0.01115632 0.1301022 0.03433895 0.01085388 0.1300594 0.07187151 -0.0267049 0.1300521 0.07214099 -0.02690011 0.1300722 0.03446573 0.01070088 0.1300521 0.03850418 0.00666964 0.1300433 0.04657751 -0.001396417 0.1300344 0.07324624 -0.0212751 0.1457183 0.08451586 -0.02418273 0.135477 0.08343452 -0.02306646 0.1354343 0.08511853 -0.02330833 0.1362077 0.0844205 -0.02395218 0.1355114 0.03753685 0.02282762 0.1354386 0.03708183 0.02308708 0.1353871 0.03737145 0.02295887 0.1354335 0.0369358 0.0231145 0.1353493 0.03955614 0.01197302 0.1462596 0.02870154 0.0139923 0.1570806 0.0378623 0.02394783 0.1362077 0.0374149 0.02303391 0.1354834 0.03995674 0.01213681 0.1457683 0.03961735 0.01203429 0.1463096 0.02876287 0.0140537 0.1571303 0.02848619 0.01426821 0.1570882 0.03394383 0.01992917 0.1330193 0.03615236 0.01772242 0.1330171 0.07889306 -0.02501827 0.1330171 0.0810998 -0.0272268 0.1330193 0.02845102 0.01418638 0.1570427 0.03713148 0.0231648 0.1354408 0.03707242 0.02325505 0.1354627 0.02831459 0.01434785 0.1570377 0.03718072 0.01843672 0.1336094 0.02816587 0.01429539 0.1569498 0.03709441 0.02317529 0.1354327 0.02785181 0.01440143 0.156834 0.02817147 0.01438903 0.1569847 0.08513981 -0.02475875 0.1356183 0.03579759 0.02435427 0.1356778 0.03675711 0.02320933 0.1353346 0.03659796 0.02300494 0.1351842 0.03677695 0.02311837 0.1352974 0.02787631 0.01430618 0.1568143 0.036556 0.02507168 0.1364312 0.07754093 -0.02535742 0.1322812 0.03582811 0.01664733 0.1325251 0.07960742 -0.02398991 0.1336094 0.03653681 0.02306884 0.1351951 0.02774214 0.01427417 0.1567376 0.08510154 -0.02484667 0.1355729 0.0364921 0.02305102 0.1351721 0.03501647 0.02165079 0.1340668 0.03625923 0.02289354 0.1350226 0.03661251 0.02318924 0.1352778 0.02747219 0.01410651 0.1565464 0.02761423 0.01421594 0.1566544 0.0364421 0.02313452 0.135197 0.02781945 0.01439625 0.1568163 0.02756237 0.01430201 0.1566565 0.03581321 0.01637023 0.1322812 0.07559359 -0.02659255 0.1312673 0.02626562 0.01289993 0.1555019 0.03618466 0.02296036 0.1350321 0.03505337 0.02346807 0.1350024 0.07966351 -0.02406871 0.133622 0.03494185 0.02171754 0.1340764 0.02740532 0.01418107 0.1565369 0.0261988 0.0129745 0.1554924 0.03710192 0.01849281 0.133622 0.07786941 -0.02542418 0.1325353 0.07781797 -0.02534252 0.1325251 0.04089874 0.0220108 0.1370899 0.03857487 0.02431505 0.1371139 0.0831815 -0.02027183 0.1370899 0.07899338 -0.01612907 0.1371455 0.03574645 0.01669871 0.1325353 0.03486603 0.02153146 0.1339694 0.02601915 0.01273667 0.1553106 0.03456199 0.02141082 0.1338299 0.02585804 0.01269137 0.1552062 0.03480643 0.02161002 0.1339888 0.03428471 0.02173298 0.1339122 0.04504156 0.01782268 0.1371455 0.03574526 0.01637864 0.1323499 0.03453099 0.02150028 0.1338631 0.03421729 0.02148622 0.133776 0.02597612 0.01282703 0.155319 0.08624237 -0.02461463 0.1364312 0.08608293 -0.02593696 0.1359063 0.03726112 0.02544695 0.1373367 0.08548575 -0.02259576 0.1371139 0.08604276 -0.02602648 0.1358651 0.08212012 -0.02839499 0.1332004 0.03455758 0.01442277 0.1312922 0.07754933 -0.02542537 0.1323499 0.07559347 -0.02661305 0.1312922 0.03421598 0.02139598 0.1337327 0.02541285 0.01273834 0.1549694 0.02572375 0.01268053 0.1551277 0.02570939 0.01277649 0.1551527 0.06196928 7.9865e-4 0.1372634 0.03266346 0.01436132 0.1308261 0.07769227 -0.03066986 0.1308292 0.07553201 -0.02850717 0.1308261 0.03386682 0.0214889 0.1336942 0.03404957 0.02142667 0.1337065 0.03355705 0.0216763 0.1337229 0.03277564 0.02094942 0.1332004 0.03050076 0.01652157 0.1308292 0.07866978 -0.03179281 0.1310073 0.02537602 0.01275295 0.1549527 0.03394639 0.0215516 0.1337433 0.02542865 0.01282906 0.1550086 0.0356642 0.01641064 0.1323924 0.03390085 0.0215699 0.133742 0.03362017 0.02173942 0.1337682 0.03450977 0.01442998 0.1313346 0.07758128 -0.02550643 0.1323924 0.07561749 -0.02671492 0.1313651 0.07560068 -0.02666079 0.1313346 0.02528971 0.0128951 0.1549475 0.0251218 0.01290607 0.1548494 0.02516537 0.01298105 0.1548991 0.07763206 -0.02558845 0.1324023 0.03543817 0.02419382 0.1355037 0.03448933 0.02324491 0.13476 0.03606951 0.02482515 0.136051 0.03558218 0.01646137 0.1324023 0.03445571 0.01444679 0.1313651 0.07567465 -0.02682745 0.1313831 0.07562911 -0.02674317 0.1313752 0.07528305 -0.02677005 0.1311507 0.03434318 0.01450395 0.1313831 0.02589607 0.01465171 0.1558089 0.02702063 0.01577627 0.1567601 0.0310297 0.01978534 0.1552343 0.03670406 0.0254597 0.1413349 0.03407126 0.02310413 0.1346024 0.03425991 0.02311956 0.1346449 0.03442013 0.02318859 0.1347145 0.03268265 0.02246606 0.1340266 0.03370648 0.02323991 0.1346249 0.03387808 0.02314639 0.1345951 0.02215331 0.02441465 0.1445358 0.02233797 0.02459937 0.1440834 0.02296733 0.02504926 0.1427615 0.02371227 0.02535504 0.1414747 0.02433818 0.02548927 0.1405438 0.02501344 0.01313269 0.1548504 0.02410525 0.0143212 0.1545071 0.02330088 0.01553064 0.154011 0.02276182 0.0164591 0.153534 0.02126669 0.02243679 0.1480441 0.02147156 0.0232684 0.1467746 0.02181857 0.0239793 0.145479 0.027094 0.02527904 0.137426 0.02822721 0.0249294 0.1364664 0.0221737 0.01765465 0.1527901 0.02172172 0.01881653 0.1519206 0.02146416 0.01969671 0.151158 0.02126324 0.02077096 0.1500885 0.02121078 0.02176141 0.1489396 0.02527308 0.02554172 0.1393346 0.02628701 0.02544629 0.1382095 0.02939128 0.02444612 0.1356326 0.0302807 0.02399796 0.1350921 0.03311842 0.02202606 0.1338317 0.02495408 0.01307332 0.1547958 0.03642261 0.02517825 0.136465 0.02576988 0.01456773 0.1557089 0.07499563 -0.026874 0.1310335 0.02562189 0.01454037 0.1556075 0.07433682 -0.02698814 0.1308047 0.03429526 0.0138204 0.1310317 0.02556192 0.01454561 0.1555699 0.02546662 0.0145722 0.1555137 0.03149384 0.02191728 0.1335849 0.02937781 0.01749908 0.1310073 0.08308798 -0.02967679 0.1335849 0.07959151 -0.03302001 0.1313814 0.03654015 0.02529579 0.1366325 0.0872718 -0.02600216 0.1368697 0.08661764 -0.0239095 0.1373367 0.03422391 0.01352113 0.1309216 0.0752983 -0.02687567 0.1312183 0.02531927 0.01466256 0.1554355 0.03225862 0.02266204 0.1341059 0.03418248 0.01316618 0.1308047 0.07348239 -0.02703148 0.1305387 0.08691757 -0.02713131 0.1363468 0.03418725 0.01382744 0.1310948 0.08655023 -0.02673482 0.1361111 0.03279298 0.0238893 0.1349483 0.02522754 0.01476097 0.155394 0.07500278 -0.02698194 0.1310966 0.07432538 -0.02709794 0.1308591 0.03671693 0.02547252 0.1369259 0.03696703 0.02572268 0.1405817 0.03709548 0.02585113 0.140061 0.03713059 0.02588623 0.1398735 0.03720563 0.02596127 0.1391901 0.03720968 0.02596533 0.1388382 0.03719496 0.02595061 0.1385604 0.0371257 0.02588135 0.1380641 0.03411453 0.0135197 0.1309804 0.03900963 0.02443289 0.1381974 0.04128706 0.02216422 0.1381867 0.08333486 -0.01988357 0.1381867 0.0792337 -0.01585417 0.1382746 0.07534271 -0.02699333 0.1312304 0.03413909 0.01231169 0.1305387 0.072627 -0.02707606 0.1302757 0.03772896 0.02553629 0.1384145 0.08560353 -0.022161 0.1381974 0.03406655 0.01386004 0.131102 0.07503563 -0.02710264 0.1311039 0.03407269 0.01315468 0.1308591 0.07347118 -0.02714079 0.1305932 0.04531645 0.018063 0.1382746 0.07433211 -0.02722078 0.1308572 0.03149408 0.02328109 0.1344841 0.03399211 0.01354038 0.1309832 0.03700447 0.02576011 0.1375969 0.03409457 0.01145631 0.1302757 0.07242149 -0.02706843 0.1302213 0.07209491 -0.02696609 0.1301595 0.03402984 0.01230049 0.1305932 0.0726161 -0.0271849 0.1303305 0.03394985 0.01316148 0.1308572 0.07347792 -0.02726328 0.1305918 0.03412979 0.01111799 0.1301923 0.04651975 -0.001454412 0.13012 0.03844648 0.006611824 0.1301288 0.03440821 0.010643 0.1301376 0.0718137 -0.02676242 0.1301376 0.03427588 0.0108028 0.1301456 0.03390735 0.01230722 0.1305918 0.02910113 0.01092767 0.1288776 0.07423186 -0.03421926 0.1288974 0.07209837 -0.0320695 0.1288776 0.02695137 0.01306122 0.1288974 0.07519245 -0.03533774 0.1290908 0.06219947 0.001028835 0.1384598 0.03398573 0.0114454 0.1303305 0.07262283 -0.02730703 0.1303296 0.07239353 -0.02717542 0.1302695 0.03105002 0.02345526 0.1346146 0.08687502 -0.02722197 0.13631 0.03418546 0.01073729 0.1301849 0.03402578 0.01107901 0.1302372 0.0464406 -0.001533746 0.1301584 0.0338636 0.01145213 0.1303296 0.03836739 0.006532669 0.1301673 0.03432935 0.01056385 0.1301761 0.07203972 -0.02706295 0.1302005 0.07173454 -0.02684128 0.130176 0.08764129 -0.02529007 0.1377738 0.08670699 -0.02344167 0.1384145 0.03009182 0.02282279 0.1341931 0.02815061 0.01842081 0.1313814 0.08399343 -0.03107881 0.1341931 0.080455 -0.03436249 0.131968 0.07237738 -0.02729475 0.1302621 0.03157246 0.02465313 0.1355076 0.07198786 -0.02716875 0.1301859 0.03391051 0.01104831 0.1302264 0.04635781 -0.001616656 0.1301408 0.03828471 0.006449937 0.13015 0.03424674 0.01048111 0.1301589 0.07165181 -0.02692389 0.1301589 0.03408801 0.01067221 0.1301687 0.08816325 -0.02743524 0.1375331 0.02583289 0.01402181 0.1290908 0.07607173 -0.03653013 0.1294744 0.05061322 -0.01055741 0.1288448 0.03364664 0.006389975 0.128868 0.06756067 -0.02752399 0.128868 0.08747732 -0.02804559 0.136781 0.03671354 0.01464974 0.1329128 0.03563463 0.01159167 0.1387295 0.03763204 0.01373118 0.1329128 0.03533399 0.01143306 0.1385419 0.03883481 0.01252841 0.1329128 0.03775596 0.009470343 0.1387295 0.03975337 0.01160985 0.1329128 0.03745532 0.009311735 0.1385419 0.04095613 0.01040709 0.1329128 0.03987729 0.007349014 0.1387295 0.0418747 0.009488523 0.1329128 0.03957659 0.007190406 0.1385419 0.04307746 0.00828576 0.1329128 0.04199862 0.005227684 0.1387295 0.04399603 0.007367193 0.1329128 0.04169791 0.005069136 0.1385419 0.04519879 0.006164431 0.1329128 0.04411995 0.003106355 0.1387295 0.04611736 0.005245864 0.1329128 0.04381924 0.002947807 0.1385419 0.04732012 0.004043102 0.1329128 0.04624128 9.85093e-4 0.1387295 0.04823869 0.003124594 0.1329128 0.04594057 8.26504e-4 0.1385419 0.04944145 0.001921832 0.1329128 0.04836261 -0.001136183 0.1387295 0.05036002 0.001003265 0.1329128 0.0480619 -0.001294791 0.1385419 0.05156278 -1.99482e-4 0.1329128 0.05048388 -0.003257513 0.1387295 0.05248129 -0.001118004 0.1329128 0.05018323 -0.003416121 0.1385419 0.06004804 -0.008684754 0.1329128 0.05896919 -0.01174283 0.1387295 0.06096661 -0.009603261 0.1329128 0.05866849 -0.01190137 0.1385419 0.06216937 -0.01080608 0.1329128 0.06109052 -0.01386409 0.1387295 0.06308794 -0.01172459 0.1329128 0.06078982 -0.0140227 0.1385419 0.0642907 -0.01292735 0.1329128 0.06321185 -0.01598542 0.1387295 0.06520926 -0.01384592 0.1329128 0.06291115 -0.01614403 0.1385419 0.06641197 -0.01504868 0.1329128 0.06533312 -0.01810675 0.1387295 0.06733053 -0.01596724 0.1329128 0.06503248 -0.01826536 0.1385419 0.0685333 -0.01717001 0.1329128 0.06745445 -0.02022808 0.1387295 0.06945186 -0.01808857 0.1329128 0.06715381 -0.02038669 0.1385419 0.07065463 -0.01929134 0.1329128 0.06957578 -0.02234941 0.1387295 0.07157319 -0.0202099 0.1329128 0.06927508 -0.02250802 0.1385419 0.07277595 -0.02141267 0.1329128 0.07169711 -0.02447074 0.1387295 0.07369452 -0.02233123 0.1329128 0.07139641 -0.02462929 0.1385419 0.07489728 -0.02353399 0.1329128 0.07381844 -0.02659207 0.1387295 0.07581585 -0.02445256 0.1329128 0.07351773 -0.02675062 0.1385419 0.03673952 0.01428753 0.1327756 0.03441542 0.01235163 0.1385419 0.03726983 0.01375716 0.1327756 0.03497177 0.01145911 0.1384047 0.03886085 0.0121662 0.1327756 0.03653675 0.0102303 0.1385419 0.03939116 0.01163583 0.1327756 0.0370931 0.009337782 0.1384047 0.04098218 0.01004487 0.1327756 0.03865808 0.008108973 0.1385419 0.04151248 0.00951451 0.1327756 0.03921437 0.007216453 0.1384047 0.04310345 0.007923543 0.1327756 0.04077935 0.005987703 0.1385419 0.04363381 0.00739324 0.1327756 0.0413357 0.005095124 0.1384047 0.04522478 0.005802214 0.1327756 0.04290068 0.003866374 0.1385419 0.04575514 0.005271911 0.1327756 0.04345703 0.002973794 0.1384047 0.04734611 0.003680884 0.1327756 0.04502201 0.001745045 0.1385419 0.04787647 0.003150582 0.1327756 0.04557836 8.5251e-4 0.1384047 0.04946744 0.001559615 0.1327756 0.04714334 -3.76258e-4 0.1385419 0.04999774 0.001029253 0.1327756 0.04769968 -0.001268804 0.1384047 0.05158877 -5.61703e-4 0.1327756 0.04926466 -0.002497553 0.1385419 0.05211907 -0.001092016 0.1327756 0.04982101 -0.003390073 0.1384047 0.06007403 -0.009046971 0.1327756 0.05774992 -0.01098281 0.1385419 0.06060439 -0.009577274 0.1327756 0.05830627 -0.01187539 0.1384047 0.06219536 -0.0111683 0.1327756 0.05987125 -0.01310414 0.1385419 0.06272572 -0.0116986 0.1327756 0.0604276 -0.01399672 0.1384047 0.06431668 -0.01328963 0.1327756 0.06199258 -0.01522547 0.1385419 0.06484699 -0.01381993 0.1327756 0.06254893 -0.01611804 0.1384047 0.06643801 -0.0154109 0.1327756 0.06411391 -0.01734679 0.1385419 0.06696832 -0.01594126 0.1327756 0.06467026 -0.01823937 0.1384047 0.06855934 -0.01753222 0.1327756 0.06623524 -0.01946812 0.1385419 0.06908965 -0.01806259 0.1327756 0.06679153 -0.02036064 0.1384047 0.07068067 -0.01965355 0.1327755 0.06835657 -0.02158945 0.1385419 0.07121098 -0.02018392 0.1327755 0.06891286 -0.02248197 0.1384047 0.07280194 -0.02177488 0.1327755 0.07047784 -0.02371078 0.1385419 0.0733323 -0.02230519 0.1327755 0.07103419 -0.0246033 0.1384047 0.07492327 -0.02389621 0.1327755 0.07259917 -0.02583205 0.1385419 0.07545363 -0.02442651 0.1327755 0.07315552 -0.02672463 0.1384047 0.03694313 0.01396083 0.1327253 0.03444141 0.01198941 0.1384047 0.03464508 0.01166272 0.1383544 0.03906446 0.0118395 0.1327253 0.03656274 0.009868085 0.1384047 0.03676635 0.009541392 0.1383544 0.04118579 0.009718179 0.1327253 0.03868407 0.007746756 0.1384047 0.03888767 0.007420063 0.1383544 0.04330712 0.00759685 0.1327253 0.04080539 0.005625426 0.1384047 0.041009 0.005298733 0.1383544 0.04542845 0.005475521 0.1327253 0.04292672 0.003504157 0.1384047 0.04313033 0.003177464 0.1383544 0.04754978 0.003354191 0.1327253 0.04504799 0.001382827 0.1384047 0.04525166 0.001056134 0.1383544 0.04967105 0.001232922 0.1327253 0.04716932 -7.38483e-4 0.1384047 0.04737299 -0.001065135 0.1383544 0.05179238 -8.88396e-4 0.1327253 0.04929065 -0.002859771 0.1384047 0.04949432 -0.003186464 0.1383544 0.0602777 -0.009373664 0.1327253 0.05777597 -0.01134508 0.1384047 0.05797958 -0.01167178 0.1383544 0.06239897 -0.01149499 0.1327253 0.05989724 -0.01346635 0.1384047 0.06010091 -0.01379305 0.1383544 0.06452029 -0.01361632 0.1327253 0.06201857 -0.01558768 0.1384047 0.06222224 -0.01591438 0.1383544 0.06664162 -0.01573759 0.1327253 0.0641399 -0.01770901 0.1384047 0.06434357 -0.0180357 0.1383544 0.06876295 -0.01785892 0.1327253 0.06626123 -0.01983034 0.1384047 0.06646484 -0.02015703 0.1383544 0.07088428 -0.01998025 0.1327253 0.06838256 -0.02195167 0.1384047 0.06858617 -0.02227836 0.1383544 0.07300561 -0.02210158 0.1327253 0.07050389 -0.024073 0.1384047 0.07070749 -0.02439969 0.1383544 0.07512694 -0.02422291 0.1327253 0.07262521 -0.02619427 0.1384047 0.07282882 -0.02652102 0.1383544 0.08743149 -0.02813446 0.1367461 0.04115128 0.02220094 0.1394639 0.03896617 0.02437788 0.1394739 0.07928597 -0.01599913 0.139544 0.08337157 -0.02001935 0.1394639 0.03777545 0.02539634 0.1396848 0.08554857 -0.02220445 0.1394739 0.08850729 -0.02669173 0.1384298 0.08768916 -0.02477067 0.1388393 0.0307886 0.02361178 0.1347431 0.02464044 0.01490104 0.1294744 0.02680814 0.0192843 0.1319681 0.07686281 -0.03779411 0.1300535 0.04517149 0.01811528 0.139544 0.06426346 -0.03132158 0.1271243 0.04705625 -0.01411437 0.1271243 0.08889079 -0.02888309 0.1384153 0.0881136 -0.02925562 0.1374837 0.02984905 0.003092765 0.1271243 0.06854325 -0.03560137 0.1271243 0.02983337 0.024136 0.1352709 0.02556926 0.007372558 0.1271243 0.07003724 -0.03709536 0.1271243 0.08806484 -0.02934426 0.137452 0.03066575 0.02514296 0.1360182 0.02407526 0.008866548 0.1271243 0.07166951 -0.03894561 0.1273913 0.08656704 -0.02339518 0.1396847 0.02862602 0.02359879 0.1350379 0.08476942 -0.03254461 0.1350379 0.08119428 -0.03576397 0.1327791 0.06216001 9.89344e-4 0.1397123 0.02229487 0.0104444 0.1273724 0.02244055 0.0103293 0.127335 0.07245373 -0.0400393 0.1277703 0.02337652 0.01569211 0.1300535 0.02540665 0.02002358 0.1327791 0.07752132 -0.03908604 0.1308293 0.0874536 -0.02461063 0.1400877 0.08850312 -0.02609902 0.1394693 0.08920264 -0.02809172 0.1392928 0.03016984 0.02538174 0.1363331 0.0289551 0.02455002 0.1358395 0.02046859 0.01169806 0.1280737 0.07297825 -0.04088985 0.1281696 0.08861482 -0.03043383 0.1383128 0.07320493 -0.02155327 0.1463096 0.0885629 -0.03052181 0.1382842 0.03885424 0.02364552 0.1409234 0.04028362 0.0222162 0.1409234 0.08338689 -0.02088701 0.1409233 0.07920825 -0.01670843 0.1409233 0.03778177 0.02463001 0.1410312 0.03824388 0.02422666 0.1409592 0.08481621 -0.02231633 0.1409233 0.02948564 0.0256766 0.13681 0.06950688 -0.03762567 0.1284233 0.07121711 -0.03963005 0.1287837 0.02354496 0.008336186 0.1284233 0.0444622 0.01803761 0.1409234 0.02715396 0.02419012 0.1361166 0.08536076 -0.0340166 0.1361166 0.08175599 -0.03716874 0.1338116 0.08628457 -0.02399361 0.1411792 0.08942955 -0.03030931 0.1395022 0.06183522 6.64581e-4 0.1409234 0.02154058 0.01004648 0.1287837 0.0881769 -0.02581 0.1406707 0.08914643 -0.02741068 0.1402878 0.02779984 0.02499103 0.1367143 0.01995927 0.01198673 0.128344 0.02208459 0.01635068 0.1308293 0.07371371 -0.04236745 0.1290786 0.02400189 0.02058529 0.1338117 0.07801139 -0.04036313 0.1317933 0.02833163 0.0260781 0.1377316 0.0897125 -0.0294612 0.1403456 0.08738601 -0.0256657 0.141878 0.07246577 -0.04173243 0.1298292 0.08890259 -0.03129827 0.1390191 0.07314372 -0.02161449 0.1462596 0.08875924 -0.0310921 0.1387422 0.0194382 0.01129508 0.1298292 0.08873993 -0.02698087 0.1414151 0.08961272 -0.02868366 0.1412758 0.01851159 0.01266086 0.1292914 0.0208075 0.01684069 0.1317933 0.07389396 -0.04282385 0.1294168 0.02668154 0.02529573 0.1377107 0.02572727 0.02456378 0.1374062 0.08884793 -0.03138476 0.138992 0.08573448 -0.03544336 0.1374062 0.08211016 -0.03852897 0.1350438 0.08975607 -0.03167206 0.1407714 0.04237562 0.01455569 0.1477433 0.04286092 0.01439392 0.1473471 0.04336208 0.0140112 0.147202 0.07419544 -0.01726406 0.1477433 0.07468074 -0.01742583 0.1473471 0.0437448 0.01351004 0.1473471 0.04390656 0.01302474 0.1477433 0.04380398 0.01268535 0.1482846 0.07385605 -0.01736658 0.1482846 0.0751819 -0.01780855 0.147202 0.07556462 -0.01830971 0.1473471 0.07572638 -0.01879501 0.1477433 0.02184671 0.01035261 0.1290336 0.02385115 0.008642375 0.1286734 0.06981307 -0.03731948 0.1286734 0.04011458 -0.009035229 0.1304054 0.03587198 -0.004792571 0.1304054 0.02361971 0.006225883 0.1319164 0.02223443 0.007764816 0.1317282 0.0715233 -0.03932386 0.1290336 0.04294598 -0.01416468 0.13322 0.04253131 -0.01252722 0.1317224 0.06833457 -0.03939461 0.1330256 0.06708729 -0.03829008 0.1332005 0.06577599 -0.03765165 0.1340246 0.04154801 -0.01074582 0.1307449 0.05758976 -0.02759045 0.1317282 0.05897504 -0.02912938 0.1319164 0.0891605 -0.03240305 0.1400564 0.02750116 0.02628588 0.1384942 0.08910244 -0.03248804 0.1400315 0.02264165 0.02093946 0.1350438 0.07831233 -0.04158818 0.1329251 0.09001761 -0.03076291 0.1415663 0.01974439 0.01160126 0.1300792 0.02060908 0.008935868 0.1322846 0.07277196 -0.04142624 0.1300792 0.06923216 -0.04071217 0.13354 0.04193371 0.01411372 0.1488258 0.04203623 0.01445311 0.1482846 0.08800107 -0.02694338 0.1426897 0.08914202 -0.02810716 0.1423021 0.08988803 -0.02988731 0.1424128 0.01768738 0.01294112 0.1299576 0.01958239 0.01714164 0.1329251 0.07426929 -0.04411494 0.1305384 0.07411181 -0.04348325 0.1299576 0.02589458 0.02542722 0.1385135 0.02727091 0.02633017 0.138722 0.01744365 0.01195996 0.1314578 0.02645701 0.02643454 0.139591 0.02440625 0.02469414 0.1388646 0.08920866 -0.03351265 0.1411563 0.08586478 -0.03676438 0.1388645 0.08223289 -0.03978806 0.1364356 0.08985662 -0.03292959 0.1421884 0.08927011 -0.03342944 0.1411792 0.02138257 0.02106219 0.1364356 0.07840883 -0.04271948 0.1341925 0.01774984 0.01226615 0.1317077 0.07343679 -0.04342079 0.1317077 0.06957435 -0.04194104 0.134626 0.0731306 -0.04372698 0.1314578 0.09010857 -0.03196257 0.1429241 0.08815771 -0.02736306 0.1430118 0.0884087 -0.02825957 0.1438024 0.08937549 -0.02916646 0.1433135 0.0166859 0.01316535 0.1309095 0.02490746 0.02547562 0.1396632 0.0422579 -0.006891906 0.1321554 0.03801524 -0.002649247 0.1321554 0.03630465 -0.001215875 0.1324949 0.03416138 -0.003359198 0.1307449 0.03760164 -0.003769993 0.1340346 0.039227 -0.004941046 0.1334782 0.04061228 -0.006479978 0.1336664 0.04369127 -0.008602499 0.1324949 0.04151791 -0.008120715 0.1345667 0.07562381 -0.0191344 0.1482846 0.08996707 -0.03099495 0.1436725 0.01845115 0.01723814 0.1341925 0.07440584 -0.04550302 0.1320711 0.02548611 0.02643597 0.1407784 0.03452324 -2.32574e-4 0.1334724 0.03237992 -0.002375841 0.1317224 0.03601723 -0.003169298 0.1352394 0.04467463 -0.01038396 0.1334724 0.02479481 0.003126323 0.1342734 0.0245254 0.004585146 0.1328167 0.08925563 -0.03414905 0.1420782 0.08919161 -0.03423053 0.1420564 0.01566761 0.01323521 0.1320711 0.08943819 -0.03013986 0.1444289 0.0240041 0.02537584 0.1408919 0.02324116 0.02457612 0.1404361 0.08574682 -0.03792947 0.1404361 0.08211916 -0.04089874 0.1379352 0.08972823 -0.0340451 0.1437119 0.02027189 0.02094846 0.1379352 0.07829695 -0.04372084 0.1355559 0.08998304 -0.03302866 0.1443836 0.08852785 -0.02951037 0.1451883 0.01605838 0.01228207 0.1337599 0.01575219 0.01197588 0.1335098 0.01902467 0.009536564 0.1334894 0.07345277 -0.04511225 0.1337598 0.07314658 -0.04541844 0.1335098 0.03288578 1.82074e-4 0.13497 0.03074246 -0.001961171 0.13322 0.04508924 -0.01202136 0.13497 0.04178738 -0.009579539 0.1360234 0.0227524 0.01107919 0.1340346 0.02437776 0.009908139 0.1334782 0.02576303 0.008369207 0.1336664 0.02464675 0.01015734 0.1338436 0.02599489 0.008659601 0.1340267 0.039496 -0.004691839 0.1338436 0.04084414 -0.006189584 0.1340267 0.05810773 -0.02427607 0.1340346 0.05596441 -0.0264194 0.1322846 0.05973309 -0.02544713 0.1334782 0.06111836 -0.02698606 0.1336664 0.06000208 -0.02519798 0.1338436 0.06135022 -0.02669566 0.1340267 0.04274195 -0.01546061 0.1350571 0.08914697 -0.03485971 0.1430817 0.0248273 0.02634036 0.1417024 0.0898481 -0.03198128 0.1450263 0.08903825 -0.0351032 0.143313 0.01744979 0.01712626 0.1355559 0.07429605 -0.04636478 0.133261 0.07439243 -0.04575717 0.1323989 0.02306491 0.01129698 0.1343851 0.02406352 0.010145 0.1345729 0.02535378 0.008854806 0.1345729 0.03791415 -0.003552198 0.1343851 0.03891277 -0.004704177 0.1345729 0.04020303 -0.005994379 0.1345729 0.0584203 -0.02405828 0.1343851 0.05941885 -0.02521026 0.1345729 0.06070911 -0.02650052 0.1345729 0.02666866 0.00672847 0.1345667 0.02687627 0.007062852 0.1349029 0.04172551 -0.007786333 0.1349029 0.06202399 -0.02862679 0.1345667 0.0622316 -0.02829241 0.1349029 0.05988073 -0.03077012 0.1328167 0.02623635 0.007412433 0.1352585 0.04108554 -0.007436752 0.1352585 0.06159168 -0.02794283 0.1352585 0.08932888 -0.03100872 0.1456269 0.02116799 0.01167988 0.1352394 0.05652332 -0.02367544 0.1352394 0.05438005 -0.0258187 0.1334894 0.0150969 0.01318383 0.132833 0.02152299 0.01188158 0.1355576 0.02262115 0.01102757 0.1352585 0.03637224 -0.002967596 0.1355576 0.0374704 -0.003821611 0.1352585 0.05687832 -0.02347373 0.1355576 0.05797648 -0.02432769 0.1352585 0.02231496 0.01072138 0.1350085 0.02375733 0.009838819 0.1343229 0.0250476 0.008548617 0.1343229 0.03716421 -0.0041278 0.1350085 0.03860658 -0.005010366 0.1343229 0.03989684 -0.006300568 0.1343229 0.05767029 -0.02463388 0.1350085 0.05911266 -0.02551645 0.1343229 0.06040292 -0.02680665 0.1343229 0.02330058 0.01004767 0.1346266 0.02469044 0.008816897 0.1344317 0.02569055 0.007348716 0.1350049 0.02593016 0.007106244 0.1350085 0.03814983 -0.004801511 0.1346266 0.03953969 -0.006032288 0.1344317 0.0405398 -0.007500469 0.1350049 0.04077941 -0.007742941 0.1350085 0.05865591 -0.02530765 0.1346266 0.06004577 -0.02653837 0.1344317 0.06104594 -0.02800655 0.1350049 0.06128549 -0.02824902 0.1350085 0.02392125 0.02535814 0.1410149 0.02360677 0.01035386 0.1348766 0.02499663 0.009123086 0.1346817 0.02599674 0.007654905 0.1352549 0.02403789 0.008829176 0.1362159 0.02468085 0.007987201 0.1364596 0.03845602 -0.004495322 0.1348766 0.03984588 -0.005726099 0.1346817 0.04084599 -0.00719428 0.1352549 0.03888714 -0.006020009 0.1362159 0.03953009 -0.006861984 0.1364596 0.0589621 -0.02500146 0.1348766 0.06035196 -0.02623218 0.1346817 0.06135213 -0.02770036 0.1352549 0.05939322 -0.02652615 0.1362159 0.06003624 -0.02736806 0.1364596 0.02403885 0.02608585 0.1429797 0.02340185 0.02520668 0.1418367 0.02226912 0.02422338 0.1420586 0.08874118 -0.03585976 0.1446034 0.08539408 -0.0389015 0.1420586 0.08178174 -0.04182636 0.1394847 0.08910572 -0.03502404 0.1433335 0.02693814 0.005269646 0.1360234 0.02713853 0.005643129 0.1363205 0.04198771 -0.009206056 0.1363205 0.06229346 -0.03008562 0.1360234 0.06249386 -0.0297122 0.1363205 0.06015014 -0.03222894 0.1342734 0.08937835 -0.0349884 0.1452956 0.02214562 0.01106524 0.1357949 0.02183943 0.01075905 0.1355449 0.02319598 0.009472131 0.1364596 0.03699481 -0.003783941 0.1357949 0.03668862 -0.00409013 0.1355449 0.05750095 -0.02429008 0.1357949 0.05719476 -0.02459627 0.1355449 0.0265364 0.006103575 0.136494 0.04138565 -0.00874561 0.136494 0.06189173 -0.02925169 0.136494 0.08851021 -0.02976131 0.1455173 0.01934427 0.02061104 0.1394847 0.07798504 -0.04456484 0.1369717 0.08964633 -0.03393441 0.1459053 0.06923061 -0.03614675 0.1349505 0.0704779 -0.03725129 0.1347756 0.07137548 -0.03856891 0.13529 0.07017076 -0.03766894 0.1356633 0.08881193 -0.03578335 0.1446232 0.01480585 0.01312536 0.133261 0.08953404 -0.03282356 0.1464425 0.01660579 0.01681435 0.1369717 0.07402426 -0.04708862 0.1344804 0.06791931 -0.03550833 0.1357746 0.06946367 -0.03696179 0.1356633 0.06871378 -0.03646928 0.1359784 0.03158986 -2.1968e-5 0.1368071 0.02944654 -0.002165257 0.1350571 0.03474777 -0.00324285 0.1368843 0.04488521 -0.01331728 0.1368071 0.04137402 -0.0106042 0.1377846 0.02637803 0.006285607 0.136465 0.02495265 0.007171928 0.1371253 0.04122728 -0.008563578 0.136465 0.03980189 -0.007677257 0.1371253 0.06173336 -0.02906966 0.136465 0.06030797 -0.02818334 0.1371253 0.02607184 0.005979478 0.136215 0.04092109 -0.008869707 0.136215 0.06142717 -0.02937585 0.136215 0.02131235 0.01132768 0.136494 0.02100616 0.01102149 0.136244 0.0361616 -0.003521502 0.136494 0.03585541 -0.003827691 0.136244 0.05666768 -0.02402764 0.136494 0.05636149 -0.02433383 0.136244 0.02623021 0.005797386 0.136244 0.04107946 -0.009051799 0.136244 0.06158554 -0.02955788 0.136244 0.08819621 -0.03082829 0.1472087 0.08904838 -0.03175514 0.1468846 0.01989853 0.01160633 0.1368843 0.01775521 0.009463012 0.1351343 0.05525386 -0.02374899 0.1368843 0.05311053 -0.02589225 0.1351343 0.04194378 -0.01625871 0.1370121 0.01385021 0.01271492 0.1349342 0.07251209 -0.04664129 0.1357846 0.07171761 -0.03979772 0.136376 0.07091331 -0.03916877 0.1365908 0.07066327 -0.03841876 0.1359784 0.02028751 0.01181 0.1371584 0.03513675 -0.003039181 0.1371584 0.05564284 -0.02354532 0.1371584 0.0226944 0.02485489 0.1431338 0.01483553 0.01164758 0.1360346 0.01452934 0.01134139 0.1357846 0.07281827 -0.0463351 0.1360346 0.06928277 -0.04279959 0.1360346 0.02094781 0.01109427 0.1372263 0.02064162 0.01078808 0.1369763 0.02238065 0.009743869 0.1371253 0.03579705 -0.003754913 0.1372263 0.03549087 -0.004061102 0.1369763 0.03722989 -0.005105257 0.1371253 0.05630314 -0.02426105 0.1372263 0.05599695 -0.02456724 0.1369763 0.05773603 -0.0256114 0.1371253 0.05301725 -0.008153319 0.1424229 0.06928229 -0.03714317 0.1361075 0.06884205 -0.03685402 0.1362925 0.06885129 -0.03757417 0.1351633 0.06866991 -0.03775554 0.1356076 0.06998938 -0.03785026 0.1361075 0.06955838 -0.03828126 0.1351633 0.069377 -0.03846263 0.1356076 0.06855094 -0.0385816 0.136765 0.02336263 0.02568566 0.144298 0.06684434 -0.03548228 0.1370592 0.06470108 -0.03762561 0.1353092 0.06796383 -0.03621923 0.1365908 0.05973678 -0.03325361 0.1360346 0.02288979 0.009165942 0.1362096 0.0237317 0.008522987 0.135966 0.03858095 -0.006326198 0.135966 0.05908703 -0.02683234 0.135966 0.02366101 0.008452236 0.1361391 0.02424275 0.007690489 0.1363596 0.02437472 0.007681012 0.1362096 0.03851026 -0.006396949 0.1361391 0.039092 -0.007158696 0.1363596 0.0392239 -0.007168173 0.1362096 0.05901634 -0.02690303 0.1361391 0.05959808 -0.02766478 0.1363596 0.05973005 -0.02767425 0.1362096 0.06735146 -0.03683161 0.1360908 0.06810146 -0.03708165 0.1354784 0.07027852 -0.0382905 0.1362925 0.07005095 -0.03903114 0.1354784 0.06966614 -0.03890287 0.1357926 0.06822967 -0.0374664 0.1357926 0.06747967 -0.03721636 0.1364049 0.07030093 -0.03978115 0.1360908 0.02652478 0.004244983 0.1377846 0.02673619 0.004645884 0.1380346 0.04158544 -0.0102033 0.1380346 0.06188011 -0.03111034 0.1377846 0.06209158 -0.03070938 0.1380346 0.02438145 0.002101659 0.1360346 0.02619457 0.005187571 0.1380346 0.04104381 -0.009661614 0.1380346 0.0884965 -0.03627812 0.1456156 0.06876307 -0.039218 0.1372846 0.06881231 -0.0390551 0.1370248 0.06873464 -0.03882217 0.1368346 0.08842349 -0.03635215 0.1455957 0.02320545 0.009340167 0.1366096 0.02289927 0.009033977 0.1363596 0.0239672 0.008758425 0.1363891 0.02454894 0.007996678 0.1366096 0.02368432 0.008475601 0.1370819 0.02402114 0.008034586 0.1372096 0.03805464 -0.005509018 0.1366096 0.03774845 -0.005815207 0.1363596 0.03881639 -0.00609076 0.1363891 0.03939819 -0.006852507 0.1366096 0.03853356 -0.006373584 0.1370819 0.03887039 -0.006814599 0.1372096 0.05856078 -0.0260151 0.1366096 0.05825459 -0.02632129 0.1363596 0.05932253 -0.02659684 0.1363891 0.05990427 -0.02735859 0.1366096 0.05903965 -0.02687966 0.1370819 0.05937647 -0.02732068 0.1372096 0.02151274 0.02366638 0.1436672 0.08483707 -0.03965789 0.1436672 0.08124929 -0.04254919 0.1410221 0.08882349 -0.03573894 0.1468945 0.02207452 0.009437739 0.1368753 0.0369237 -0.005411446 0.1368752 0.05742985 -0.02591758 0.1368752 0.02448862 0.006952881 0.1369618 0.02464646 0.006865739 0.1368753 0.03933787 -0.007896304 0.1369618 0.0394957 -0.007983446 0.1368752 0.05984395 -0.02840244 0.1369618 0.06000179 -0.02848953 0.1368752 0.02605313 0.005328953 0.1380346 0.02478033 0.00660175 0.1380346 0.04090237 -0.009520232 0.1380346 0.02574694 0.005022764 0.1377846 0.04059618 -0.009826421 0.1377846 0.08910965 -0.03466033 0.1474517 0.02039629 0.01098585 0.1380346 0.0200901 0.01067966 0.1377846 0.03524553 -0.003863334 0.1380346 0.03493934 -0.004169523 0.1377846 0.05575162 -0.02436947 0.1380346 0.05544543 -0.02467566 0.1377846 0.02588838 0.004881381 0.1377846 0.04073762 -0.009967803 0.1377846 0.01862144 0.02007859 0.1410221 0.07749217 -0.04523235 0.1383929 0.06991618 -0.03965288 0.1364049 0.08903104 -0.03350389 0.1478917 0.02246779 0.009586095 0.1372119 0.0221616 0.009279906 0.1369618 0.0232433 0.008812427 0.1372096 0.02479481 0.00725907 0.1372119 0.02416348 0.007607519 0.1375583 0.03731703 -0.00526309 0.1372119 0.03701084 -0.005569279 0.1369618 0.03964406 -0.007590115 0.1372119 0.03901273 -0.007241666 0.1375583 0.05782312 -0.02576923 0.1372119 0.05751693 -0.02607542 0.1369618 0.06015014 -0.02809625 0.1372119 0.05951881 -0.02774775 0.1375583 0.01593828 0.01632148 0.1383929 0.07357275 -0.04770195 0.1357846 0.07142603 -0.04065626 0.1377846 0.07086002 -0.03973668 0.1373516 0.08859813 -0.03236317 0.1481807 0.06809204 -0.03660404 0.1369049 0.06739592 -0.03627258 0.1373516 0.07049727 -0.03937393 0.1373516 0.07052856 -0.0390405 0.1369049 0.02210712 0.02436155 0.1444574 0.07226186 -0.01984471 0.1453721 0.06291383 -0.01126211 0.1463096 0.06284308 -0.01119142 0.1463096 0.05958139 -0.007929742 0.1463096 0.05903369 -0.007381975 0.1463096 0.05018681 0.001464843 0.1463096 0.05011606 0.001535594 0.1463096 0.04138517 0.01026648 0.1463096 0.04030019 0.01094931 0.144702 0.03979903 0.01133209 0.1448471 0.07212001 -0.02087044 0.144702 0.07161885 -0.02048766 0.144847 0.03939831 0.01004743 0.1454091 0.04068297 0.01044815 0.1448471 0.07121813 -0.02177232 0.1454091 0.07250273 -0.02137154 0.144847 0.08811783 -0.03096151 0.1474678 0.03079175 -8.20089e-4 0.1387621 0.02864843 -0.002963364 0.1370121 0.04408711 -0.01411545 0.1387621 0.02293711 0.008506238 0.1369596 0.02337813 0.008169412 0.1368319 0.03822737 -0.006679773 0.1368319 0.05873346 -0.02718585 0.1368319 0.02371495 0.007728397 0.1369596 0.02273458 0.007953047 0.1371469 0.02297681 0.007768034 0.1370768 0.0385642 -0.007120788 0.1369596 0.03758382 -0.006896138 0.1371469 0.03782606 -0.007081151 0.1370768 0.05808991 -0.02740228 0.1371469 0.05833214 -0.02758723 0.1370768 0.05907028 -0.02762687 0.1369596 0.07177656 -0.01968294 0.1457683 0.03931379 0.0114938 0.1452433 0.04142647 0.01054465 0.1457183 0.07113355 -0.02032589 0.1452433 0.04084467 0.009962916 0.1452433 0.07266449 -0.02185684 0.1452433 0.02181053 0.009571611 0.1380346 0.02150434 0.009265422 0.1377846 0.03665971 -0.005277574 0.1380346 0.03635358 -0.005583763 0.1377846 0.05716586 -0.02578365 0.1380346 0.05685967 -0.02608984 0.1377846 0.02433276 0.006437003 0.1377846 0.02447414 0.006295561 0.1377846 0.01916342 0.01087123 0.1386849 0.0170201 0.008727908 0.1369349 0.03401267 -0.003977954 0.1386849 0.05451875 -0.02448403 0.1386849 0.05237543 -0.02662736 0.1369349 0.037229 -0.01506483 0.1413243 0.0390104 -0.01604813 0.1403468 0.04064786 -0.0164628 0.1388491 0.06775867 -0.03663527 0.1373516 0.0671463 -0.03724765 0.1368516 0.06831037 -0.0383979 0.1368346 0.06807744 -0.03832024 0.1370248 0.06988489 -0.03998631 0.1368516 0.06860017 -0.03926724 0.1375444 0.01957213 0.01109462 0.1389107 0.03442138 -0.003754556 0.1389107 0.05492746 -0.02426069 0.1389107 0.01346868 0.01240205 0.1357846 0.0228163 0.008954763 0.1375583 0.02251011 0.008648574 0.1373082 0.03766548 -0.005894422 0.1375583 0.03735935 -0.006200611 0.1373082 0.05817162 -0.02640056 0.1375583 0.05786544 -0.02670669 0.1373082 0.02250003 0.008031189 0.1373384 0.02385729 0.00730133 0.1373082 0.02316176 0.007525861 0.1371469 0.03734928 -0.006817996 0.1373384 0.03870654 -0.007547855 0.1373082 0.03801101 -0.007323324 0.1371469 0.05785536 -0.02732408 0.1373384 0.05851709 -0.02782946 0.1371469 0.05921262 -0.02805393 0.1373082 0.02195191 0.00943017 0.1380346 0.02164572 0.00912398 0.1377846 0.02463895 0.006743192 0.1380346 0.02407324 0.00730884 0.1380346 0.03680115 -0.005419015 0.1380346 0.03649497 -0.005725204 0.1377846 0.05730724 -0.02592509 0.1380346 0.05700105 -0.02623128 0.1377846 0.0879901 -0.03281337 0.1494768 0.08731776 -0.03170675 0.1493605 0.02028787 0.01043426 0.1388429 0.01998168 0.01012808 0.1385928 0.03513711 -0.004414916 0.1388429 0.03483092 -0.004721105 0.1385928 0.0556432 -0.024921 0.1388429 0.05533701 -0.02522718 0.1385928 0.06625211 -0.03607457 0.1385099 0.06410878 -0.03821784 0.1367599 0.05561256 -0.03249186 0.1401528 0.0572533 -0.03339755 0.1392525 0.05871212 -0.03366696 0.1377958 0.02305287 0.02541446 0.1450096 0.08827257 -0.03653764 0.1462076 0.08787989 -0.03689539 0.1469267 0.07143718 -0.01978546 0.1463096 0.0389744 0.01139128 0.1457846 0.0413239 0.01020526 0.1462596 0.07137596 -0.01984673 0.1462596 0.07079416 -0.02042847 0.1457846 0.04074215 0.009623527 0.1457846 0.07256197 -0.02219623 0.1457846 0.02268308 0.007474303 0.1375346 0.03753226 -0.007374882 0.1375346 0.05803841 -0.02788096 0.1375346 0.06892275 -0.03778553 0.1373346 0.06916332 -0.03796923 0.137265 0.06934702 -0.03820979 0.1373346 0.06912797 -0.03800463 0.1373516 0.06928104 -0.03820508 0.1374096 0.02251762 0.008864521 0.1380346 0.02221143 0.008558332 0.1377846 0.03736686 -0.005984663 0.1380346 0.03706067 -0.006290853 0.1377846 0.05787295 -0.0264908 0.1380346 0.05756676 -0.02679699 0.1377846 0.022336 0.007981657 0.1376 0.02376705 0.007002651 0.1377846 0.02323997 0.007291257 0.1373384 0.03718525 -0.006867527 0.1376 0.03808921 -0.007557928 0.1373384 0.05769133 -0.02737361 0.1376 0.05859529 -0.02806401 0.1373384 0.06868982 -0.03770792 0.1375248 0.06892752 -0.03785151 0.1374096 0.06942468 -0.03844273 0.1375248 0.06934577 -0.03839915 0.1375681 0.06704235 -0.0366261 0.1382176 0.06642997 -0.03723847 0.1377176 0.06678354 -0.03688496 0.1368516 0.06831514 -0.03846389 0.1369096 0.06851559 -0.03861695 0.1368516 0.07050645 -0.0400902 0.1382176 0.07024765 -0.040349 0.1368516 0.06679272 -0.03760123 0.1377176 0.06676143 -0.03793466 0.1381642 0.06791454 -0.03836947 0.1372846 0.06786531 -0.03853237 0.1375444 0.06730061 -0.03912484 0.1389616 0.06866866 -0.03881746 0.1369096 0.06823533 -0.03870683 0.1370086 0.06834328 -0.03878927 0.1369773 0.06989407 -0.04070258 0.1377176 0.06953132 -0.04033982 0.1377176 0.06836724 -0.03918957 0.1377346 0.06873339 -0.03778684 0.1375681 0.06812101 -0.03839915 0.137068 0.06813079 -0.03867197 0.1370939 0.06873339 -0.03901153 0.137068 0.06842571 -0.03889721 0.1370086 0.02319037 0.007127225 0.1376 0.03803962 -0.00772196 0.1376 0.0585457 -0.02822804 0.1376 0.06852692 -0.03775709 0.1377846 0.06937545 -0.03860563 0.1377846 0.0693047 -0.03853493 0.1377846 0.06821632 -0.03891623 0.1371846 0.02222299 0.02448439 0.1442658 0.02215886 0.02442026 0.1444934 0.06859761 -0.03782784 0.1377846 0.06798523 -0.03844022 0.1372846 0.06805771 -0.03869408 0.1372105 0.06869238 -0.03914731 0.1372846 0.06846058 -0.03900176 0.1370939 0.06843847 -0.03907489 0.1372105 0.08823955 -0.03657066 0.146223 0.08825618 -0.03655403 0.1462112 0.08818936 -0.03662085 0.1464115 0.08821684 -0.03659343 0.1462518 0.08819389 -0.03661632 0.1463022 0.01974827 0.009763598 0.1393252 0.01950055 0.009859144 0.1405116 0.02005445 0.01006978 0.1395752 0.02212119 0.008259654 0.1382609 0.02242738 0.008565843 0.1385109 0.02179604 0.008914291 0.1388573 0.02148985 0.008608102 0.1386073 0.02133202 0.008695244 0.1386939 0.02031689 0.009236514 0.1402743 0.02163821 0.009001433 0.1389439 0.03459751 -0.005085587 0.1393252 0.03434979 -0.004990041 0.1405116 0.0349037 -0.004779398 0.1395752 0.03697043 -0.006589531 0.1382609 0.03727662 -0.006283342 0.1385109 0.03664529 -0.005934894 0.1388573 0.0363391 -0.006241023 0.1386073 0.03618127 -0.006153941 0.1386939 0.03516614 -0.005612671 0.1402743 0.03648746 -0.005847752 0.1389439 0.0551036 -0.02559167 0.1393252 0.05485588 -0.02549618 0.1405116 0.05540978 -0.02528548 0.1395752 0.05747652 -0.02709561 0.1382609 0.0577827 -0.02678942 0.1385109 0.05715137 -0.02644097 0.1388573 0.05684518 -0.02674716 0.1386073 0.05668735 -0.02666002 0.1386939 0.05567222 -0.02611875 0.1402743 0.05699354 -0.02635383 0.1389439 0.02294224 0.02529788 0.1452878 0.02250224 0.01977211 0.1525944 0.02265834 0.01932501 0.1529507 0.0231592 0.01814013 0.1537886 0.02365785 0.01717102 0.1543647 0.02438312 0.01596879 0.1549488 0.07319122 -0.04801476 0.136635 0.07128924 -0.04727578 0.1380593 0.07159543 -0.04696959 0.1383093 0.08757001 -0.03708606 0.1477397 0.08683365 -0.03740769 0.1490356 0.08651143 -0.03749531 0.1495375 0.08620446 -0.03755527 0.1499869 0.08344894 -0.03738361 0.1531515 0.08268952 -0.03717172 0.153822 0.08231204 -0.03704535 0.1541296 0.07286554 -0.02165579 0.1468508 0.08527445 -0.03762274 0.1512085 0.08426386 -0.0375421 0.1523476 0.08721286 -0.03729867 0.1482375 0.08740943 -0.0372011 0.1478773 0.07280433 -0.02171707 0.1468008 0.08116739 -0.03667116 0.1548732 0.08176219 -0.03692275 0.1544528 0.08291089 -0.03731781 0.1535299 0.08401471 -0.0375728 0.1524902 0.08479464 -0.03766673 0.15165 0.08575683 -0.03766262 0.1504666 0.0866295 -0.03750985 0.1492106 0.05849421 -0.01568174 0.1571354 0.07133466 -0.02012485 0.1468508 0.07069164 -0.02076786 0.1463258 0.07085341 -0.02125316 0.1467221 0.07173728 -0.02213704 0.1467221 0.07222259 -0.02229881 0.1463258 0.07123613 -0.02175432 0.1468671 0.05882322 -0.01334351 0.1576711 0.06268942 -0.008588254 0.1473096 0.06324088 -0.009465932 0.1471764 0.0589599 -0.0137484 0.1576633 0.05899655 -0.01395595 0.1576531 0.06332278 -0.01044172 0.1468114 0.0626282 -0.008649468 0.1472596 0.05837839 -0.01289927 0.1576694 0.0631082 -0.009365975 0.147163 0.05872762 -0.01340264 0.1576671 0.05882292 -0.01365292 0.1576607 0.06325662 -0.01017713 0.1468925 0.05871194 -0.01518344 0.1573854 0.06304407 -0.01092219 0.1465016 0.05888122 -0.01464164 0.1575521 0.05889481 -0.01398956 0.1576419 0.05898272 -0.01464307 0.1575697 0.05881285 -0.0152021 0.1574087 0.05894672 -0.01481693 0.1575314 0.05866879 -0.01526832 0.1573471 0.05786246 -0.01597934 0.1567381 0.06176757 -0.01166617 0.1456767 0.06251263 -0.01145362 0.1460676 0.05809617 -0.01587009 0.1568856 0.0583173 -0.01571273 0.1570473 0.05667704 -0.0159685 0.1562256 0.06095647 -0.01151776 0.1454061 0.05728483 -0.01607644 0.1564451 0.05610728 -0.01566833 0.1561064 0.06023997 -0.01103776 0.1453096 0.07127338 -0.02018612 0.1468008 0.05582481 -0.005345821 0.1556458 0.07375347 -0.01770597 0.1488258 0.07528442 -0.01923692 0.1488258 0.08670616 -0.03194159 0.1503971 0.08726257 -0.03173583 0.1494637 0.08603405 -0.03203696 0.151337 0.08343279 -0.0315116 0.1538795 0.08449882 -0.03186142 0.1530023 0.08521103 -0.03199857 0.152298 0.08146607 -0.03048318 0.1550287 0.08276426 -0.03121495 0.1543349 0.01544541 0.01565402 0.139814 0.01301717 0.01178878 0.1370887 0.08818328 -0.03662693 0.1463895 0.08818274 -0.03662753 0.1463561 0.08807289 -0.03629386 0.1484934 0.08408075 -0.04021483 0.1452757 0.08052647 -0.04308164 0.1425596 0.049811 -2.88859e-4 0.1454402 0.0496459 6.53993e-4 0.1457577 0.04972779 -3.21832e-4 0.1453928 0.05034047 -0.00113821 0.1453096 0.0502792 -0.001199483 0.1452596 0.06017869 -0.01109898 0.1452596 0.06105637 -0.01165038 0.1453928 0.06203222 -0.01173228 0.1457577 0.04974335 6.5292e-4 0.1457971 0.02302634 0.007077693 0.1378616 0.0227918 0.007155895 0.1380531 0.02236461 0.007583081 0.1380531 0.02228641 0.007817625 0.1378616 0.02254956 0.007340848 0.1381232 0.02346837 0.00691241 0.1382609 0.04104572 0.01016396 0.1468508 0.0456357 -0.002944707 0.1570841 0.04098451 0.01010268 0.1468008 0.05896347 -0.007434248 0.1462596 0.05458515 -0.01237827 0.1568771 0.05900138 -0.007962048 0.1460596 0.0545271 -0.01230746 0.1568825 0.05583912 -0.01543855 0.1560893 0.05093646 0.001944541 0.1468114 0.05093753 0.001847028 0.1467721 0.05191224 0.001862645 0.1471764 0.05187928 0.001779377 0.1471289 0.01808899 0.01935577 0.1425596 0.05278992 0.001311182 0.1473096 0.05272871 0.001249969 0.1472596 0.07682466 -0.04572522 0.139814 0.0209558 0.02291005 0.1452757 0.05015569 0.001434683 0.1462846 0.02550011 0.003831624 0.1395458 0.02573901 0.004243612 0.1397486 0.04034936 -0.01101756 0.1395458 0.04058825 -0.01060557 0.1397486 0.02176278 0.02391642 0.1454243 0.02479028 0.004697859 0.1393542 0.02509647 0.005004048 0.1396042 0.03963953 -0.01015132 0.1393542 0.03994572 -0.009845137 0.1396042 0.0386238 -0.007630586 0.1385109 0.03831762 -0.007936775 0.1382609 0.06921255 -0.03865486 0.1380444 0.02381688 0.006281137 0.1386073 0.02412307 0.006587326 0.1388573 0.06916898 -0.03857594 0.1380011 0.0685566 -0.03918832 0.1375011 0.03866612 -0.008568048 0.1386073 0.03897231 -0.008261859 0.1388573 0.03787559 -0.007771492 0.1378616 0.03764104 -0.00769329 0.1380531 0.03721386 -0.007266104 0.1380531 0.03713566 -0.007031559 0.1378616 0.03739881 -0.007508337 0.1381232 0.06836539 -0.03909695 0.1373271 0.06826084 -0.03906214 0.1374124 0.06807047 -0.0388717 0.1374124 0.0680356 -0.03876721 0.1373271 0.0681529 -0.03897964 0.1374437 0.05917561 -0.008070647 0.1460863 0.05887889 -0.007594645 0.1461596 0.05889278 -0.007787823 0.1460863 0.05936878 -0.008084535 0.1461596 0.05912387 -0.007349669 0.1463596 0.05470448 -0.01176905 0.1571848 0.05464363 -0.01178759 0.1571532 0.05844527 -0.01558738 0.157154 0.05875909 -0.01531022 0.1573619 0.05839353 -0.01564186 0.1571099 0.05843347 -0.01574248 0.1570841 0.05791968 -0.0160622 0.156727 0.05839133 -0.0157808 0.1570499 0.05448126 -0.01194679 0.1570173 0.05446118 -0.01201236 0.1569807 0.05447614 -0.0122044 0.1569048 0.0514512 -0.01104962 0.1560881 0.05577921 -0.01549845 0.1560361 0.04863566 -0.008354127 0.1560351 0.02390396 0.006123304 0.1386939 0.02421015 0.006429493 0.1389439 0.02497231 0.004539549 0.1393252 0.0252785 0.004845678 0.1395752 0.03875321 -0.008725881 0.1386939 0.0390594 -0.008419692 0.1389439 0.03982156 -0.01030969 0.1393252 0.04012775 -0.0100035 0.1395752 0.07056748 -0.04094785 0.1391932 0.05961376 -0.00783956 0.1463596 0.05959987 -0.007646381 0.1464328 0.05949127 -0.007472157 0.1464596 0.05931705 -0.007363557 0.1464328 0.02377456 0.007218599 0.1385109 0.06794422 -0.03857594 0.1375011 0.0685566 -0.03796356 0.1380011 0.06847769 -0.03792005 0.1380444 0.08838367 -0.03519701 0.1489981 0.05515432 -0.01199609 0.1572669 0.05507516 -0.01188826 0.1572768 0.05489969 -0.01178091 0.157253 0.05500912 -0.01183396 0.1572728 0.05519622 -0.01212012 0.1572377 0.05518251 -0.01206374 0.157253 0.05488914 -0.01177769 0.1572504 0.05476242 -0.01176196 0.1572097 0.05519676 -0.01224601 0.1571907 0.05515658 -0.0123586 0.1571294 0.05519437 -0.01225894 0.1571847 0.05454641 -0.01185137 0.1570858 0.05495107 -0.01250225 0.1569808 0.05475896 -0.01248729 0.1569049 0.05485486 -0.01250731 0.1569374 0.05445522 -0.01206356 0.1569563 0.05447107 -0.01218843 0.1569095 0.05461692 -0.01240718 0.1568782 0.05473041 -0.01247644 0.1568973 0.04522073 -0.003854155 0.1565141 0.04524374 -0.004424691 0.1562743 0.04539859 -0.003275394 0.1568415 0.04522913 -0.003791928 0.1565448 0.05737823 -0.01616829 0.1564458 0.05762112 -0.01614338 0.1565625 0.05673974 -0.01608163 0.1562034 0.05731415 -0.01616936 0.1564173 0.04550302 -0.005110323 0.1560859 0.04546928 -0.005050182 0.1560976 0.0453248 -0.00472474 0.1561777 0.04525721 -0.004489362 0.1562517 0.05613195 -0.01578986 0.1560634 0.05667531 -0.01606088 0.1561841 0.05607455 -0.01574981 0.1560558 0.03945356 0.01163363 0.1468008 0.03887182 0.01105189 0.1463258 0.03951483 0.0116949 0.1468508 0.05838167 -0.02827757 0.1378616 0.05814713 -0.02819943 0.1380531 0.05771994 -0.02777224 0.1380531 0.05764174 -0.02753764 0.1378616 0.05790495 -0.02801442 0.1381232 0.0588237 -0.02844285 0.1382609 0.03903359 0.01056659 0.1467221 0.03991746 0.009682714 0.1467221 0.04040277 0.009520947 0.1463258 0.03941631 0.01006543 0.1468671 0.04804319 -0.002683162 0.1576673 0.04847919 -0.002999484 0.1576687 0.05287069 -0.007384836 0.1576611 0.04593968 -0.005539 0.1560893 0.04587972 -0.005598962 0.156036 0.0434646 0.01258283 0.1488258 0.04856061 -0.002918064 0.1576693 0.04809021 -0.002581119 0.1576705 0.04798102 -0.002530694 0.1576699 0.04763007 -0.002418041 0.1576626 0.047957 -0.002641618 0.157666 0.04738128 -0.002482175 0.1576408 0.04758155 -0.002517044 0.1576536 0.04613512 -0.002584755 0.1573916 0.04656136 -0.002431333 0.1575311 0.04671925 -0.002398073 0.1575662 0.04738724 -0.002377152 0.1576502 0.04655563 -0.002535581 0.1575084 0.04674464 -0.002495467 0.1575534 0.04618561 -0.002670586 0.1573814 0.04573631 -0.002984642 0.1571099 0.04551041 -0.003278076 0.1568883 0.04533159 -0.003758847 0.1566038 0.04532104 -0.003819882 0.1565726 0.04540687 -0.004692912 0.156228 0.04533481 -0.004421889 0.1563156 0.04554927 -0.005016982 0.1561477 0.05511009 -0.01241904 0.1570841 0.06085544 -0.0315237 0.1395458 0.06109434 -0.03111165 0.1397486 0.05956554 -0.02892583 0.1389439 0.06063383 -0.03050959 0.1395752 0.05912989 -0.02813667 0.1385109 0.06014561 -0.03065741 0.1393542 0.0604518 -0.03035122 0.1396042 0.05917221 -0.02907419 0.1386073 0.0594784 -0.028768 0.1388573 0.05845975 -0.01281791 0.1576701 0.0529524 -0.007303118 0.157661 0.04005932 0.01070845 0.1473921 0.04056048 0.01032572 0.1472471 0.04134297 0.001469492 0.1571354 0.04569643 -0.00288397 0.1571354 0.04579114 -0.002932608 0.1571542 0.05925935 -0.02923202 0.1386939 0.06032764 -0.03081578 0.1393252 0.08835077 -0.03400683 0.1493409 0.05497616 -0.01249635 0.156994 0.05508071 -0.01244473 0.1570606 0.01389485 0.0101186 0.1380593 0.01274538 0.01106494 0.1383081 0.01420104 0.01042479 0.1383093 0.04542809 -0.003222405 0.1568769 0.02335679 0.001688301 0.1377958 0.06842422 -0.04309117 0.1374432 0.06836247 -0.03912365 0.1376596 0.06800895 -0.03877007 0.1376596 0.06816202 -0.03897053 0.1377176 0.06862133 -0.0381577 0.1381596 0.06855535 -0.03815299 0.1382346 0.06897485 -0.03851127 0.1381596 0.06794297 -0.03876531 0.1377346 0.06897962 -0.03857725 0.1382346 0.02304136 0.007054805 0.1386096 0.03789061 -0.00779438 0.1386096 0.05839669 -0.02830052 0.1386096 0.02249944 0.02466809 0.1466014 0.02229952 0.02045994 0.1520002 0.02219486 0.02391177 0.1479008 0.02206283 0.02327436 0.1488431 0.02201581 0.02234059 0.1500444 0.02211713 0.02131295 0.1511789 0.0687744 -0.03835815 0.1382176 0.06873905 -0.03839349 0.1383042 0.0674051 -0.03698885 0.1382176 0.06737381 -0.03732228 0.1386643 0.06698906 -0.03719401 0.1389784 0.06993854 -0.04014348 0.1389784 0.06981033 -0.03975874 0.1386643 0.07014369 -0.03972744 0.1382176 0.06919795 -0.04037111 0.1381642 0.06844794 -0.04012113 0.1387766 0.06812667 -0.03900587 0.1378042 0.02226352 0.007832586 0.1386096 0.02260035 0.007391571 0.1387372 0.03744959 -0.007457613 0.1387372 0.05795568 -0.02796369 0.1387372 0.02256971 0.008138775 0.1388596 0.02204191 0.008176684 0.1394596 0.02334755 0.007360994 0.1388596 0.03689116 -0.006672501 0.1394596 0.0381968 -0.007488191 0.1388596 0.05739724 -0.02717858 0.1394596 0.05870288 -0.02799433 0.1388596 0.03185939 0.01870757 0.155538 0.04209548 0.01362848 0.1492221 0.0396766 0.0112096 0.1472471 0.04462647 0.00585246 0.1556458 0.04297935 0.0127446 0.1492221 0.07391524 -0.01819127 0.1492221 0.07149636 -0.02061015 0.1472471 0.07319784 -0.02271884 0.1556458 0.0788058 -0.02832674 0.1556458 0.0792849 -0.02878773 0.1556236 0.07479912 -0.01907515 0.1492221 0.08089315 -0.03009653 0.1552569 0.02972978 0.0130831 0.1571348 0.07453238 -0.03171944 0.1571348 0.0723803 -0.02149403 0.1472471 0.07568627 -0.03284525 0.1571004 0.08024078 -0.03612625 0.1555407 0.0797708 -0.03586769 0.1557996 0.08114045 -0.03657054 0.154983 0.07902652 -0.03542155 0.1561647 0.07833385 -0.03496593 0.1564551 0.07782882 -0.03460866 0.1566361 0.07693219 -0.03392088 0.1568919 0.075778 -0.03292953 0.1570913 0.0296716 0.01301878 0.1570848 0.03961533 0.01114833 0.1471971 0.04128217 0.001408696 0.1570842 0.04049921 0.01026445 0.1471971 0.07143515 -0.02067142 0.1471971 0.07231903 -0.0215553 0.1471971 0.07443434 -0.03174388 0.1570848 0.07519066 -0.03249591 0.1570796 0.0756213 -0.03290337 0.1570511 0.07635521 -0.03355473 0.1569501 0.07755076 -0.03450983 0.1566556 0.07845759 -0.03515237 0.1563319 0.07966125 -0.03590083 0.1557744 0.08086991 -0.03653395 0.1550695 0.06627815 -0.03714948 0.1397945 0.06413483 -0.03929281 0.1380445 0.0200107 0.008930325 0.1400243 0.03485995 -0.00591886 0.1400243 0.05536603 -0.02642494 0.1400243 0.02173572 0.007870495 0.1392096 0.0233854 0.006833195 0.1394596 0.03658497 -0.00697869 0.1392096 0.03823465 -0.00801599 0.1394596 0.05709105 -0.02748477 0.1392096 0.05874073 -0.02852213 0.1394596 0.02160376 0.007879972 0.1393596 0.02307921 0.006527006 0.1392096 0.03792846 -0.008322179 0.1392096 0.05843454 -0.02882826 0.1392096 0.02290654 0.007697761 0.1389872 0.02262365 0.007414937 0.13968 0.03775578 -0.007151424 0.1389872 0.0374729 -0.007434248 0.13968 0.05826187 -0.0276575 0.1389872 0.05797898 -0.02794033 0.13968 0.07223564 -0.04842525 0.1383081 0.01908987 0.009601712 0.1403298 0.03393912 -0.005247473 0.1403298 0.0544452 -0.02575355 0.1403298 0.06637668 -0.03780639 0.1384784 0.06701141 -0.0386846 0.1387766 0.06932616 -0.04075586 0.1384784 0.06857615 -0.04050588 0.1390908 0.01694655 0.007458448 0.1385797 0.03058767 -0.002115964 0.1405991 0.05230188 -0.02789688 0.1385797 0.01421701 0.008733332 0.1403614 0.02190995 0.008186161 0.1396096 0.02102828 0.007775306 0.1411926 0.02339488 0.006701231 0.1396096 0.03587752 -0.007073879 0.1411926 0.03824412 -0.008147954 0.1396096 0.0563836 -0.02757996 0.1411926 0.05875021 -0.02865403 0.1396096 0.02308869 0.006395041 0.1393596 0.03793793 -0.008454144 0.1393596 0.05844402 -0.02896022 0.1393596 0.03284388 0.0176351 0.1556458 0.0424782 0.01312732 0.1493671 0.07429802 -0.01869243 0.1493671 0.07187914 -0.0211113 0.1473921 0.03285777 0.009954869 0.1571351 0.06952846 -0.02671575 0.1571351 0.07316058 -0.03034782 0.157135 0.0349766 0.007714092 0.1570844 0.03999805 0.01064717 0.1473421 0.0327968 0.009893894 0.1570845 0.03054898 0.01214152 0.1570847 0.03689372 0.005797028 0.1570844 0.07181787 -0.02117252 0.1473421 0.067492 -0.02480125 0.1570844 0.0284444 -0.004259288 0.1388491 0.04279118 -0.01431947 0.1405991 0.03695464 0.005857944 0.1571352 0.02141541 0.02320599 0.1467198 0.08724373 -0.03309392 0.1507345 0.06691652 -0.03846079 0.1406187 0.06723904 -0.03794401 0.1395907 0.06662666 -0.03855639 0.1390908 0.06918853 -0.0398935 0.1395907 0.08750849 -0.03432089 0.1507572 0.0151335 0.01481002 0.1412298 0.06933867 -0.04060566 0.1402791 0.06990396 -0.04695361 0.1403614 0.06719535 -0.04274898 0.1385291 0.01775157 0.01842814 0.144109 0.07598072 -0.04603707 0.1412298 0.02231746 0.007108747 0.1394301 0.03716671 -0.007740437 0.13943 0.05767285 -0.02824652 0.13943 0.02224677 0.007038056 0.1396032 0.03709602 -0.007811129 0.1396032 0.0576021 -0.02831727 0.1396032 0.08747792 -0.03553378 0.1505199 0.06791299 -0.03851246 0.1394616 0.06773161 -0.03869384 0.1399059 0.06762379 -0.03807228 0.1392766 0.0684387 -0.03940099 0.1399059 0.06862008 -0.03921961 0.1394616 0.06906032 -0.03950875 0.1392766 0.0680077 -0.03983193 0.1389616 0.02060306 0.02193802 0.1468983 0.07959884 -0.04341906 0.1441089 0.0203545 0.008760929 0.1408106 0.02008509 0.008317172 0.1416841 0.02004832 0.00845474 0.1405606 0.0239697 0.005145788 0.1408106 0.03520375 -0.006088256 0.1408106 0.03493434 -0.006532013 0.1416841 0.03489756 -0.006394445 0.1405606 0.03881895 -0.009703397 0.1408106 0.05570983 -0.02659434 0.1408106 0.05544042 -0.02703809 0.1416841 0.0554037 -0.02690052 0.1405606 0.05932503 -0.03020948 0.1408106 0.02342104 0.00507915 0.1405642 0.02366352 0.004839599 0.1405606 0.03827029 -0.009770035 0.1405642 0.03851276 -0.01000958 0.1405606 0.05877637 -0.03027611 0.1405642 0.05901885 -0.03051567 0.1405606 0.08712959 -0.03664368 0.1500772 0.02372723 0.005385339 0.1408142 0.03857642 -0.009463846 0.1408142 0.05908256 -0.02996993 0.1408142 0.02255296 0.007344245 0.1398532 0.02225905 0.006385445 0.1413875 0.03740221 -0.00750494 0.1398532 0.03710824 -0.00846374 0.1413875 0.05790829 -0.02801108 0.1398532 0.05761438 -0.02896982 0.1413875 0.08310866 -0.04056757 0.1468983 0.06711924 -0.03930622 0.1394059 0.06782633 -0.04001331 0.1394059 0.02431929 0.004505813 0.1411663 0.03916853 -0.01034337 0.1411663 0.05967462 -0.03084945 0.1411663 0.02404129 0.004101037 0.1410025 0.04115372 -0.0139048 0.1420968 0.03889048 -0.01074814 0.1410025 0.05939662 -0.03125423 0.1410025 0.02984237 -0.00767821 0.1413243 0.02189797 0.001957774 0.1392525 0.02885901 -0.005896747 0.1403468 0.06802105 -0.03970813 0.1407936 0.06477326 -0.04060411 0.1388687 0.08637481 -0.03320318 0.1519325 0.02072209 0.007469117 0.1409426 0.03557133 -0.007380068 0.1409426 0.05607742 -0.02788615 0.1409426 0.01391083 0.008427143 0.1401114 0.01263558 0.01020312 0.1394981 0.01264905 0.01045733 0.1391703 0.07194459 -0.04848366 0.1387361 0.07137382 -0.04853504 0.1394981 0.06959778 -0.0472598 0.1401114 0.02121019 0.0223748 0.1479892 0.01969051 0.008017361 0.1415346 0.03453975 -0.006831824 0.1415346 0.0550459 -0.02733796 0.1415346 0.06790941 -0.04628878 0.1419899 0.0658071 -0.04504013 0.1430355 0.06587779 -0.0418514 0.1390436 0.01502168 0.01380866 0.1425932 0.01754724 0.005874037 0.1397846 0.03198564 -0.005534887 0.1430743 0.03100234 -0.003753423 0.1420968 0.05290257 -0.02948123 0.1397846 0.01488184 0.006738781 0.14199 0.0355184 -0.0136314 0.1416637 0.0865221 -0.03443992 0.1521109 0.02123707 0.007318556 0.1414963 0.02122479 0.006735384 0.1422256 0.02093088 0.007012367 0.1412463 0.02252733 0.006028354 0.1414963 0.03608632 -0.007530629 0.1414963 0.03607404 -0.008113801 0.1422256 0.03578013 -0.007836818 0.1412463 0.03737658 -0.008820831 0.1414963 0.0565924 -0.02803671 0.1414963 0.05658012 -0.02861988 0.1422256 0.05628621 -0.0283429 0.1412463 0.05788266 -0.02932691 0.1414963 0.02195286 0.006079316 0.1411374 0.02222114 0.005722165 0.1412463 0.03707039 -0.00912702 0.1412463 0.03680211 -0.008769869 0.1411374 0.05757647 -0.0296331 0.1412463 0.05730819 -0.02927601 0.1411374 0.06380265 -0.04332989 0.1433958 0.0176379 0.01731753 0.1456085 0.07497936 -0.04614895 0.1425932 0.08641183 -0.03565931 0.1519793 0.08540141 -0.03314048 0.1530479 0.08601415 -0.03677207 0.1516007 0.02048504 0.02077293 0.1484698 0.07848823 -0.04353272 0.1456085 0.02272248 0.005387246 0.1420424 0.03757172 -0.009461939 0.1420424 0.05807781 -0.02996808 0.1420424 0.02240055 0.00500673 0.1419028 0.03937226 -0.01292151 0.1430743 0.0372498 -0.009842455 0.1419028 0.05775588 -0.03034859 0.1419028 0.01784074 0.002631962 0.1433958 0.02025723 0.002863407 0.1401528 0.02115404 0.02170032 0.148884 0.08194363 -0.04068553 0.1484698 0.02086156 0.006392002 0.142091 0.03571081 -0.008457183 0.142091 0.05621695 -0.02896332 0.142091 0.01511824 0.01267749 0.1438605 0.01277214 0.00881505 0.1410308 0.07035553 -0.04846519 0.1406596 0.0187183 0.004248678 0.140341 0.03341907 -0.007245481 0.1434137 0.05407363 -0.03110659 0.140341 0.0161305 0.004636406 0.1430355 0.08541446 -0.03436088 0.1533707 0.08434218 -0.032907 0.1540593 0.03766173 -0.01148808 0.1434137 0.01776069 0.0160585 0.1470002 0.07384812 -0.04605239 0.1438605 0.08521223 -0.03556835 0.1533371 0.01457566 0.006432592 0.1417399 0.01292967 0.00818336 0.1416116 0.06852984 -0.04796075 0.1422778 0.06760329 -0.04659497 0.1417399 0.06935405 -0.04824095 0.1416116 0.03111129 0.008360862 0.15569 0.03353852 0.01108652 0.1492145 0.03386521 0.01088285 0.1492647 0.03123813 0.008255779 0.1556996 0.0312969 0.008190989 0.1556968 0.03406882 0.01055616 0.1492145 0.03323304 0.006239891 0.1556891 0.03565984 0.008965194 0.1492145 0.03598654 0.008761525 0.1492647 0.03335982 0.006134808 0.1556988 0.03341859 0.006069958 0.155696 0.03619015 0.008434832 0.1492145 0.03747802 0.001999676 0.1556832 0.03990244 0.004722535 0.1492145 0.04022914 0.004518926 0.1492647 0.03760492 0.001894652 0.1556928 0.03766369 0.001829862 0.1556899 0.04043281 0.004192173 0.1492145 0.04172253 -0.002241134 0.1556788 0.0441451 4.79918e-4 0.1492145 0.0444718 2.76286e-4 0.1492647 0.04184925 -0.002346217 0.1556885 0.04190808 -0.002411127 0.1556858 0.0446754 -5.04106e-5 0.1492145 0.04384392 -0.004362404 0.1556786 0.04626643 -0.001641392 0.1492145 0.04659312 -0.001845002 0.1492647 0.04397064 -0.004467487 0.1556884 0.04402947 -0.004532396 0.1556857 0.04679673 -0.002171695 0.1492145 0.04596543 -0.006483554 0.1556782 0.04838776 -0.003762722 0.1492145 0.04871445 -0.003966331 0.1492647 0.04609215 -0.006588578 0.1556879 0.04615098 -0.006653487 0.1556851 0.04891806 -0.004293024 0.1492145 0.04808712 -0.008604526 0.1556774 0.05050909 -0.005883991 0.1492145 0.05083578 -0.00608766 0.1492647 0.04821383 -0.008709609 0.1556871 0.0482726 -0.008774459 0.1556844 0.05103939 -0.006414353 0.1492145 0.05445075 -0.01496881 0.1556782 0.05687302 -0.01224797 0.1492145 0.05719971 -0.01245158 0.1492647 0.05457746 -0.01507389 0.1556879 0.05463624 -0.0151388 0.1556852 0.05740338 -0.01277828 0.1492145 0.06293416 -0.02345597 0.1556828 0.06535834 -0.02073323 0.1492145 0.06568503 -0.0209369 0.1492647 0.06306076 -0.02356112 0.1556927 0.06311953 -0.02362608 0.1556901 0.06588864 -0.02126359 0.1492145 0.06929522 -0.02982276 0.1556898 0.07172226 -0.02709722 0.1492145 0.07204896 -0.02730083 0.1492647 0.06942194 -0.0299279 0.1556996 0.06948065 -0.02999281 0.1556969 0.07225263 -0.02762752 0.1492145 0.07141453 -0.03194618 0.1556949 0.07384359 -0.02921855 0.1492145 0.07417029 -0.02942216 0.1492647 0.07154101 -0.03205144 0.1557051 0.07159972 -0.03211653 0.1557027 0.0743739 -0.02974885 0.1492145 0.02876514 0.01058709 0.1556457 0.031313 0.01323461 0.1491829 0.03161436 0.01311069 0.1492553 0.0289874 0.01047986 0.1556959 0.02917331 0.01031035 0.1557021 0.03185039 0.01287466 0.1492553 0.02922159 0.01024585 0.1556945 0.02930206 0.01009762 0.1556634 0.03197431 0.0125733 0.1491829 0.03181493 0.01201456 0.1488897 0.03513324 0.004227042 0.1556359 0.03767699 0.006870687 0.1491829 0.03797829 0.006746709 0.1492553 0.03535521 0.004119455 0.155687 0.03554081 0.003949642 0.1556937 0.03821432 0.006510674 0.1492553 0.03558892 0.003885269 0.1556863 0.03566932 0.003736793 0.1556554 0.0383383 0.006209373 0.1491829 0.03817892 0.005650579 0.1488897 0.03937888 -1.26176e-5 0.1556288 0.04191964 0.002628028 0.1491829 0.04222095 0.00250405 0.1492553 0.03960072 -1.20327e-4 0.15568 0.03978627 -2.90211e-4 0.1556869 0.04245698 0.002268075 0.1492553 0.04258096 0.001966714 0.1491829 0.03983432 -3.54562e-4 0.1556794 0.03991478 -5.03097e-4 0.1556486 0.04998683 -0.01061785 0.1556255 0.05252623 -0.007978498 0.1491829 0.05282753 -0.008102476 0.1492553 0.05020862 -0.01072567 0.1556769 0.05039411 -0.0108956 0.1556839 0.05306357 -0.00833851 0.1492553 0.05044209 -0.01095998 0.1556766 0.05052256 -0.01110857 0.1556458 0.05318754 -0.008639812 0.1491829 0.0530281 -0.009198606 0.1488897 0.05210804 -0.0127393 0.1556258 0.05464756 -0.01009982 0.1491829 0.05494886 -0.0102238 0.1492553 0.05232977 -0.01284712 0.1556773 0.05251526 -0.01301717 0.1556844 0.0551849 -0.01045984 0.1492553 0.0543406 -0.01011246 0.1490524 0.05514943 -0.01131987 0.1488897 0.05256325 -0.01308149 0.155677 0.05264365 -0.01323014 0.1556463 0.05530887 -0.01076114 0.1491829 0.05635011 -0.01698255 0.1556272 0.05889016 -0.01434248 0.1491829 0.05919152 -0.01446646 0.1492553 0.0565719 -0.01709032 0.1556786 0.05675739 -0.01726031 0.1556857 0.05942755 -0.01470243 0.1492553 0.05955147 -0.0150038 0.1491829 0.05680537 -0.01732462 0.1556783 0.05688577 -0.01747328 0.1556475 0.05847138 -0.01910388 0.1556273 0.06101149 -0.01646381 0.1491829 0.06131285 -0.01658773 0.1492553 0.05869317 -0.0192117 0.1556788 0.0588786 -0.0193817 0.1556858 0.06154882 -0.01682376 0.1492553 0.0616728 -0.01712512 0.1491829 0.05892664 -0.01944601 0.1556785 0.05900704 -0.01959466 0.1556477 0.06059235 -0.02122557 0.1556282 0.06313282 -0.01858514 0.1491829 0.06343418 -0.01870906 0.1492553 0.06081408 -0.02133345 0.1556798 0.06099951 -0.0215035 0.1556869 0.06367015 -0.01894509 0.1492553 0.06104743 -0.02156782 0.1556797 0.06112784 -0.02171653 0.155649 0.06379413 -0.01924645 0.1491829 0.06363475 -0.01980519 0.1488897 0.06483221 -0.02547103 0.155635 0.06737548 -0.02282774 0.1491829 0.06767678 -0.02295172 0.1492553 0.06505393 -0.02557885 0.1556866 0.06523931 -0.02574896 0.1556939 0.06791281 -0.02318775 0.1492553 0.06528723 -0.02581334 0.1556866 0.06536757 -0.02596211 0.1556561 0.06803679 -0.02348905 0.1491829 0.06787735 -0.02404785 0.1488897 0.0669524 -0.02759337 0.1556376 0.06949681 -0.02494907 0.1491829 0.06979811 -0.02507305 0.1492553 0.06717419 -0.02770113 0.155689 0.06735968 -0.02787113 0.1556961 0.07003414 -0.02530908 0.1492553 0.06740766 -0.0279355 0.1556888 0.06748807 -0.02808415 0.1556581 0.07015812 -0.02561038 0.1491829 0.06999868 -0.02616912 0.1488897 0.03091281 0.008460819 0.155646 0.03088939 0.008468508 0.1556389 0.03065621 0.008501708 0.1555489 0.0331763 0.01111251 0.1490772 0.03393626 0.009893238 0.1488897 0.03142535 0.007978022 0.1556587 0.03409481 0.01019394 0.1490772 0.03148239 0.007745981 0.1555798 0.03144335 0.007930696 0.1556455 0.03303456 0.006339907 0.155645 0.03301113 0.006347596 0.1556379 0.03277802 0.006380856 0.1555478 0.03529757 0.008991181 0.1490772 0.03605759 0.007771909 0.1488897 0.03354698 0.00585699 0.155658 0.03621613 0.008072614 0.1490772 0.03360402 0.005624949 0.155579 0.03356498 0.005809664 0.1556447 0.03727954 0.002099633 0.1556392 0.03725612 0.002107322 0.1556321 0.03702294 0.002140522 0.1555421 0.03954023 0.004748523 0.1490772 0.04030019 0.00352931 0.1488897 0.03779226 0.001617014 0.1556515 0.04045879 0.003829956 0.1490772 0.03784942 0.001385152 0.1555722 0.03781032 0.001569688 0.1556382 0.04152411 -0.002140998 0.1556345 0.0415008 -0.002133369 0.1556274 0.04126775 -0.00209999 0.1555371 0.04378288 5.05924e-4 0.1490772 0.04454284 -7.13322e-4 0.1488897 0.04203653 -0.002624034 0.1556476 0.04470145 -4.12635e-4 0.1490772 0.04209357 -0.002856016 0.1555685 0.04205453 -0.002671301 0.1556344 0.0436455 -0.004262268 0.1556343 0.04362219 -0.004254639 0.1556272 0.04338914 -0.0042212 0.1555368 0.04590421 -0.001615345 0.1490772 0.04666417 -0.002834618 0.1488897 0.04415786 -0.004745304 0.1556475 0.04682278 -0.002533912 0.1490772 0.04421496 -0.004977285 0.1555684 0.04417586 -0.004792571 0.1556343 0.045767 -0.006383419 0.1556339 0.04574364 -0.006375789 0.1556268 0.04551059 -0.006342411 0.1555365 0.04802554 -0.003736674 0.1490772 0.0487855 -0.004955947 0.1488897 0.04627943 -0.006866395 0.155647 0.04894405 -0.004655241 0.1490772 0.04633653 -0.007098376 0.1555678 0.04629743 -0.006913661 0.1556338 0.04788869 -0.00850439 0.1556331 0.04786533 -0.008496761 0.155626 0.04763221 -0.008463382 0.1555357 0.05014681 -0.005858004 0.1490772 0.05090683 -0.007077276 0.1488897 0.04840105 -0.008987367 0.1556462 0.05106538 -0.006776571 0.1490772 0.04845815 -0.009219348 0.155567 0.04841905 -0.009034693 0.1556329 0.05425238 -0.01486861 0.1556338 0.05422902 -0.01486098 0.1556267 0.05399596 -0.01482754 0.1555362 0.0565108 -0.01222199 0.1490772 0.05727076 -0.0134412 0.1488897 0.05476462 -0.01535177 0.1556471 0.05742937 -0.01314055 0.1490772 0.05482167 -0.01558381 0.1555681 0.05478262 -0.01539903 0.1556339 0.06273579 -0.02335572 0.1556382 0.06271249 -0.02334809 0.1556311 0.06247949 -0.02331459 0.1555405 0.06499606 -0.02070724 0.1490772 0.06575608 -0.02192652 0.1488897 0.06324779 -0.02383923 0.1556523 0.06591463 -0.02162581 0.1490772 0.06330472 -0.02407139 0.1555736 0.06326574 -0.0238865 0.1556392 0.0690968 -0.02972269 0.1556455 0.06907343 -0.029715 0.1556384 0.06884032 -0.02968168 0.1555482 0.07136005 -0.02707123 0.1490772 0.07212001 -0.02829045 0.1488897 0.06960898 -0.0302059 0.1556591 0.07227861 -0.0279898 0.1490772 0.0696659 -0.03043806 0.1555804 0.06962692 -0.03025323 0.155646 0.07121628 -0.03184586 0.15565 0.07119292 -0.03183817 0.1556429 0.07095998 -0.03180468 0.1555523 0.07348138 -0.0291925 0.1490772 0.07424134 -0.03041177 0.1488897 0.07172769 -0.03233003 0.1556656 0.07439994 -0.03011107 0.1490772 0.07178419 -0.03256255 0.1555877 0.07174551 -0.03237724 0.1556527 0.02853167 0.01061987 0.1555566 0.03100603 0.01322197 0.1490524 0.02868539 0.010607 0.1556192 0.02934807 0.009947061 0.1556159 0.02935934 0.00986576 0.1555841 0.03196167 0.01226633 0.1490524 0.03490006 0.004260301 0.155546 0.03737002 0.00685805 0.1490524 0.03505349 0.004247188 0.1556091 0.03571522 0.003586292 0.1556081 0.03572648 0.003504812 0.1555762 0.03832566 0.005902409 0.1490524 0.03914576 2.07163e-5 0.1555385 0.04161268 0.002615392 0.1490524 0.03929907 7.53254e-6 0.1556019 0.04242151 0.00140798 0.1488897 0.04256826 0.00165975 0.1490524 0.03996068 -6.53524e-4 0.1556012 0.03997194 -7.35011e-4 0.1555694 0.04975384 -0.01058447 0.1555351 0.05221927 -0.007991135 0.1490524 0.04990702 -0.0105977 0.1555985 0.05056834 -0.01125901 0.1555985 0.0505796 -0.01134055 0.1555667 0.05317491 -0.008946776 0.1490524 0.05187499 -0.01270592 0.1555354 0.05202823 -0.01271915 0.1555988 0.05268943 -0.01338052 0.1555991 0.05270069 -0.01346212 0.1555672 0.05529618 -0.0110681 0.1490524 0.05611705 -0.01694911 0.1555368 0.05858319 -0.01435512 0.1490524 0.0562703 -0.01696234 0.1556003 0.05939209 -0.01556253 0.1488897 0.05953884 -0.01531076 0.1490524 0.05693161 -0.01762366 0.1556003 0.05694288 -0.01770526 0.1555684 0.05823838 -0.0190705 0.1555369 0.06070452 -0.01647645 0.1490524 0.05839157 -0.01908373 0.1556003 0.06151342 -0.01768386 0.1488897 0.06166017 -0.01743209 0.1490524 0.05905288 -0.01974511 0.1556004 0.05906409 -0.01982665 0.1555687 0.06035935 -0.02119213 0.1555377 0.06282585 -0.01859778 0.1490524 0.06051254 -0.02120536 0.1556012 0.06117361 -0.02186697 0.1556019 0.06118482 -0.02194857 0.15557 0.06378149 -0.01955336 0.1490524 0.06459915 -0.02543759 0.1555446 0.06706851 -0.02284038 0.1490524 0.06475239 -0.02545082 0.1556081 0.06541329 -0.02611255 0.1556091 0.06542444 -0.02619427 0.1555774 0.06802415 -0.02379602 0.1490524 0.06671929 -0.02756005 0.1555474 0.06918984 -0.0249617 0.1490524 0.06687259 -0.02757322 0.1556107 0.06753385 -0.02823466 0.155611 0.06754505 -0.02831625 0.1555793 0.07014542 -0.02591735 0.1490524 0.0304383 0.008456766 0.15543 0.03287559 0.0109539 0.1488897 0.03055483 0.008491039 0.1554983 0.03146171 0.007521033 0.1554685 0.03147375 0.007572889 0.1554974 0.03136569 0.007328569 0.1553371 0.03256016 0.006335973 0.1554287 0.03499692 0.008832573 0.1488897 0.03267663 0.006370246 0.1554971 0.03358334 0.005400002 0.1554678 0.03359538 0.005451858 0.1554967 0.03348726 0.005207479 0.1553364 0.03680509 0.00209558 0.1554231 0.03923952 0.004589974 0.1488897 0.03692162 0.002129912 0.1554915 0.03782886 0.001160323 0.1554607 0.0378409 0.00121206 0.1554897 0.03773289 9.67931e-4 0.1553291 0.04104995 -0.002144753 0.1554177 0.04348218 3.47335e-4 0.1488897 0.04116636 -0.00211054 0.1554862 0.04207301 -0.003080844 0.155457 0.04208499 -0.003029048 0.1554861 0.04197698 -0.003273248 0.1553255 0.04317134 -0.004266023 0.1554175 0.04560351 -0.001773953 0.1488897 0.04328781 -0.00423175 0.1554861 0.04419434 -0.005202174 0.155457 0.04420638 -0.005150318 0.155486 0.04409831 -0.005394577 0.1553255 0.04529279 -0.006387233 0.1554172 0.04772484 -0.003895282 0.1488897 0.0454092 -0.006352961 0.1554858 0.0463159 -0.007323205 0.1554564 0.04632794 -0.007271409 0.1554854 0.04621988 -0.007515609 0.1553248 0.04741448 -0.008508205 0.1554164 0.04984617 -0.006016612 0.1488897 0.04753088 -0.008473932 0.1554849 0.04843759 -0.009444177 0.1554555 0.04844957 -0.00939238 0.1554846 0.04834157 -0.00963658 0.1553239 0.05377823 -0.01487231 0.1554169 0.0562101 -0.01238054 0.1488897 0.05389463 -0.01483809 0.1554854 0.05480104 -0.01580864 0.1554567 0.05481308 -0.01575684 0.1554858 0.05470502 -0.0160011 0.1553252 0.06226176 -0.02335935 0.1554211 0.06469541 -0.02086585 0.1488897 0.06237816 -0.02332514 0.1554897 0.06328392 -0.02429634 0.1554625 0.06329602 -0.02424442 0.1554915 0.06318783 -0.0244888 0.1553312 0.06862252 -0.02972656 0.155429 0.07105934 -0.02722978 0.1488897 0.06873899 -0.02969229 0.1554974 0.0696451 -0.03066313 0.1554694 0.0696572 -0.03061121 0.1554983 0.06954896 -0.03085559 0.1553381 0.07074218 -0.0318495 0.155433 0.07318067 -0.02935111 0.1488897 0.07085865 -0.03181529 0.1555016 0.07176303 -0.03278791 0.1554775 0.07177519 -0.03273582 0.1555064 0.07166665 -0.03298062 0.1553469 0.02831351 0.01057457 0.1554384 0.03075426 0.01307523 0.1488897 0.02838206 0.010598 0.1554798 0.02933877 0.009640812 0.1554726 0.02924275 0.009448349 0.1553412 0.03468215 0.0042153 0.155427 0.03711825 0.006711244 0.1488897 0.03475058 0.004238605 0.1554687 0.03570586 0.003279924 0.1554648 0.03560984 0.00308746 0.1553334 0.03892797 -2.41213e-5 0.1554193 0.04136085 0.002468645 0.1488897 0.03899639 -8.75443e-7 0.155461 0.03995138 -9.59847e-4 0.1554578 0.03985542 -0.001152217 0.1553262 0.04953604 -0.01062923 0.1554157 0.0519675 -0.008137941 0.1488897 0.04960441 -0.01060599 0.1554574 0.05055898 -0.01156538 0.1554552 0.05046302 -0.01175779 0.1553237 0.05165725 -0.01275068 0.155416 0.05408877 -0.01025921 0.1488897 0.05172562 -0.01272743 0.1554577 0.05268007 -0.01368701 0.1554559 0.05258405 -0.01387941 0.1553243 0.05589926 -0.01699393 0.1554175 0.05833142 -0.01450186 0.1488897 0.05596768 -0.01697069 0.1554592 0.05692225 -0.01793009 0.155457 0.05682623 -0.01812249 0.1553255 0.05802059 -0.01911526 0.1554175 0.06045275 -0.01662319 0.1488897 0.05808895 -0.01909202 0.1554592 0.05904346 -0.02005147 0.1554572 0.0589475 -0.02024388 0.1553257 0.06014162 -0.02123689 0.1554183 0.06257408 -0.01874452 0.1488897 0.06020998 -0.02121365 0.15546 0.06116414 -0.02217346 0.1554588 0.06106811 -0.02236586 0.1553273 0.06438136 -0.02548241 0.1554253 0.06681674 -0.02298718 0.1488897 0.06444972 -0.02545917 0.155467 0.06540364 -0.02641928 0.1554664 0.06530749 -0.0266118 0.1553352 0.06650143 -0.02760493 0.1554283 0.06893801 -0.02510845 0.1488897 0.06656986 -0.02758169 0.15547 0.06752431 -0.02854126 0.1554682 0.06742817 -0.02873373 0.1553369 0.02813553 0.0104565 0.1553042 0.02696478 0.009285748 0.1542086 0.02891713 0.01123809 0.1473897 0.02997779 0.01017743 0.1473897 0.02767974 0.007879376 0.1530188 0.02806603 0.008265674 0.1542374 0.02814424 0.008343875 0.1543123 0.02919864 0.009398281 0.1552982 0.03026056 0.008338868 0.1552953 0.02915132 0.007229626 0.1542564 0.03103846 0.009116768 0.1473897 0.03209912 0.008056104 0.1473897 0.02980101 0.005758047 0.1530188 0.03022593 0.006182909 0.1542685 0.03132164 0.007278621 0.1552941 0.03238236 0.006218075 0.155294 0.03129494 0.005130589 0.1542768 0.03315979 0.006995499 0.1473897 0.03422045 0.005934834 0.1473897 0.03192234 0.003636717 0.1530188 0.03236377 0.00407809 0.1542847 0.03344321 0.005157589 0.1552935 0.03450435 0.004097402 0.1552923 0.03343731 0.003030359 0.1542956 0.03528112 0.004874169 0.1473897 0.03634178 0.003813505 0.1473897 0.03404366 0.001515388 0.1530188 0.03451538 0.001987099 0.1543095 0.03556579 0.003037512 0.1552905 0.03662735 0.001977741 0.1552883 0.03559637 9.46786e-4 0.1543256 0.03740245 0.00275284 0.1473897 0.03846311 0.001692175 0.1473897 0.03616499 -6.059e-4 0.1530188 0.03667813 -9.27895e-5 0.1543423 0.03768891 9.17997e-4 0.1552861 0.03875029 -1.4193e-4 0.1552843 0.03775793 -0.001134216 0.1543578 0.03952378 6.31537e-4 0.1473897 0.04058438 -4.2912e-4 0.1473897 0.03828632 -0.00272721 0.1530188 0.0388332 -0.002180337 0.1543701 0.03981137 -0.001202106 0.1552832 0.04087227 -0.002262532 0.1552826 0.03990387 -0.003230988 0.1543791 0.04164505 -0.001489758 0.1473897 0.04270571 -0.002550423 0.1473897 0.04097121 -0.004284918 0.1543856 0.041933 -0.003323137 0.1552825 0.04299366 -0.004383802 0.1552825 0.04203671 -0.005340754 0.1543905 0.04376637 -0.003611087 0.1473897 0.04482704 -0.004671752 0.1473897 0.0431016 -0.006397187 0.1543948 0.04405432 -0.005444467 0.1552825 0.04511505 -0.006505012 0.1552823 0.04416722 -0.007452845 0.1543994 0.0458877 -0.005732417 0.1473897 0.04694837 -0.006793022 0.1473897 0.04523354 -0.008507847 0.1544042 0.04617589 -0.007565498 0.1552819 0.04723674 -0.008625984 0.1552814 0.04629963 -0.009563088 0.1544088 0.04800903 -0.007853686 0.1473897 0.0490697 -0.008914351 0.1473897 0.04736471 -0.01061934 0.1544123 0.04829758 -0.00968647 0.155281 0.04935836 -0.01074701 0.1552807 0.04842793 -0.01167744 0.1544142 0.05013036 -0.009975016 0.1473897 0.05119103 -0.01103568 0.1473897 0.0494886 -0.0127381 0.1544142 0.05041903 -0.01180768 0.1552807 0.05147957 -0.01286846 0.155281 0.05042487 -0.01392316 0.1542967 0.05225169 -0.01209634 0.1473897 0.0505467 -0.01380133 0.1544123 0.05331236 -0.01315701 0.1473897 0.05101424 -0.01545512 0.1530188 0.0514853 -0.01498401 0.1542971 0.05160295 -0.01486635 0.1544088 0.05254006 -0.0139293 0.1552814 0.05360054 -0.01499015 0.1552819 0.05254578 -0.01604491 0.1542976 0.05437296 -0.01421767 0.1473897 0.0526582 -0.0159325 0.1544043 0.05543363 -0.01527833 0.1473897 0.05313557 -0.01757645 0.1530188 0.05360627 -0.01710569 0.154298 0.0537132 -0.01699876 0.1543995 0.05466103 -0.01605099 0.1552823 0.05572158 -0.01711171 0.1552825 0.05466693 -0.01816642 0.154298 0.05649429 -0.016339 0.1473897 0.05476886 -0.01806443 0.1543948 0.05755496 -0.01739966 0.1473897 0.0552569 -0.01969772 0.1530188 0.05572766 -0.01922696 0.1542978 0.05582529 -0.01912933 0.1543905 0.05678224 -0.01817238 0.1552825 0.05784291 -0.01923304 0.1552825 0.05678844 -0.02028751 0.1542975 0.05861562 -0.01846033 0.1473897 0.05688118 -0.02019476 0.1543856 0.05967628 -0.01952099 0.1473897 0.05737817 -0.02181905 0.1530188 0.0578491 -0.02134817 0.1542974 0.05793511 -0.02126216 0.1543791 0.05890351 -0.02029377 0.1552826 0.05996394 -0.02135467 0.1552832 0.05890959 -0.02240896 0.1542977 0.06073695 -0.02058166 0.1473897 0.05898576 -0.02233284 0.1543701 0.06179761 -0.02164232 0.1473897 0.0594995 -0.02394038 0.1530188 0.05996978 -0.0234701 0.1542988 0.06003189 -0.02340805 0.1543579 0.06102412 -0.02241575 0.1552843 0.06208407 -0.02347713 0.1552861 0.06102961 -0.0245316 0.1543007 0.06285828 -0.02270293 0.1473897 0.06107336 -0.02448785 0.1543424 0.06391894 -0.02376359 0.1473897 0.06162083 -0.02606171 0.1530188 0.06208926 -0.02559328 0.1543031 0.06211292 -0.02556961 0.1543257 0.06314384 -0.02453869 0.1552883 0.06420361 -0.02560025 0.1552904 0.06314897 -0.02665489 0.1543055 0.06497961 -0.02482426 0.1473897 0.06315326 -0.0266506 0.1543096 0.06604027 -0.02588492 0.1473897 0.06374216 -0.02818304 0.1530188 0.06419652 -0.02772867 0.1542956 0.0652635 -0.02666169 0.1552923 0.06632369 -0.02772283 0.1552935 0.06524425 -0.02880227 0.1542847 0.06710094 -0.02694559 0.1473897 0.0681616 -0.02800625 0.1473897 0.06586349 -0.03030437 0.1530188 0.06629675 -0.0298711 0.1542768 0.06738418 -0.02878367 0.155294 0.06844472 -0.0298444 0.1552941 0.06734907 -0.03094011 0.1542685 0.06922221 -0.02906692 0.1473897 0.07028287 -0.03012758 0.1473897 0.06798481 -0.0324257 0.1530188 0.06839579 -0.03201466 0.1542564 0.06950497 -0.03090548 0.1552952 0.07056444 -0.0319674 0.1552982 0.06943196 -0.03309983 0.1542375 0.07134354 -0.03118824 0.1473897 0.06950998 -0.0330218 0.1543122 0.0724042 -0.03224891 0.1473897 0.07010614 -0.03454697 0.1530188 0.07045209 -0.03420102 0.1542087 0.07162261 -0.0330305 0.1553042 0.02661907 0.008940041 0.1530188 0.02875858 0.01093745 0.1472022 0.02737903 0.007720768 0.1528314 0.02967709 0.01001888 0.1472022 0.02931487 0.01004487 0.1470649 0.0287404 0.006818711 0.1530188 0.03087985 0.008816123 0.1472022 0.02950036 0.005599439 0.1528314 0.03179842 0.007897555 0.1472022 0.03110951 0.008127212 0.1470147 0.0309059 0.008453905 0.1470649 0.03086167 0.004697382 0.1530188 0.03300118 0.006694793 0.1472022 0.03162169 0.003478109 0.1528314 0.03391975 0.005776226 0.1472022 0.03323084 0.006005883 0.1470147 0.03302723 0.006332576 0.1470649 0.032983 0.002576053 0.1530188 0.03512251 0.004573464 0.1472022 0.03374296 0.00135678 0.1528314 0.03604108 0.003654897 0.1472022 0.03535217 0.003884553 0.1470147 0.0351485 0.004211246 0.1470649 0.03510433 4.54765e-4 0.1530188 0.03724384 0.002452135 0.1472022 0.03586429 -7.64485e-4 0.1528314 0.03816241 0.001533567 0.1472022 0.03780019 0.001559615 0.1470649 0.03722566 -0.001666545 0.1530188 0.03936517 3.3085e-4 0.1472022 0.03798562 -0.002885758 0.1528314 0.04028373 -5.87709e-4 0.1472022 0.03992152 -5.61703e-4 0.1470649 0.03934699 -0.003787875 0.1530188 0.0414865 -0.001790463 0.1472022 0.04040765 -0.00484848 0.1530188 0.04010695 -0.005007088 0.1528314 0.04240506 -0.002709031 0.1472022 0.04171609 -0.002479374 0.1470147 0.04151248 -0.002152681 0.1470649 0.04146832 -0.005909144 0.1530188 0.04360783 -0.003911733 0.1472022 0.04252898 -0.006969809 0.1530188 0.04222828 -0.007128417 0.1528314 0.04452633 -0.0048303 0.1472022 0.04383742 -0.004600703 0.1470147 0.04363381 -0.00427401 0.1470649 0.04358959 -0.008030474 0.1530188 0.0457291 -0.006033062 0.1472022 0.04465025 -0.009091138 0.1530188 0.04434961 -0.009249746 0.1528314 0.04664766 -0.00695163 0.1472022 0.04595875 -0.006721973 0.1470147 0.04575514 -0.00639528 0.1470649 0.04571092 -0.0101518 0.1530188 0.04785043 -0.008154392 0.1472022 0.04677158 -0.01121246 0.1530188 0.04647088 -0.01137107 0.1528314 0.04876899 -0.009072959 0.1472022 0.04840677 -0.009046971 0.1470649 0.04783225 -0.01227313 0.1530188 0.04997175 -0.01027572 0.1472022 0.04889291 -0.01333379 0.1530188 0.0485922 -0.0134924 0.1528314 0.05089032 -0.01119428 0.1472022 0.0505281 -0.0111683 0.1470649 0.04995357 -0.01439446 0.1530188 0.05209308 -0.01239705 0.1472022 0.05071353 -0.01561373 0.1528314 0.05301165 -0.01331561 0.1472022 0.05264943 -0.01328963 0.1470649 0.0520749 -0.01651579 0.1530188 0.05421441 -0.01451838 0.1472022 0.05283486 -0.017735 0.1528314 0.05513298 -0.01543694 0.1472022 0.05444407 -0.01520729 0.1470147 0.0542404 -0.01488059 0.1470649 0.05419623 -0.01863712 0.1530188 0.05633574 -0.0166397 0.1472022 0.05495619 -0.01985633 0.1528314 0.05725431 -0.01755827 0.1472022 0.05656534 -0.01732861 0.1470147 0.05636173 -0.01700192 0.1470649 0.05631756 -0.02075839 0.1530188 0.05845707 -0.01876103 0.1472022 0.05707752 -0.02197766 0.1528314 0.05937558 -0.01967954 0.1472022 0.05868667 -0.01944994 0.1470147 0.05848306 -0.01912325 0.1470649 0.05843883 -0.02287971 0.1530188 0.06057834 -0.0208823 0.1472022 0.05919885 -0.02409899 0.1528314 0.06149691 -0.02180087 0.1472022 0.060808 -0.02157121 0.1470147 0.06060439 -0.02124452 0.1470649 0.06056016 -0.02500104 0.1530188 0.06269967 -0.02300363 0.1472022 0.06132012 -0.02622032 0.1528314 0.06361824 -0.0239222 0.1472022 0.06325602 -0.02389621 0.1470649 0.06268149 -0.02712237 0.1530188 0.064821 -0.02512496 0.1472022 0.06344145 -0.02834165 0.1528314 0.06573957 -0.02604353 0.1472022 0.06537735 -0.02601754 0.1470649 0.06480282 -0.0292437 0.1530188 0.06694233 -0.02724629 0.1472022 0.06556278 -0.03046292 0.1528314 0.0678609 -0.02816486 0.1472022 0.06749868 -0.02813881 0.1470649 0.06692415 -0.03136503 0.1530188 0.06906366 -0.02936762 0.1472022 0.06768411 -0.03258424 0.1528314 0.06998223 -0.03028619 0.1472022 0.06929332 -0.03005653 0.1470147 0.06908965 -0.02972984 0.1470649 0.06904548 -0.03348636 0.1530188 0.07118499 -0.03148895 0.1472022 0.06980544 -0.03470557 0.1528314 0.07210355 -0.03240746 0.1472022 0.07141458 -0.03217786 0.1470147 0.07121098 -0.03185117 0.1470649 0.02646046 0.008639335 0.1528314 0.02878457 0.01057517 0.1470649 0.02898818 0.01024848 0.1470147 0.02701681 0.007746756 0.1526941 0.02858179 0.006518006 0.1528314 0.02913814 0.005625426 0.1526941 0.0314362 0.007923543 0.1470649 0.03070312 0.004396677 0.1528314 0.03125941 0.003504157 0.1526941 0.03355753 0.005802214 0.1470649 0.03282445 0.002275347 0.1528314 0.03338074 0.001382827 0.1526941 0.03567886 0.003680884 0.1470649 0.03494572 1.54074e-4 0.1528314 0.03726983 0.002089917 0.1470649 0.03747349 0.001763224 0.1470147 0.03550207 -7.38479e-4 0.1526941 0.03706705 -0.001967191 0.1528314 0.03939116 -3.13707e-5 0.1470649 0.03959482 -3.58067e-4 0.1470147 0.0376234 -0.002859771 0.1526941 0.03918838 -0.004088521 0.1528314 0.03974473 -0.0049811 0.1526941 0.04204279 -0.002682983 0.1470649 0.04130971 -0.00620985 0.1528314 0.04186606 -0.007102429 0.1526941 0.04416412 -0.004804313 0.1470649 0.04343104 -0.008331179 0.1528314 0.04398739 -0.009223759 0.1526941 0.04628545 -0.006925642 0.1470649 0.04555237 -0.0104525 0.1528314 0.04787647 -0.008516609 0.1470649 0.04808008 -0.008843302 0.1470147 0.04610866 -0.01134502 0.1526941 0.04767364 -0.01257383 0.1528314 0.04999774 -0.01063793 0.1470649 0.05020141 -0.01096463 0.1470147 0.04822999 -0.01346635 0.1526941 0.04979497 -0.01469516 0.1528314 0.05211907 -0.01275926 0.1470649 0.05232274 -0.01308596 0.1470147 0.05035132 -0.01558768 0.1526941 0.0519163 -0.01681649 0.1528314 0.05247265 -0.01770901 0.1526941 0.05477076 -0.0154109 0.1470649 0.05403763 -0.01893776 0.1528314 0.05459398 -0.01983034 0.1526941 0.05689203 -0.01753222 0.1470649 0.05615895 -0.02105909 0.1528314 0.0567153 -0.02195167 0.1526941 0.05901336 -0.01965355 0.1470649 0.05828028 -0.02318042 0.1528314 0.05883657 -0.024073 0.1526941 0.06113469 -0.02177488 0.1470649 0.06040161 -0.02530175 0.1528314 0.06272572 -0.02336585 0.1470649 0.06292933 -0.02369254 0.1470147 0.0609579 -0.02619427 0.1526941 0.06252288 -0.02742308 0.1528314 0.06484699 -0.02548718 0.1470649 0.06505066 -0.02581387 0.1470147 0.06307923 -0.0283156 0.1526941 0.06464421 -0.02954441 0.1528314 0.06696832 -0.02760851 0.1470649 0.06717199 -0.0279352 0.1470147 0.06520056 -0.03043693 0.1526941 0.06676554 -0.03166568 0.1528314 0.06732189 -0.03255826 0.1526941 0.06962001 -0.03026014 0.1470649 0.06888687 -0.03378701 0.1528314 0.06944322 -0.03467959 0.1526941 0.07174128 -0.03238147 0.1470649 0.02648645 0.008277118 0.1526941 0.02669012 0.007950425 0.1526439 0.02860778 0.006155788 0.1526941 0.02881145 0.005829095 0.1526439 0.03072911 0.004034459 0.1526941 0.03093272 0.003707766 0.1526439 0.03285044 0.00191313 0.1526941 0.03305405 0.001586437 0.1526439 0.03497177 -2.08151e-4 0.1526941 0.03517538 -5.34844e-4 0.1526439 0.03709304 -0.002329468 0.1526941 0.03729671 -0.002656161 0.1526439 0.03921437 -0.004450738 0.1526941 0.03941804 -0.004777431 0.1526439 0.0413357 -0.006572067 0.1526941 0.04153937 -0.00689876 0.1526439 0.04345703 -0.008693397 0.1526941 0.04366064 -0.00902009 0.1526439 0.04557836 -0.01081472 0.1526941 0.04578197 -0.01114141 0.1526439 0.04769968 -0.01293605 0.1526941 0.04790329 -0.01326274 0.1526439 0.04982101 -0.01505738 0.1526941 0.05002462 -0.01538407 0.1526439 0.05194228 -0.01717871 0.1526941 0.05214595 -0.0175054 0.1526439 0.05406361 -0.01929998 0.1526941 0.05426728 -0.01962667 0.1526439 0.05618494 -0.02142131 0.1526941 0.05638861 -0.021748 0.1526439 0.05830627 -0.02354264 0.1526941 0.05850988 -0.02386933 0.1526439 0.0604276 -0.02566397 0.1526941 0.06063121 -0.02599066 0.1526439 0.06254893 -0.0277853 0.1526941 0.06275254 -0.02811199 0.1526439 0.06467026 -0.02990663 0.1526941 0.06487387 -0.03023332 0.1526439 0.06679153 -0.03202795 0.1526941 0.0669952 -0.03235465 0.1526439 0.06891286 -0.03414922 0.1526941 0.06911653 -0.03447592 0.1526439 0.08475661 -0.03667151 0.1530176 0.02061539 0.01945197 0.149928 0.0772292 -0.04340994 0.1470002 0.02115249 0.02154165 0.1490802 0.08321583 -0.03250491 0.1549463 0.02120602 0.02071034 0.1500328 0.08062261 -0.04055517 0.149928 0.02211529 0.01759499 0.1527346 0.02224266 0.01731377 0.1529232 0.02270305 0.01639974 0.1534787 0.02324211 0.01547098 0.1539559 0.02140653 0.01963651 0.1511024 0.02166372 0.01875656 0.1518651 0.02404618 0.01426184 0.1544522 0.08421087 -0.03408551 0.1545076 0.01541924 0.01145243 0.1449922 0.03127574 -0.009388744 0.1416637 0.01811492 0.01469832 0.1482322 0.07262313 -0.04575139 0.1449922 0.08391046 -0.03526324 0.1545578 0.08204501 -0.03194189 0.1556907 0.01314747 0.007524013 0.1421524 0.08293783 -0.03361922 0.1554957 0.08339387 -0.03634506 0.1542868 0.01582431 0.004330217 0.1427855 0.01332777 0.00706762 0.1424906 0.0145877 0.004739463 0.1437988 0.01406317 0.005589962 0.1433995 0.06708222 -0.04728657 0.1432251 0.06657284 -0.0469979 0.1434955 0.06550091 -0.04534631 0.1427855 0.02098917 0.01802527 0.1512176 0.07586902 -0.04305571 0.1482322 0.08084565 -0.03121858 0.1562738 0.07919597 -0.04018145 0.1512176 0.01590931 0.0101754 0.145956 0.0713461 -0.04526126 0.145956 0.01867669 0.01329368 0.1492646 0.08254104 -0.03475338 0.1556106 0.016568 0.008883535 0.1467317 0.07963013 -0.03033202 0.1566767 0.08162623 -0.03297597 0.1563143 0.03063625 0.01939189 0.1560462 0.02744406 0.01619964 0.1570782 0.02807617 0.01683181 0.1573876 0.07843941 -0.02931356 0.1568876 0.01753455 0.002325832 0.1431458 0.01700419 0.00179547 0.1444448 0.01537191 0.003645718 0.1441779 0.06474655 -0.04574429 0.1441968 0.06460088 -0.04562914 0.1442342 0.06349647 -0.04363608 0.1431458 0.08196759 -0.03580629 0.1553738 0.02158057 0.01655328 0.1522962 0.07446438 -0.04249393 0.1492646 0.03083854 0.01845949 0.1566767 0.03185707 0.01726877 0.1568876 0.07625436 -0.02713662 0.1568976 0.03811967 0.01106345 0.1568174 0.03403401 0.01508367 0.1568976 0.05524557 -0.005925059 0.1566492 0.07223409 -0.02305096 0.1568174 0.03998517 -0.02118545 0.1444448 0.02277797 -0.003978252 0.1444448 0.01849824 3.01503e-4 0.1444448 0.06296616 -0.04416638 0.1444448 0.06147217 -0.04267239 0.1444448 0.05719238 -0.03839266 0.1444448 0.07005423 -0.04460263 0.1467317 0.08029788 -0.03216201 0.1569443 0.07772397 -0.03959006 0.1522962 0.01941609 0.01189225 0.1500755 0.08114099 -0.03405803 0.1564736 0.01735913 0.007619738 0.1473107 0.06879037 -0.0438115 0.1473107 0.0303564 0.01911205 0.156476 0.02826762 0.01702326 0.1574405 0.01823848 0.006427347 0.1476941 0.07896882 -0.03117978 0.1573691 0.08051973 -0.03507876 0.156256 0.02235662 0.01508754 0.153141 0.07306295 -0.04175454 0.1500755 0.02989739 0.01865303 0.1569845 0.0202797 0.0105499 0.150662 0.01919919 0.005309045 0.1478872 0.06759804 -0.04293215 0.1476941 0.07973933 -0.03319203 0.1571297 0.07138127 -0.02370655 0.1575092 0.03746402 0.01021063 0.1575092 0.05449819 -0.006672382 0.1573241 0.02999079 0.01779812 0.1573691 0.07768815 -0.03007638 0.1575862 0.07625824 -0.038814 0.1531409 0.03336292 0.01424008 0.1575969 0.06647968 -0.04197144 0.1478872 0.02133291 0.003159523 0.1479068 0.02587109 -0.001385509 0.1479156 0.04281991 -0.01835072 0.1479365 0.05978512 -0.03529953 0.1479156 0.06433016 -0.03983771 0.1479068 0.03109425 0.01651746 0.1575862 0.07541072 -0.02780771 0.1575969 0.02120155 0.009322822 0.151036 0.0717206 -0.04089093 0.150662 0.02966344 0.01841908 0.1571666 0.07908666 -0.03418731 0.1569194 0.07835876 -0.03216838 0.1575669 0.02326214 0.01368558 0.153749 0.02914279 0.01789838 0.1574174 0.02883923 0.01759487 0.1574774 0.02217918 0.008199989 0.1512139 0.07049351 -0.03996908 0.1510359 0.03662645 0.009407639 0.1577583 0.05365043 -0.007520198 0.1576408 0.07057827 -0.02454417 0.1577583 0.07485628 -0.03790849 0.153749 0.02900224 0.01718807 0.1575669 0.07704502 -0.03103649 0.1577896 0.02433967 0.006037533 0.1512165 0.06937068 -0.03899145 0.1512139 0.0290426 0.001334547 0.151217 0.06720823 -0.03683096 0.1512165 0.04577195 -0.01539868 0.1512228 0.06250524 -0.03212803 0.151217 0.03243839 0.0135504 0.1578137 0.02423012 0.0124039 0.1541333 0.07769912 -0.03315782 0.157358 0.03013414 0.01587432 0.1577896 0.07472109 -0.02873224 0.1578137 0.02478194 0.007102906 0.1515189 0.0258426 0.006042242 0.1515189 0.02570235 0.005901992 0.1518625 0.02690327 0.004981577 0.1515189 0.02782416 0.003781199 0.1518611 0.02796393 0.003920912 0.1515189 0.0290246 0.002860248 0.1515189 0.02994406 0.001658439 0.1518647 0.03008526 0.001799583 0.1515189 0.03114593 7.38967e-4 0.1515189 0.03206545 -4.62778e-4 0.1518645 0.03220653 -3.21694e-4 0.1515189 0.03326719 -0.00138235 0.1515189 0.03418785 -0.002583026 0.1518619 0.03432786 -0.002443015 0.1515189 0.03538852 -0.00350362 0.1515189 0.03630954 -0.004703938 0.151861 0.03644919 -0.004564285 0.1515189 0.03750985 -0.005624949 0.1515189 0.03857052 -0.006685614 0.1515189 0.03843003 -0.006826102 0.1518629 0.03963118 -0.007746279 0.1515189 0.04069185 -0.008806943 0.1515189 0.04055041 -0.008948385 0.1518653 0.04175251 -0.009867608 0.1515189 0.04281318 -0.01092827 0.1515189 0.04267144 -0.01107001 0.1518661 0.04387384 -0.01198893 0.1515189 0.04493445 -0.0130496 0.1515189 0.04479289 -0.01319116 0.1518657 0.04599511 -0.01411026 0.1515189 0.04705578 -0.01517093 0.1515189 0.04691427 -0.01531243 0.1518654 0.04811644 -0.01623159 0.1515189 0.04917711 -0.01729226 0.1515189 0.04903542 -0.01743394 0.1518659 0.05023777 -0.01835286 0.1515189 0.05129843 -0.01941353 0.1515189 0.05115675 -0.01955527 0.1518659 0.0523591 -0.02047419 0.1515189 0.05341976 -0.02153486 0.1515189 0.05327874 -0.02167588 0.1518642 0.05448043 -0.02259552 0.1515189 0.05554109 -0.02365618 0.1515189 0.05540108 -0.02379614 0.1518617 0.05660176 -0.02471685 0.1515189 0.05766242 -0.02577751 0.1515189 0.05752277 -0.02591717 0.151861 0.05872303 -0.02683818 0.1515189 0.05978369 -0.02789884 0.1515189 0.05964314 -0.02803939 0.1518632 0.06084436 -0.02895951 0.1515189 0.0617637 -0.03016149 0.1518651 0.06190502 -0.03002017 0.1515189 0.06296569 -0.03108084 0.1515189 0.06388586 -0.03228199 0.151863 0.06402635 -0.03214144 0.1515189 0.06508702 -0.03320211 0.1515189 0.06600821 -0.03440225 0.1518604 0.06614768 -0.03426277 0.1515189 0.06720834 -0.03532344 0.1515189 0.06812614 -0.03652697 0.1518688 0.06826901 -0.0363841 0.1515189 0.02485299 0.00611329 0.1511439 0.02697432 0.003991961 0.1511439 0.02898913 0.002000153 0.1511533 0.03121697 -2.50645e-4 0.1511439 0.03333824 -0.002371907 0.1511439 0.03545957 -0.004493236 0.1511439 0.03747439 -0.006485044 0.1511533 0.03970223 -0.008735895 0.1511439 0.04182356 -0.01085722 0.1511439 0.04394489 -0.01297855 0.1511439 0.04606616 -0.01509988 0.1511439 0.04818749 -0.01722121 0.1511439 0.05030882 -0.01934248 0.1511439 0.05243015 -0.02146381 0.1511439 0.05455148 -0.02358514 0.1511439 0.05656629 -0.02557694 0.1511533 0.05879408 -0.02782779 0.1511439 0.06091541 -0.02994912 0.1511439 0.06303673 -0.03207039 0.1511439 0.06515806 -0.03419172 0.1511439 0.06727939 -0.03631305 0.1511439 0.02463907 0.006960034 0.1518688 0.02459651 0.006911456 0.1518208 0.02462333 0.006802201 0.1513314 0.02464938 0.006439983 0.1511941 0.02552956 0.005789637 0.1517125 0.0255419 0.005883634 0.1513314 0.02676379 0.004842102 0.1518605 0.02672135 0.004793643 0.1518127 0.02674466 0.004680871 0.1513314 0.02677065 0.004318654 0.1511941 0.0276513 0.003668785 0.1517114 0.02766323 0.003762304 0.1513314 0.02888405 0.002719759 0.151863 0.02875131 0.002484261 0.15167 0.02887785 0.002608478 0.1513562 0.02886515 0.002301514 0.1512257 0.02977114 0.001545906 0.1517152 0.02983343 0.001652836 0.1513562 0.03100454 5.97622e-4 0.1518651 0.03096204 5.49104e-4 0.1518175 0.03098732 4.38277e-4 0.1513314 0.0310133 7.60518e-5 0.1511941 0.03189247 -5.75364e-4 0.1517152 0.03190588 -4.80283e-4 0.1513314 0.03312665 -0.001522898 0.1518632 0.03308409 -0.001571476 0.1518157 0.03310865 -0.001682996 0.1513314 0.03313463 -0.002045214 0.1511941 0.03401476 -0.002695679 0.1517128 0.03402715 -0.002601563 0.1513314 0.03524887 -0.003643274 0.151861 0.03520631 -0.003691852 0.1518135 0.03522992 -0.003804326 0.1513314 0.03525596 -0.004166543 0.1511941 0.03613644 -0.004816651 0.1517121 0.03614848 -0.004722893 0.1513314 0.0373699 -0.005764901 0.1518617 0.03732734 -0.005813479 0.1518144 0.03736311 -0.005876779 0.1513562 0.03735047 -0.006183743 0.1512257 0.03825688 -0.006938874 0.1517142 0.03831875 -0.006832361 0.1513562 0.03771042 -0.006721079 0.1511533 0.03801178 -0.006845057 0.1512257 0.03949016 -0.007887303 0.1518642 0.0394476 -0.007935822 0.151817 0.03947257 -0.008046984 0.1513314 0.03949862 -0.008409202 0.1511941 0.04037719 -0.009061217 0.1517167 0.04039114 -0.008965551 0.1513314 0.04161083 -0.01000928 0.1518659 0.04156821 -0.01005786 0.1518186 0.0415939 -0.01016831 0.1513314 0.04161989 -0.01053053 0.1511941 0.04249817 -0.01118284 0.1517176 0.04251247 -0.01108688 0.1513314 0.0437321 -0.01213061 0.1518659 0.04368954 -0.01217919 0.1518187 0.04371523 -0.01228964 0.1513314 0.04374122 -0.01265186 0.1511941 0.04461961 -0.01330405 0.1517172 0.0446338 -0.01320821 0.1513314 0.04585367 -0.01425176 0.1518654 0.04581105 -0.01430034 0.1518182 0.04583656 -0.01441091 0.1513314 0.04586255 -0.01477319 0.1511941 0.04674106 -0.01542526 0.151717 0.04675513 -0.01532948 0.1513314 0.04797488 -0.01637315 0.1518657 0.04793226 -0.01642173 0.1518185 0.04795789 -0.01653224 0.1513314 0.04798388 -0.01689445 0.1511941 0.04886221 -0.01754677 0.1517174 0.0488764 -0.0174508 0.1513314 0.05009603 -0.01849466 0.1518661 0.05005341 -0.01854324 0.1518188 0.05007916 -0.01865357 0.1513314 0.05010521 -0.01901578 0.1511941 0.05098354 -0.0196681 0.1517174 0.05099773 -0.01957213 0.1513314 0.05221766 -0.02061563 0.1518653 0.05217504 -0.02066421 0.151818 0.05220049 -0.0207749 0.1513314 0.05222654 -0.02113711 0.1511941 0.05310559 -0.02178865 0.1517156 0.05311906 -0.02169346 0.1513314 0.05433994 -0.02273601 0.1518629 0.05429738 -0.02278459 0.1518156 0.05432182 -0.02289623 0.1513314 0.05434781 -0.02325844 0.1511941 0.05522793 -0.02390891 0.151713 0.05524039 -0.02381479 0.1513314 0.0564621 -0.0248565 0.151861 0.05641955 -0.02490502 0.1518136 0.05645501 -0.02496862 0.1513562 0.05644232 -0.02527558 0.1512257 0.05734968 -0.02602988 0.151712 0.05741059 -0.02592426 0.1513562 0.05858302 -0.02697819 0.1518619 0.05854052 -0.02702665 0.1518145 0.05856448 -0.02713888 0.1513314 0.05859047 -0.0275011 0.1511941 0.05947011 -0.02815198 0.151714 0.05948305 -0.02805739 0.1513314 0.06070327 -0.02910059 0.1518644 0.06066077 -0.02914905 0.151817 0.06068581 -0.02926015 0.1513314 0.0607118 -0.02962243 0.1511941 0.06159073 -0.03027403 0.1517157 0.06160438 -0.03017872 0.1513314 0.06282454 -0.03122198 0.1518647 0.06278198 -0.0312705 0.1518171 0.06280714 -0.03138148 0.1513314 0.06283313 -0.0317437 0.1511941 0.06371295 -0.03239446 0.1517136 0.06372565 -0.03230005 0.1513314 0.0649473 -0.03334188 0.1518611 0.0649048 -0.03339034 0.1518135 0.06492841 -0.03350281 0.1513314 0.06495445 -0.03386503 0.1511941 0.06583541 -0.0345146 0.1517106 0.06584697 -0.03442138 0.1513314 0.06706809 -0.03546369 0.1518624 0.06702578 -0.03551197 0.1518148 0.06704974 -0.03562414 0.1513314 0.06707578 -0.03598636 0.1511941 0.06795346 -0.03663915 0.1517183 0.0679683 -0.03654271 0.1513314 0.02970552 0.001524925 0.1516696 0.02952647 0.0016402 0.1512257 0.02940952 0.001523196 0.1515123 0.0295574 0.001506924 0.151582 0.03723675 -0.006000816 0.1516696 0.03819113 -0.006959974 0.1516688 0.03789478 -0.00696206 0.1515123 0.03804302 -0.006978154 0.1515817 0.05632901 -0.02509236 0.1516687 0.05728393 -0.02605098 0.1516665 0.05710363 -0.0259369 0.1512257 0.05698764 -0.02605301 0.15151 0.05713576 -0.0260691 0.1515794 0.02450668 0.006724536 0.1516743 0.02449637 0.006675243 0.1516425 0.02449202 0.006505966 0.1515495 0.02541714 0.005758821 0.1516371 0.02531582 0.005750596 0.1515794 0.02508574 0.005789399 0.1514787 0.02517968 0.005909681 0.1511941 0.02661597 0.004387855 0.1515433 0.02662068 0.004556953 0.1516351 0.02663123 0.004606723 0.1516669 0.02753895 0.003638029 0.1516359 0.02730101 0.003788352 0.1511941 0.02720779 0.003668904 0.1514767 0.02743768 0.003629863 0.151578 0.03085637 1.42921e-4 0.1515487 0.03086113 3.12164e-4 0.1516404 0.03087174 3.61983e-4 0.1516721 0.03177994 -6.06254e-4 0.15164 0.03154367 -4.54277e-4 0.1511941 0.03144866 -5.75792e-4 0.1514817 0.03167867 -6.14546e-4 0.1515824 0.03297835 -0.001977801 0.1515471 0.03298318 -0.001808464 0.1516388 0.03299373 -0.001758635 0.1516705 0.03390216 -0.002726614 0.1516377 0.03366494 -0.002575576 0.1511941 0.03357082 -0.002696275 0.1514797 0.03380089 -0.002734959 0.1515803 0.03510034 -0.004098296 0.1515455 0.03510522 -0.003929018 0.1516368 0.03511583 -0.003879129 0.1516686 0.03602379 -0.004847645 0.151637 0.03578627 -0.004696905 0.1511941 0.03569251 -0.004817306 0.151479 0.03592252 -0.00485599 0.1515796 0.03934127 -0.008342564 0.1515496 0.03934633 -0.008173227 0.1516407 0.039357 -0.008123219 0.1516723 0.04026448 -0.009092211 0.1516417 0.04002892 -0.008939504 0.1511941 0.0399332 -0.009061992 0.1514839 0.04016327 -0.009100556 0.1515844 0.04146188 -0.01046466 0.1515514 0.04146689 -0.01029527 0.1516425 0.04147756 -0.01024526 0.1516741 0.04238545 -0.01121389 0.1516426 0.04215025 -0.01106083 0.1511941 0.04205411 -0.01118379 0.1514851 0.04228419 -0.0112223 0.1515854 0.04358321 -0.01258605 0.1515514 0.04358822 -0.0124166 0.1516425 0.04359889 -0.01236665 0.1516742 0.0445069 -0.0133351 0.1516423 0.04427158 -0.01318216 0.1511941 0.0441755 -0.01330506 0.1514849 0.04440563 -0.01334351 0.1515851 0.04570466 -0.0147072 0.151551 0.04570972 -0.01453775 0.1516421 0.04572033 -0.0144878 0.1516737 0.04662829 -0.01545637 0.1516422 0.04639291 -0.01530349 0.1511941 0.04629695 -0.01542627 0.1514846 0.04652708 -0.01546472 0.1515849 0.04782587 -0.01682859 0.1515513 0.04783093 -0.0166592 0.1516423 0.0478416 -0.01660919 0.1516739 0.04874944 -0.01757782 0.1516425 0.04851418 -0.01742482 0.1511941 0.0484181 -0.01754772 0.151485 0.04864823 -0.01758623 0.1515853 0.04994708 -0.01895004 0.1515515 0.04995214 -0.01878064 0.1516426 0.04996275 -0.01873064 0.1516743 0.05087077 -0.01969915 0.1516425 0.05063551 -0.01954615 0.1511941 0.05053943 -0.01966905 0.151485 0.05076956 -0.01970756 0.1515852 0.05206888 -0.02107101 0.1515504 0.05207383 -0.02090156 0.1516417 0.05208444 -0.02085167 0.1516733 0.05299282 -0.02181971 0.1516407 0.05275684 -0.02166748 0.1511941 0.05266141 -0.02178966 0.1514832 0.05289155 -0.02182811 0.1515834 0.05419129 -0.02319127 0.1515477 0.05419617 -0.02302181 0.1516391 0.05420678 -0.02297192 0.1516708 0.05511528 -0.02393996 0.151638 0.05487817 -0.02378875 0.1511941 0.05478388 -0.0239098 0.1514804 0.05501401 -0.02394831 0.1515807 0.05843448 -0.02743309 0.1515464 0.05843943 -0.02726387 0.1516377 0.05845004 -0.02721393 0.1516695 0.05935758 -0.02818286 0.1516388 0.05912083 -0.0280314 0.1511941 0.05902636 -0.02815234 0.1514803 0.05925631 -0.02819114 0.1515811 0.06055498 -0.02955532 0.1515485 0.0605598 -0.0293861 0.1516399 0.06057041 -0.02933621 0.1516717 0.06147825 -0.0303049 0.1516404 0.0612421 -0.03015273 0.1511941 0.06114697 -0.03027433 0.1514818 0.06137692 -0.03031313 0.1515827 0.06267648 -0.03167659 0.1515479 0.06268125 -0.03150737 0.1516398 0.06269174 -0.0314576 0.1516715 0.06360048 -0.03242534 0.1516382 0.06336343 -0.03227406 0.1511941 0.06326913 -0.03239482 0.1514798 0.06349915 -0.03243356 0.1515806 0.06479942 -0.03379625 0.1515439 0.06480413 -0.03362709 0.1516359 0.06481462 -0.03357738 0.1516677 0.06572306 -0.03454536 0.1516351 0.06548476 -0.03439539 0.1511941 0.06539177 -0.0345146 0.1514762 0.06562173 -0.03455358 0.1515772 0.0669201 -0.03591763 0.1515457 0.06692492 -0.03574889 0.1516371 0.06693559 -0.03569883 0.1516691 0.06784141 -0.03666967 0.1516425 0.06760609 -0.03651672 0.1511941 0.06751048 -0.03663808 0.1514816 0.06774008 -0.03667765 0.151584 0.02879595 0.002038478 0.1514589 0.02873587 0.002265274 0.1515467 0.02874863 0.002185046 0.1515111 0.02922517 0.001764178 0.1511533 0.0291084 0.001657605 0.1514236 0.02932751 0.001545846 0.1514809 0.03722113 -0.006220102 0.1515468 0.03723376 -0.00630033 0.1515114 0.03728109 -0.006447076 0.1514594 0.03759372 -0.00682801 0.1514241 0.03781294 -0.00693953 0.1514811 0.05631345 -0.02531158 0.1515456 0.05632621 -0.02539169 0.1515102 0.05637359 -0.02553844 0.1514579 0.05680233 -0.02581298 0.1511533 0.0566864 -0.02591902 0.151422 0.05690574 -0.02603048 0.1514788 0.02455294 0.006280004 0.1514602 0.0245347 0.006325364 0.151475 0.02506625 0.005796194 0.151472 0.0248664 0.005900681 0.1514223 0.02667617 0.004161298 0.1514552 0.02665823 0.004206299 0.1514695 0.02698868 0.003780663 0.1514194 0.02718842 0.003675699 0.15147 0.03091657 -8.37855e-5 0.1514608 0.03089857 -3.86275e-5 0.1514751 0.03122937 -4.64294e-4 0.1514248 0.03142899 -5.6893e-4 0.151475 0.03303861 -0.002204477 0.1514591 0.03302055 -0.002159237 0.1514735 0.03335148 -0.002584934 0.151423 0.03355115 -0.002689421 0.151473 0.03516042 -0.004325151 0.1514577 0.03514248 -0.004279971 0.151472 0.03547322 -0.004705846 0.1514221 0.03567278 -0.004810392 0.1514722 0.03940123 -0.008569598 0.1514623 0.03938329 -0.008524417 0.1514765 0.03971391 -0.008950531 0.151427 0.03991341 -0.009055078 0.1514771 0.0415219 -0.0106917 0.1514639 0.0415039 -0.01064646 0.1514782 0.04183471 -0.01107245 0.1514284 0.04203426 -0.01117688 0.1514783 0.04364323 -0.01281309 0.1514639 0.04362523 -0.01276779 0.1514782 0.0439561 -0.01319372 0.1514282 0.04415565 -0.01329809 0.1514781 0.04576468 -0.01493424 0.1514636 0.04574668 -0.01488894 0.1514778 0.04607754 -0.01531493 0.1514279 0.04627704 -0.0154193 0.1514778 0.04788589 -0.01705563 0.1514638 0.04786795 -0.01701039 0.1514781 0.04819875 -0.01743638 0.1514283 0.04839825 -0.01754081 0.1514782 0.05000716 -0.01917707 0.151464 0.04998916 -0.01913177 0.1514783 0.05032002 -0.01955771 0.1514283 0.05051958 -0.01966214 0.1514782 0.05212903 -0.02129793 0.1514627 0.05211097 -0.02125263 0.1514771 0.05244201 -0.02167838 0.1514267 0.05264157 -0.02178275 0.1514765 0.05425149 -0.02341812 0.1514599 0.05423343 -0.02337282 0.1514743 0.05456447 -0.02379852 0.1514238 0.05476409 -0.02390289 0.1514737 0.05849456 -0.02765995 0.1514587 0.05847662 -0.02761489 0.151473 0.05880713 -0.02804076 0.1514232 0.05900675 -0.02814549 0.1514735 0.06061512 -0.02978211 0.1514606 0.06059712 -0.02973699 0.151475 0.06092774 -0.03016275 0.1514248 0.06112742 -0.03026747 0.1514751 0.06273686 -0.0319032 0.1514597 0.0627188 -0.03185802 0.1514741 0.06304979 -0.03228342 0.1514232 0.06324952 -0.03238797 0.1514732 0.0648598 -0.03402274 0.1514556 0.0648418 -0.03397762 0.15147 0.06517261 -0.03440296 0.1514192 0.06537234 -0.03450781 0.1514695 0.06698 -0.03614431 0.1514579 0.0669623 -0.03609979 0.151472 0.06729167 -0.03652572 0.1514234 0.06749147 -0.03663134 0.1514749 0.02892464 0.001828372 0.1514162 0.02887856 0.001889646 0.1514241 0.03740984 -0.006657361 0.1514168 0.03736358 -0.006595849 0.1514247 0.05650246 -0.02574855 0.151415 0.05645614 -0.02568703 0.151423 0.02474337 0.006003677 0.1514124 0.02468228 0.006070733 0.1514161 0.02680492 0.003951311 0.1514122 0.02686613 0.003883779 0.1514089 0.03104543 -2.93784e-4 0.1514178 0.03110647 -3.61104e-4 0.1514144 0.03316754 -0.002414464 0.1514161 0.03322851 -0.002481698 0.1514127 0.03528928 -0.004535257 0.1514149 0.03535026 -0.004602551 0.1514117 0.03952997 -0.008779883 0.1514197 0.03959095 -0.008847177 0.1514164 0.04165077 -0.01090192 0.1514212 0.04171168 -0.0109691 0.1514179 0.0437721 -0.01302325 0.1514212 0.04383301 -0.01309043 0.1514179 0.04589354 -0.0151444 0.1514208 0.04595446 -0.01521158 0.1514176 0.04801476 -0.01726585 0.1514211 0.04807567 -0.01733303 0.1514179 0.05013602 -0.01938724 0.1514213 0.05019694 -0.01945441 0.1514179 0.05225795 -0.02150797 0.1514198 0.05231887 -0.02157509 0.1514165 0.05438041 -0.02362811 0.151417 0.05444139 -0.02369523 0.1514136 0.05862331 -0.02787011 0.151416 0.05868434 -0.02793753 0.1514127 0.06074386 -0.02999216 0.1514177 0.06080496 -0.03005957 0.1514144 0.06286585 -0.03211301 0.1514164 0.06292688 -0.0321803 0.151413 0.06498873 -0.03423255 0.1514123 0.06504988 -0.03429996 0.1514089 0.06710833 -0.0363546 0.1514155 0.06716978 -0.03642266 0.1514124 0.02525043 0.01123577 0.1543144 0.07357454 -0.03694051 0.1541333 0.02801281 0.01652842 0.157358 0.07639282 -0.03203403 0.1575815 0.07240647 -0.0359202 0.1543144 0.03574848 0.00859338 0.1576024 0.03143894 0.01289021 0.1576179 0.06976401 -0.02542215 0.1576024 0.02913659 0.01522213 0.1575815 0.07406085 -0.02973169 0.1576179 0.02716201 0.01571869 0.1568309 0.02641195 0.01482671 0.15617 0.02826124 0.01444387 0.157046 0.0278179 0.01420038 0.15675 0.06717771 -0.0275402 0.1557627 0.05040907 -0.01076155 0.1557511 0.02172988 0.009907782 0.1287215 0.02203607 0.01021397 0.1289715 0.01446902 0.01115876 0.1370822 0.01413029 0.009856045 0.1390925 0.01433557 0.008211553 0.1408551 0.01506835 0.006358504 0.1422272 0.01626914 0.004447042 0.1430976 0.07138466 -0.03913456 0.1289715 0.06561774 -0.04490149 0.1430976 0.0675292 -0.04610228 0.1422272 0.07258546 -0.04104602 0.1298419 0.07331824 -0.04289907 0.131214 0.06938225 -0.04683506 0.1408551 0.07102674 -0.04704034 0.1390925 0.0723294 -0.04670161 0.1370822 0.07318478 -0.04584622 0.1349869 0.07352352 -0.04454356 0.1329766 0.01596295 0.004140853 0.1428476 0.01476216 0.006052315 0.1419772 0.01402938 0.007905364 0.1406052 0.0138241 0.009549856 0.1388425 0.01416283 0.01085257 0.1368322 0.06531155 -0.04520767 0.1428476 0.07287859 -0.04615241 0.134737 0.07202321 -0.04700779 0.1368322 0.07072055 -0.04734653 0.1388425 0.07107847 -0.03944075 0.1287215 0.07301205 -0.04320526 0.130964 0.07321733 -0.04484975 0.1327266 0.06907606 -0.04714125 0.1406052 0.06722301 -0.04640847 0.1419772 0.01981842 0.01110863 0.129592 0.02012461 0.01141482 0.1298419 0.07227933 -0.04135221 0.129592 0.01796537 0.01184135 0.130964 0.01827156 0.01214754 0.131214 0.01662707 0.01235288 0.1329766 0.01532441 0.01201409 0.1349869 0.01632088 0.01204669 0.1327266 0.01501822 0.0117079 0.134737</float_array>
          <technique_common>
            <accessor source="#cam-mesh-positions-array" count="5337" stride="3">
              <param name="X" type="float"/>
              <param name="Y" type="float"/>
              <param name="Z" type="float"/>
            </accessor>
          </technique_common>
        </source>
        <source id="cam-mesh-normals">
          <float_array id="cam-mesh-normals-array" count="31260">0 0 -1 -0.9009684 0.4338847 0 -0.6234906 0.7818309 0 -0.2225204 0.9749282 0 -1 0 0 -0.9009686 0.4338845 0 0 1 0 0 1 0 -0.900969 -0.4338837 0 0.5000004 -0.8660253 0 0.5000005 -0.8660252 0 0.8660252 -0.5000004 0 1 0 0 0.8660254 -0.5000002 0 0 -1 0 0.8660254 0.5000002 0 -0.5000004 -0.8660252 0 -0.5000004 -0.8660253 0 -0.6234897 -0.7818316 0 0.5000004 0.8660253 0 0.8660252 0.5000004 0 -0.866025 -0.500001 0 0 1 0 0.5000005 0.8660252 0 -1 6.24714e-7 0 -1 9.37071e-7 0 -0.4999988 0.8660261 0 -0.866026 0.4999991 0 -0.2225199 -0.9749282 0 -0.4999988 0.8660261 0 0 -1 0 0 -1 -3.90466e-7 -0.2225199 -0.9749282 0 0.2225208 0.974928 0 0.2225206 0.9749281 0 0.5000016 -0.8660246 0 0.8660241 -0.5000024 0 0.6234902 0.7818313 0 0.6234877 0.7818332 0 0.8660245 0.5000017 0 -0.5000004 -0.8660252 0 0.5000004 0.8660252 0 -0.8660288 -0.4999942 0 -0.8660202 -0.5000091 0 0.9009698 0.4338819 0 0.9009678 0.433886 0 -1.59926e-6 1 0 -0.4999992 0.8660259 0 -0.8660205 0.5000085 0 -0.8660292 0.4999935 0 -1.19707e-7 -1 0 0 -1 9.6276e-7 0.2225198 -0.9749283 0 0.9009674 -0.4338869 0 0.9009693 -0.4338828 0 0.6234941 -0.7818282 0 0.2225209 -0.974928 0 0.6234892 -0.781832 0 0 0 1 3.29482e-7 0 1 -5.88259e-7 0 1 0 0 1 3.58819e-7 0 1 -5.33237e-7 0 1 0 0 1 0 0 1 1.27788e-7 0 1 -2.93545e-7 0 1 0 1 0 0 1 0 -0.7071068 -0.7071068 0 2.06614e-7 1.99475e-7 1 1.27788e-7 0 1 1.33087e-7 0 1 0 -1.03638e-6 1 0.7071067 0.7071069 0 0.707107 0.7071067 0 0 -1 0 -0.7071067 -0.7071069 0 2.32856e-7 0 1 2.99185e-7 3.09014e-7 1 2.15589e-7 1.2856e-7 1 0 -1 0 0 -1.21276e-6 1 1.35258e-6 -1.18932e-6 1 1.78438e-7 0 1 -3.94056e-7 0 1 1.79409e-7 0 1 -7.10983e-7 0 1 2.96926e-7 0 1 8.06563e-7 0 -1 -0.7071065 -0.7071071 -2.58611e-7 -0.7071068 0.7071068 0 -0.7071069 0.7071067 0 -0.707107 0.7071067 5.70444e-7 -3.76964e-7 0 -1 0.7071069 0.7071068 0 -0.7071069 -0.7071067 0 -0.7071066 -0.707107 -7.93731e-7 0.7071067 0.7071068 -2.63987e-7 -3.76964e-7 0 -1 -0.7071062 -0.7071074 0 -8.06563e-7 0 -1 0.7071067 0.707107 0 0.7071068 0.7071068 0 0.7071071 -0.7071066 0 0.7071068 -0.7071068 0 -0.3535532 -0.3535533 0.8660256 -0.3535535 -0.3535534 0.8660253 0.7071052 -0.7071084 -1.63473e-6 0.6123726 0.6123725 0.4999999 0.6123885 0.6123598 0.4999958 0.612365 0.6123775 0.5000032 0.612357 0.612383 0.5000061 0.6123725 0.6123725 0.4999999 0.6123568 0.6123767 0.5000141 0.6123732 0.6123721 0.4999997 -0.7071095 0.7071041 6.72122e-7 0.6123684 0.6123758 0.500001 0.6123663 0.6123789 0.4999996 0.6123723 0.6123727 0.5 0.6123852 0.6123571 0.5000032 0.7071068 -0.7071068 0 0.7071068 -0.7071068 3.67923e-7 -0.6123726 -0.6123725 -0.4999997 -0.6123762 -0.6123669 -0.5000024 -0.612371 -0.6123746 -0.4999992 -0.6123634 -0.6123747 -0.5000082 -0.6123725 -0.6123723 -0.5000001 -0.7071061 0.7071076 -3.67926e-7 -0.6123761 -0.612369 -0.4999998 -0.6123746 -0.6123746 -0.4999947 -0.6123485 -0.6123799 -0.5000203 -0.6123735 -0.6123735 -0.4999973 -0.6123663 -0.612389 -0.4999873 -0.6123721 -0.6123723 -0.5000007 -0.6123725 -0.6123725 -0.5000001 -0.6123797 -0.6123682 -0.4999964 -0.6123656 -0.6123731 -0.5000076 -0.5245153 -0.1584996 0.8365176 -0.5245113 -0.1584887 0.8365221 -0.158496 -0.5245127 0.83652 -0.5245158 -0.1584835 0.8365203 -0.5245302 -0.1584968 0.8365088 -0.1584749 -0.524524 0.8365169 -0.1585069 -0.5245205 0.836513 0.2500115 -0.7500001 0.6123676 -0.7500045 0.2500001 0.612367 -0.7499924 0.2500029 0.6123806 -0.6123738 -0.6123721 -0.4999988 -0.1584919 -0.5245245 0.8365133 0.2499786 -0.7500009 0.61238 -0.7500038 0.2500067 0.612365 -0.7499953 0.2499957 0.61238 0.2500001 -0.7499963 0.6123769 0.5915031 -0.7745202 0.2241485 -0.612359 -0.6123758 -0.5000125 -0.774523 0.5915011 0.2241445 -0.7745121 0.5915152 0.2241447 -0.6123759 -0.6123698 -0.499999 0.2499975 -0.7500007 0.6123726 0.591513 -0.7745148 0.2241411 -0.7745126 0.5915134 0.2241476 -0.7745233 0.5914992 0.2241483 -0.6123768 -0.6123697 -0.499998 0.5915068 -0.7745186 0.2241441 0.7745219 -0.5915031 -0.2241429 0.6123859 0.6123676 0.4999894 0.6124334 0.6123402 0.499965 -0.6123752 -0.6123709 -0.4999986 -0.591507 0.7745188 -0.2241432 -0.5915178 0.7745118 -0.2241391 -0.6123706 -0.6123746 -0.4999998 -0.6123926 -0.6123483 -0.5000051 -0.6123729 -0.6123761 -0.4999951 0.5915055 -0.7745211 0.2241396 0.7745205 -0.5915042 -0.2241449 -0.5915045 0.7745196 -0.2241473 -0.5915042 0.7745192 -0.2241492 0.6123388 0.6123906 0.500019 -0.6123699 -0.6123762 -0.4999985 0.7745181 -0.5915074 -0.2241448 0.7499995 -0.2500035 -0.6123716 -0.250014 0.7499973 -0.6123701 -0.249982 0.750007 -0.6123714 0.6123767 0.6123706 0.499997 -0.612373 -0.6123747 -0.4999966 -0.6123723 -0.6123726 -0.5 0.7745213 -0.5915058 -0.2241376 0.7500022 -0.2500041 -0.6123681 -0.6123725 -0.61237 -0.500003 -0.2499981 0.7500026 -0.6123701 -0.2500015 0.7499964 -0.6123763 0.6123944 0.6123578 0.4999911 -0.6123739 -0.6123665 -0.5000056 0.7500046 -0.2500042 -0.6123651 0.5245115 0.1584992 -0.8365201 0.1584928 0.5245114 -0.8365213 0.1585069 0.5245167 -0.8365153 -0.6123875 -0.6123596 -0.4999973 -0.6123724 -0.6123725 -0.5000001 0.7499963 -0.2499988 -0.6123777 0.5245019 0.1584966 -0.8365265 -0.6123784 -0.6123716 -0.4999939 0.1584924 0.5245101 -0.8365223 0.1584749 0.5245223 -0.8365178 0.6123772 0.6123697 0.4999976 0.5245107 0.1585007 -0.8365201 0.6123708 0.6123729 0.5000015 0.612375 0.6123691 0.5000009 0.5245345 0.15849 -0.8365074 0.6123623 0.6123768 0.5000071 0.6123703 0.6123775 0.4999964 0.61238 0.6123698 0.4999941 0.612372 0.612373 0.4999998 0.6123917 0.6123599 0.4999917 0.6123527 0.6123853 0.5000084 0.6123731 0.6123666 0.5000064 0.6123729 0.6123721 0.4999998 0.6123806 0.6123726 0.4999898 0.6123666 0.6123685 0.5000119 0.6123958 0.6123561 0.4999915 4.65661e-6 0 1 -4.07453e-6 0 1 0.2523255 0.5590293 -0.7898216 0.1558429 0.5259541 -0.8361132 0.1674463 0.5811759 -0.7963644 0.7071093 -0.7071043 -2.16623e-6 0.707121 -0.7070927 0 0.1857257 0.5178309 -0.8350792 0.1587708 0.5114787 -0.8445007 0.7071039 -0.7071097 -8.37967e-7 0.7071074 -0.7071062 -2.71288e-7 0.1357432 0.5198747 -0.8433886 0.1436211 0.5120451 -0.8468665 0.70711 -0.7071036 1.64432e-6 0.1482921 0.503519 -0.8511629 0.648895 -0.7595374 -0.04514557 0.7071081 -0.7071055 -6.47165e-7 0.1843425 0.6511756 -0.7361985 0.3340067 0.5983097 -0.7283303 0.7070984 -0.7071151 0 0.7071179 -0.7070957 2.78288e-6 0.1459663 0.5084894 -0.8486062 0.4531012 -0.8746327 -0.1723865 0.5966221 -0.7983168 -0.08205091 0.3897091 -0.8973157 -0.2072473 0.2461 -0.9283307 -0.2786346 0.03234523 -0.9296656 -0.3669818 0.149372 -0.9354445 -0.3203617 0.1429862 0.515026 -0.8451647 -0.1490352 -0.8926067 -0.4254901 -0.09564828 -0.907318 -0.4094209 0.1135494 0.5389606 -0.8346424 0.1361539 0.5201732 -0.8431382 0.1407312 0.5167703 -0.8444782 0.1290544 0.5544834 -0.8221272 -0.2567648 -0.8535773 -0.4532964 0.129845 0.5586368 -0.8191858 0.1837306 0.6103358 -0.770541 0.3231295 0.6443685 -0.6930921 0.7070937 -0.70712 0 -0.480534 -0.7255064 -0.4926739 -0.3016847 -0.8333473 -0.4631618 0.1843138 0.6128258 -0.7684224 0.2490497 0.6699767 -0.6993608 0.1065322 0.5409386 -0.834288 -0.6123817 -0.6123655 -0.4999971 -0.5203365 -0.6950333 -0.496164 0.3409736 0.7056426 -0.6211326 0.3463935 0.7041172 -0.6198634 0.7071236 -0.7070899 -4.21569e-6 0.7070803 -0.7071334 3.31776e-6 0.2493709 0.671181 -0.6980904 0.3176696 0.7249792 -0.6111392 0.303458 0.7951452 -0.5250308 0.4376723 0.728882 -0.5264731 0.7071299 -0.7070837 -2.88681e-6 0.7070833 -0.7071304 3.9231e-6 0.7070726 -0.707141 0 0.707139 -0.7070746 -8.05324e-6 0.03964388 0.5823711 -0.8119559 0.05721437 0.6001319 -0.7978523 0.3178569 0.7255755 -0.6103337 0.3873857 0.7718917 -0.5040988 0.05899888 0.5794655 -0.8128585 -0.6123675 -0.6123756 -0.5000024 0.05846846 0.6061351 -0.7932098 0.1138554 0.6587275 -0.743717 0.1150048 0.6633002 -0.7394639 0.1816253 0.7199109 -0.6698811 0.5086886 0.734633 -0.4489436 0.7070551 -0.7071586 0 0.1825711 0.723154 -0.6661202 0.2530409 0.7744749 -0.5797923 0.4408081 0.8004856 -0.4060925 0.3875026 0.7724261 -0.5031896 0.02278369 0.5954903 -0.8030394 -0.6123681 -0.6123718 -0.5000062 0.4494264 0.8112402 -0.3740391 0.4835875 0.8126837 -0.3250976 0.2537966 0.7767778 -0.576371 0.3258897 0.8188853 -0.4724646 -0.004454195 0.6096159 -0.7926845 -0.6123795 -0.6123691 -0.4999955 -0.0274834 0.630071 -0.7760511 -0.01493829 0.6427582 -0.7659236 -0.013291 0.650084 -0.7597463 0.04390239 0.703749 -0.709091 0.04561001 0.7097443 -0.7029814 0.1143913 0.7659217 -0.6326759 0.3971855 0.8490135 -0.3484535 0.3264786 0.8206063 -0.4690598 0.5062131 0.831198 -0.2299096 0.5272361 0.8257947 -0.2002133 0.1160012 0.7705041 -0.6267913 0.1887431 0.8194691 -0.541153 -0.05013895 0.6357905 -0.7702315 -0.61237 -0.6123728 -0.5000026 0.1900848 0.8228759 -0.5354839 0.2649689 0.8609639 -0.4342035 0.3975787 0.8503495 -0.3447273 0.462772 0.8610395 -0.2108392 0.5571364 0.8270077 -0.07521629 0.5547222 0.8283466 -0.07826304 -0.1010734 0.6683779 -0.7369228 -0.07854092 0.6535706 -0.7527794 -0.08748197 0.6821346 -0.7259747 0.3403479 0.8867068 -0.3129129 0.2660102 0.8633931 -0.4287086 -0.08575659 0.6891242 -0.7195511 -0.02552866 0.7449056 -0.6666813 -0.02371448 0.7506735 -0.6602477 0.04858469 0.8072399 -0.5882204 -0.6123776 -0.6123907 -0.4999715 -0.1076784 0.6692116 -0.7352287 -0.612365 -0.6123773 -0.5000033 0.4628539 0.8620194 -0.2066134 0.5186938 0.8524541 -0.06541317 0.05033928 0.8116593 -0.5819581 0.126572 0.859017 -0.4960537 0.3410727 0.8883028 -0.3075512 0.411351 0.8934442 -0.1804104 0.5843483 0.8110905 0.02587038 0.1281464 0.8622349 -0.4900301 0.2067248 0.8970893 -0.390507 0.2864513 0.9183733 -0.2730135 0.2080147 0.8993027 -0.3846879 0.5795502 0.8114176 0.07565271 0.6085028 0.7834103 0.1264623 0.5183194 0.8530238 -0.06078994 0.5617426 0.8234142 0.08021479 0.4117174 0.8943244 -0.1751365 0.4743592 0.8793408 -0.04175174 -0.1779699 0.6982993 -0.6933289 -0.1541564 0.6988037 -0.698505 -0.612389 -0.6123622 -0.4999923 -0.160237 0.7163826 -0.6790583 -0.1585432 0.7224826 -0.6729658 -0.09487408 0.7806978 -0.6176648 -0.09306567 0.7856584 -0.6116206 -0.01678001 0.842951 -0.5377288 0.2874373 0.9197148 -0.2674034 0.3628152 0.9202777 -0.1464726 -0.01500892 0.8466825 -0.5318868 0.0653162 0.8928103 -0.4456722 0.06696879 0.8954651 -0.4400651 0.1496915 0.9276022 -0.3422671 0.4742375 0.8796304 -0.03673166 0.5262925 0.8447953 0.0966295 0.560891 0.8235359 0.08479422 0.5990421 0.7707163 0.2171291 0.616744 0.7494745 0.2406551 0.5908394 0.7766683 0.2183925 -0.1944351 0.7077854 -0.6791427 -0.6123362 -0.6123924 -0.5000199 0.3633871 0.9208921 -0.1410945 0.4324877 0.9015105 -0.01526916 0.2340897 0.9448101 -0.2292072 0.1511099 0.9293462 -0.3368701 -0.2210335 0.7162817 -0.6618798 -0.6123829 -0.6123691 -0.4999913 -0.2462295 0.7308916 -0.6365286 -0.2327049 0.7446259 -0.6256043 -0.231035 0.7499752 -0.6198066 -0.1641741 0.8104158 -0.5623816 0.2352368 0.945784 -0.2239561 0.3157708 0.9425374 -0.109143 -0.1623452 0.8147482 -0.5566233 -0.08209347 0.8726444 -0.4814066 0.5257222 0.8446235 0.1011312 0.5655537 0.7924708 0.2283402 0.5895203 0.7765499 0.2223426 0.4325808 0.9015372 -0.01022654 0.4925684 0.8625969 0.1153395 0.6053121 0.7213556 0.3365168 0.6120747 0.712503 0.3430802 -0.08027434 0.8758357 -0.4758865 0.004199922 0.9208181 -0.3899699 0.6068964 0.7167693 0.343393 -0.2616884 0.7312487 -0.6299164 -0.6123631 -0.6123774 -0.5000054 0.005915462 0.9230154 -0.3847175 0.09298604 0.9527271 -0.2892485 0.3166134 0.9428293 -0.104063 0.3918664 0.9199116 0.01426613 0.1821133 0.9664602 -0.1810784 0.09448885 0.954083 -0.2842494 0.4922423 0.8621756 0.1197949 0.5411903 0.805929 0.2399824 0.564593 0.7921048 0.2319587 0.6243245 0.6565038 0.423346 0.592248 0.726601 0.3482719 0.6055322 0.716636 0.3460689 0.3923333 0.9196255 0.01906627 0.4597308 0.8774718 0.1367152 0.183384 0.9671071 -0.1762785 0.2691787 0.9606974 -0.06784981 -0.3205471 0.7489844 -0.5798897 -0.3034674 0.7664745 -0.5660604 -0.30182 0.7711324 -0.5605887 -0.2318273 0.8336515 -0.5012798 -0.3059787 0.7509762 -0.5851598 -0.6123806 -0.6123679 -0.4999955 0.5740402 0.6621385 0.4817163 0.6152316 0.6457553 0.452206 0.6124927 0.6483863 0.4521592 -0.2300303 0.8373531 -0.4959091 -0.1458537 0.895833 -0.4197737 -0.1440265 0.8985056 -0.4146616 -0.05534487 0.9425221 -0.3295286 0.2701986 0.960723 -0.06327807 0.3516802 0.9349205 0.0473783 0.540495 0.8053306 0.2435324 0.5778509 0.7352648 0.3542231 0.5912203 0.7262952 0.3506479 0.4597166 0.8768016 0.1409952 0.5172488 0.817351 0.2537542 -0.05361181 0.9442914 -0.3247147 0.03785794 0.9719608 -0.2320758 0.6117659 0.6483933 0.453132 0.6079228 0.6517402 0.4535027 0.1317021 0.9828216 -0.1292917 0.03941285 0.9729633 -0.2275722 0.3523398 0.9344441 0.05168139 0.4270992 0.8897238 0.161177 0.6123757 0.6123678 0.5000018 0.7071059 -0.7071077 -4.39329e-7 -0.3369889 0.7540708 -0.5637514 -0.6123601 -0.6123632 -0.5000265 0.13306 0.9831896 -0.1250334 0.2240433 0.974301 -0.0232892 -0.3443785 0.7550762 -0.5579099 -0.6124107 -0.6123386 -0.4999946 -0.6123561 -0.6123822 -0.5000081 -0.6123878 -0.6123648 -0.4999905 -0.6123609 -0.6123756 -0.5000103 -0.612346 -0.6123893 -0.5000118 -0.6123852 -0.6123646 -0.499994 -0.6123831 -0.6123605 -0.5000016 -0.6123616 -0.6123835 -0.4999999 -0.6123743 -0.6123618 -0.5000109 -0.612362 -0.6124185 -0.4999565 -0.6123883 -0.6123636 -0.4999914 -0.6124383 -0.6123167 -0.4999877 -0.6123613 -0.6123818 -0.5000023 -0.6123741 -0.6123741 -0.4999961 -0.6124106 -0.6123277 -0.5000082 -0.612341 -0.6123878 -0.5000198 -0.6123771 -0.6123771 -0.4999887 -0.6123687 -0.6123742 -0.5000026 -0.6123737 -0.6123737 -0.4999972 -0.6123723 -0.6123723 -0.5000005 -0.6123627 -0.6123807 -0.5000018 -0.6123817 -0.6123617 -0.5000019 -0.6123646 -0.6123872 -0.4999917 -0.6123703 -0.6123775 -0.4999966 -0.6123883 -0.6123553 -0.5000017 -0.6123691 -0.6123691 -0.5000082 0.5168434 0.8165195 0.2572332 0.5635069 0.7427876 0.3615614 0.5770182 0.7347856 0.3565672 0.6123656 0.6123737 0.5000069 0.612379 0.6123684 0.4999971 -0.3690961 0.7589737 -0.536402 -0.612354 -0.612396 -0.4999938 0.6073509 0.6516823 0.4543514 0.6032982 0.6548503 0.4551949 -0.3855014 0.7677562 -0.5118 -0.3717879 0.7817466 -0.5006457 0.4273418 0.8889001 0.1650326 0.4933448 0.8268792 0.2699663 -0.3702613 0.7854899 -0.4958955 -0.2971434 0.8501138 -0.4347556 0.225161 0.9741308 -0.01927775 0.3126624 0.9461895 0.08347338 -0.2954476 0.8530417 -0.4301521 -0.2072073 0.9122686 -0.3533149 -0.2055165 0.9143001 -0.349025 -0.112428 0.957678 -0.2649771 0.6123654 0.6123766 0.5000036 -0.1108178 0.9589588 -0.2609934 -0.01479643 0.985082 -0.1714483 0.3134542 0.9455929 0.08718127 0.3953041 0.8990464 0.188282 0.08370625 0.9936978 -0.07455176 -0.013332 0.9857324 -0.1677914 0.5628575 0.7421264 0.363923 0.6028475 0.6546849 0.4560291 0.59865 0.6576042 0.4573566 -0.4121466 0.7653872 -0.494285 -0.6123769 -0.6123639 -0.5000051 0.4932059 0.8259274 0.2731153 0.5491231 0.7491496 0.3704575 0.08500826 0.9938376 -0.07113671 0.1811468 0.9831659 0.0238915 0.6123713 0.6123773 0.4999956 0.3957276 0.8981653 0.1915698 0.4699228 0.8343089 0.2882727 0.1822506 0.9828785 0.02710545 0.2755661 0.9535166 0.1219409 -0.4530245 0.7734286 -0.4433699 -0.4369102 0.7899487 -0.4302215 -0.4356361 0.792703 -0.4264308 -0.3594 0.8594169 -0.3636406 0.5487177 0.7483796 0.3726082 0.5982863 0.6573348 0.4582189 0.5939636 0.6599572 0.4600692 -0.3580179 0.861495 -0.3600687 -0.2656699 0.9216232 -0.2828963 0.6123665 0.6123728 0.5000069 0.2764185 0.952884 0.1249204 0.364961 0.9052621 0.217495 -0.2642858 0.9230102 -0.2796521 -0.1667237 0.9661105 -0.1970629 0.4699683 0.833347 0.2909687 0.5348994 0.7542759 0.3807237 -0.4530079 0.7734323 -0.4433808 -0.6123693 -0.6123722 -0.5000042 -0.1654146 0.9669222 -0.1941633 -0.06474477 0.9920384 -0.1080186 0.03831046 0.9991143 -0.01740401 -0.06354606 0.9923999 -0.1053782 0.3655267 0.9043819 0.2201904 0.4474058 0.8394974 0.3083382 0.03939139 0.9991122 -0.01493805 0.1406364 0.9873467 0.07326662 0.5347112 0.7534781 0.3825634 0.5936901 0.6596532 0.4608576 0.5893039 0.6619133 0.4632407 0.6123806 0.612367 0.4999969 0.1415954 0.987034 0.07559573 0.2405391 0.9569446 0.1624751 0.4476405 0.8385495 0.3105685 0.5210999 0.7580611 0.3921715 -0.4794602 0.7723692 -0.4166098 -0.6124805 -0.6123174 -0.4999351 0.2413324 0.9563657 0.1646924 0.3362678 0.9083478 0.2486529 -0.5174641 0.7705547 -0.3721243 -0.4926913 0.7804977 -0.3848098 -0.6123932 -0.612291 -0.5000743 -0.6123614 -0.6124044 -0.4999744 -0.6123675 -0.6123395 -0.5000465 -0.6123581 -0.612414 -0.4999668 -0.6118774 -0.6130533 -0.4997717 -0.612338 -0.6124045 -0.5000029 -0.612383 -0.612358 -0.5000048 -0.6123803 -0.6123573 -0.500009 -0.6123408 -0.6124041 -0.5 -0.6124297 -0.6123183 -0.4999961 -0.6123443 -0.6123982 -0.5000029 -0.4978136 0.7908297 -0.3560482 -0.4967797 0.7927584 -0.3531915 -0.4178152 0.8612989 -0.2891275 -0.416729 0.8626862 -0.2865475 -0.3206053 0.9237449 -0.2095416 -0.3195667 0.9246055 -0.2073207 -0.2177745 0.9677371 -0.1267253 0.61237 0.6123772 0.4999973 0.5891138 0.6615852 0.4639503 -0.2168043 0.9682037 -0.1248097 -0.1116601 0.992837 -0.04250633 0.3368524 0.9075703 0.2506923 0.425979 0.8423882 0.3300365 0.5210711 0.757265 0.3937446 0.5847287 0.6634266 0.4668593 -0.004291415 0.9991236 0.04163622 -0.1107828 0.9930067 -0.04080396 -0.003482878 0.99906 0.04320985 0.1026656 0.9869001 0.1244509 0.4263421 0.8415135 0.3317945 0.5078776 0.760406 0.4047755 -0.5400062 0.7680933 -0.344131 0.1034187 0.9866285 0.1259719 0.2077051 0.9565092 0.2048141 0.6123638 0.6123716 0.5000118 0.584612 0.6630976 0.4674726 0.2083744 0.9560478 0.2062831 0.3093234 0.9083309 0.2815212 0.5079939 0.7596551 0.4060378 0.5802819 0.6644715 0.4709041 0.3098946 0.9076933 0.2829461 0.4058462 0.8429133 0.3532506 -0.5699624 0.7681568 -0.2916815 -0.5590941 0.7681107 -0.3121215 -0.554039 0.7844715 -0.2786492 -0.5533338 0.7856406 -0.27675 -0.4719343 0.8558258 -0.2117556 -0.4711995 0.856628 -0.2101423 -0.3716555 0.9186792 -0.1337934 -0.370998 0.9191306 -0.132512 -0.2652553 0.9626427 -0.05439549 -0.2646735 0.9628608 -0.05335968 -0.1553072 0.9875569 0.02471709 0.4062317 0.8421907 0.3545289 0.4954189 0.761235 0.4184273 -0.0438804 0.9937934 0.102222 -0.1548073 0.9876134 0.0255838 0.6123855 0.6123685 0.499989 0.5802805 0.6641196 0.4714021 -0.5807702 0.7632836 -0.2830272 -0.04341626 0.993731 0.1030242 0.06743085 0.9818726 0.1771423 0.06789177 0.9816941 0.1779538 0.1772879 0.9522308 0.2486475 0.4956088 0.7605863 0.4193809 0.5760933 0.664964 0.475331 0.1777502 0.9519215 0.2495 0.2843571 0.9051848 0.3158826 0.2847967 0.9047412 0.3167558 0.3871593 0.8410691 0.3777705 0.6124067 0.6123495 0.4999862 0.612354 0.6123824 0.5000104 0.6123723 0.6123723 0.5000005 0.6123536 0.6123867 0.5000056 0.6123405 0.6123931 0.500014 0.6124112 0.6123425 0.4999892 0.6124112 0.6123439 0.4999876 0.6123609 0.6123834 0.5000008 0.6123788 0.6123692 0.4999961 0.5761266 0.6646605 0.4757148 0.3875073 0.8405464 0.3785759 0.4837868 0.7605546 0.4330211 -0.6112852 0.7588728 -0.2245944 -0.6243974 0.7507278 -0.2157217 -0.6047163 0.7710406 -0.199536 -0.6042886 0.7716584 -0.1984407 -0.5209289 0.843187 -0.1329235 -0.5205379 0.8435568 -0.132108 -0.4180648 0.906633 -0.0569089 -0.4177745 0.906803 -0.05632776 -0.3085647 0.9510169 0.01883852 -0.3083517 0.9510783 0.01922184 -0.1952078 0.9763715 0.0926966 -0.08007663 0.983277 0.1635666 -0.1950069 0.9763844 0.09298402 0.4840069 0.7600584 0.4336458 0.5721545 0.6649343 0.4801059 -0.07988488 0.9832454 0.1638501 0.03525286 0.9723857 0.230702 0.03546625 0.9722999 0.2310305 0.1495458 0.9441863 0.2935103 0.1498181 0.9440215 0.2939013 0.261644 0.8989523 0.351322 0.6123781 0.6123572 0.5000118 0.6123431 0.6123929 0.500011 0.5722327 0.6646669 0.4803828 0.2619389 0.898689 0.3517755 0.3701195 0.8368732 0.403305 0.3703938 0.8365217 0.4037821 0.4731962 0.7583225 0.4483664 -0.6400942 0.7447766 -0.1886464 0.4733784 0.7579811 0.4487512 0.56858 0.6643205 0.4851754 -0.6560338 0.7374268 -0.1606904 -0.6660284 0.734075 -0.1324389 -0.6497581 0.7507668 -0.1190115 -0.649548 0.7510147 -0.1185943 -0.5647483 0.8235632 -0.05294549 -0.5646345 0.8236565 -0.05270463 -0.4598108 0.8877712 0.02089107 -0.459815 0.8877677 0.02094507 -0.3476922 0.933006 0.09279054 0.6123713 0.6123713 0.5000029 0.6123766 0.6123766 0.4999901 0.5686279 0.6641401 0.4853662 -0.3477346 0.9329932 0.09275889 -0.2313332 0.9594021 0.1613461 -0.1128385 0.9676564 0.2256293 -0.231354 0.9594097 0.1612712 -0.1128784 0.9676661 0.2255679 0.006191492 0.958489 0.2850622 0.006181895 0.9584782 0.2850992 0.1245753 0.9324063 0.3392633 0.1246438 0.9323587 0.3393689 0.241249 0.8896516 0.3877101 0.2413704 0.8895438 0.3878816 0.3549324 0.8302812 0.4297165 -0.6799085 0.7238418 -0.1173775 0.3550786 0.8301095 0.4299271 0.4637339 0.754541 0.4643477 0.4638535 0.7543408 0.4645535 0.5653778 0.6631385 0.4905052 0.6123881 0.6123421 0.5000181 0.6124209 0.6123366 0.4999846 0.5654267 0.6630257 0.4906013 -0.707211 0.7049003 -0.05448234 -0.6883836 0.7243034 -0.03889364 -0.6883018 0.7243871 -0.03878045 -0.6026777 0.7975436 0.02653312 -0.6026437 0.7975677 0.02657949 -0.4963355 0.8625701 0.09810292 -0.4962892 0.8625962 0.09810632 -0.3821514 0.9090257 0.1662303 -0.3821902 0.9090167 0.1661904 -0.2632483 0.9370034 0.2296191 -0.1418555 0.9472079 0.2875314 -0.2632727 0.9370074 0.2295751 -0.141879 0.9472171 0.2874893 -0.01952046 0.9403851 0.339551 -0.7037699 0.7080843 -0.05765968 -0.01951962 0.9403873 0.3395448 0.1025888 0.9170361 0.3853833 0.1026049 0.9170321 0.3853887 0.2234366 0.8773698 0.4246156 0.2234755 0.8773391 0.4246587 0.3417054 0.8213891 0.456681 0.341763 0.8213376 0.4567306 0.4555999 0.7491958 0.4807645 0.4556424 0.7491308 0.4808256 0.5626226 0.661395 0.4959964 0.6122083 0.612477 0.5000731 0.612442 0.612351 0.499941 0.5626321 0.6613619 0.4960298 -0.7226654 0.6908351 -0.02239841 0.7074662 -0.7067472 0 0.7057688 -0.7084422 -1.90955e-4 0.707196 -0.7070176 0 -0.7264277 0.6871108 -0.0134806 -0.7283967 0.6851039 -0.008422672 -0.7292121 0.6842638 -0.005730867 -0.7386942 0.6735194 0.02650451 -0.7209684 0.6917423 0.04119831 -0.721034 0.6916811 0.04107689 -0.6349875 0.7652477 0.1057688 -0.6350203 0.7652285 0.1057104 -0.5276722 0.8312422 0.1749244 -0.5276719 0.8312397 0.1749373 -0.4120304 0.8792111 0.2392048 -0.4119792 0.8792268 0.2392353 -0.2910071 0.9092962 0.2974819 -0.1670233 0.9220645 0.3491423 -0.2909694 0.9092949 0.2975226 -0.1670445 0.9220473 0.3491774 -0.04172044 0.918205 0.3939026 -0.04171007 0.9181988 0.3939177 0.08376234 0.898213 0.4315058 0.08377087 0.8982132 0.431504 0.2083842 0.8622342 0.4616582 0.2083237 0.8622752 0.4616089 0.330694 0.810293 0.4838045 0.3306411 0.8103396 0.4837625 0.4488989 0.742395 0.4973323 0.4488564 0.7424536 0.4972832 0.5603886 0.6591033 0.5015451 0.5603697 0.6591498 0.5015052 -0.7388151 0.6733811 0.02664792 0.5587011 0.6563367 0.5070261 0.5586416 0.6564459 0.50695 0.443583 0.7344372 0.51365 0.4437777 0.7342242 0.5137864 0.3217962 0.7972736 0.5106877 0.3220502 0.7970787 0.5108319 -0.752456 0.6561943 0.05673831 0.1960465 0.8444716 0.4984313 0.1962015 0.8443627 0.4985547 0.06815975 0.8760426 0.4773925 0.068228 0.8760004 0.4774603 -0.06033843 0.8920118 0.4479669 -0.06030547 0.8920038 0.4479871 -0.1883178 0.8922364 0.4104276 -0.1883469 0.8922517 0.4103807 -0.3144597 0.8763152 0.3649475 -0.3145149 0.876323 0.3648815 -0.4371319 0.8436483 0.3117261 -0.4371683 0.8436411 0.3116952 -0.5538918 0.793769 0.2512664 -0.5538533 0.7937751 0.2513318 -0.661778 0.7266359 0.1845273 -0.6615819 0.7267557 0.1847581 -0.7477448 0.6528951 0.1208543 -0.7474821 0.6531162 0.121284 -0.7674837 0.6324719 0.1046336 -0.7543494 0.6501138 0.09115529 0.5576503 0.6530888 0.5123488 0.5574761 0.6533145 0.5122507 0.4399085 0.7252233 0.5296525 0.4403018 0.7248314 0.5298621 -0.777141 0.6152765 0.1322377 0.3154131 0.7823368 0.5370881 0.3158842 0.7819553 0.5373669 0.1866995 0.8241887 0.5346555 0.1871537 0.8238987 0.5349435 0.05593812 0.850718 0.5226374 0.05633604 0.850535 0.5228925 -0.07526183 0.8619781 0.5013278 -0.07498967 0.8618789 0.5015391 -0.205641 0.8578629 0.4709385 -0.2053697 0.8578178 0.471139 -0.3336083 0.8380953 0.431627 -0.3333694 0.8380787 0.4318438 -0.4575805 0.8022037 0.3835222 -0.4572017 0.8022612 0.3838536 0.5571665 0.6495016 0.5174103 0.5568976 0.6498209 0.5172986 -0.5749279 0.7499845 0.3270801 -0.5744956 0.7500988 0.3275771 -0.6827601 0.6816251 0.2631082 -0.6821995 0.6818832 0.2638923 -0.7682934 0.6077855 0.2008038 -0.7676829 0.6082009 0.2018783 -0.7853216 0.5901067 0.1872009 0.4378787 0.7149696 0.5450512 0.4385225 0.7143715 0.5453179 -0.7877566 0.5857066 0.1907547 0.3114314 0.7657518 0.5627031 0.3122846 0.7651341 0.5630704 0.1804945 0.8016138 0.5699448 0.1813166 0.8011378 0.570353 0.5572575 0.6455936 0.522181 0.5568852 0.646009 0.5220644 0.04723733 0.8225108 0.5667845 0.04808491 0.8221526 0.5672327 -0.08631724 0.828412 0.5534284 -0.08556348 0.8281764 0.5538976 -0.2186535 0.8193094 0.5300215 -0.217945 0.8191828 0.5305089 0.4373718 0.7038213 0.5597692 0.438381 0.7029876 0.5600274 -0.34814 0.795056 0.4966736 -0.3473218 0.7950341 0.4972811 -0.7948387 0.5652545 0.2207236 -0.4727984 0.7554754 0.4535624 -0.4719462 0.7555414 0.4543391 -0.5902359 0.7005547 0.4010546 -0.5891812 0.7008185 0.4021431 -0.6974562 0.6308543 0.3399674 -0.6963094 0.6313237 0.3414435 -0.8014386 0.5366451 0.2640236 -0.7946143 0.5507324 0.2555035 -0.7821534 0.5570072 0.2792473 -0.7809516 0.5577281 0.2811659 0.3099105 0.7476394 0.5873593 0.3112229 0.7467732 0.5877671 0.557926 0.6414248 0.5265859 0.5573759 0.6419567 0.5265205 0.1772845 0.7769315 0.6041089 0.178746 0.7761846 0.6046383 0.04207938 0.7914907 0.6097308 0.04357379 0.7909252 0.6103595 0.4384531 0.6918865 0.5736305 0.4398455 0.6908363 0.5738303 -0.09350514 0.7913418 0.6041812 -0.09199911 0.7909588 0.6049136 -0.8046277 0.5170103 0.2920183 -0.2274282 0.7765637 0.5875587 -0.2259218 0.7763617 0.5884063 0.5590775 0.6370844 0.5306185 0.5584238 0.6376761 0.530596 -0.3579446 0.747215 0.5599513 -0.3563291 0.7471821 0.5610246 0.3107962 0.7282162 0.6108247 0.3126294 0.7271181 0.6111974 -0.4828114 0.7034214 0.521624 -0.4811136 0.7035827 0.5229733 -0.5996302 0.645558 0.4729678 -0.5978102 0.6459612 0.474718 -0.7057232 0.5743938 0.4147608 -0.7036924 0.575175 0.4171223 -0.7890722 0.5007138 0.3558802 -0.7870907 0.5017725 0.3587657 -0.8040454 0.484481 0.3446581 -0.8062973 0.4981714 0.3189202 0.1772115 0.7503338 0.6368637 0.1793011 0.7493577 0.6374278 0.4410852 0.6792905 0.5865222 0.4428318 0.6780843 0.5866019 0.04057377 0.7579463 0.6510539 0.04278814 0.7572008 0.6517793 0.5607451 0.6325973 0.534215 0.5599302 0.6332638 0.53428 -0.8085811 0.4677505 0.3569399 -0.09654551 0.7511159 0.6530728 -0.09427911 0.750609 0.653986 0.3140807 0.7076457 0.6329225 0.3165321 0.7063273 0.633174 -0.2317404 0.7300583 0.642893 -0.2293854 0.7297747 0.6440585 -0.3627278 0.6951019 0.6206947 -0.3602932 0.6950637 0.6221538 0.4451822 0.6661738 0.5983522 0.4473084 0.6648228 0.5982691 0.1802583 0.7220206 0.667977 0.1830223 0.7208781 0.6684592 -0.4872958 0.6467272 0.5867596 -0.4846455 0.6469948 0.5886564 0.5628396 0.6280463 0.5373727 0.5618593 0.6287762 0.5375452 -0.6029843 0.5856888 0.5416445 -0.6001769 0.5862817 0.5441153 -0.7072076 0.513189 0.4863072 -0.7043364 0.5141463 0.4894526 -0.7888013 0.4398297 0.4293512 -0.7859141 0.4411998 0.4332225 -0.8059905 0.4206714 0.4164311 -0.8032913 0.4306268 0.411441 0.04268264 0.7220937 0.6904774 0.0457592 0.7211999 0.6912141 0.3198148 0.6860522 0.6534914 0.3226937 0.6846357 0.6535617 -0.09552323 0.7079349 0.6997882 -0.09233236 0.7073429 0.7008144 0.5653579 0.6234691 0.5400526 0.5641948 0.6242355 0.5403836 0.4506317 0.652663 0.6090666 0.4531694 0.6512174 0.6087311 -0.2314644 0.6799903 0.695728 -0.2281386 0.6796947 0.6971141 0.1865047 0.6921373 0.6972532 0.1899551 0.6908785 0.6975701 -0.3625227 0.6389318 0.6784862 -0.3591162 0.6389366 0.6802908 -0.8045842 0.3936889 0.4445823 -0.4862439 0.5856515 0.6485209 -0.4825453 0.5860479 0.6509209 0.3277935 0.6636214 0.672427 0.331261 0.6621174 0.6722103 -0.6001131 0.521375 0.6066567 -0.5962895 0.5221443 0.6097576 0.04853081 0.6840407 0.7278277 0.05235064 0.6830902 0.7284555 0.5681763 0.6189827 0.5422512 0.5669689 0.6196928 0.5427035 -0.7020068 0.4475615 0.5539633 -0.698018 0.4488097 0.5579792 0.45739 0.6389534 0.6184926 0.4602293 0.6375225 0.6178625 -0.7813513 0.3747445 0.4990556 -0.7773903 0.3764377 0.5039435 -0.8007301 0.3719587 0.4695509 -0.7946052 0.3589664 0.4896384 -0.09017944 0.6619752 0.744081 -0.08622604 0.6613625 0.7450938 0.195806 0.6608383 0.7245363 0.1999067 0.659557 0.724584 0.5713791 0.6145221 0.5439565 0.5701134 0.6151849 0.5445351 -0.226458 0.626642 0.7456787 -0.2223834 0.6263792 0.7471243 -0.7945704 0.3595537 0.4892638 0.3379034 0.6407355 0.6894051 0.3418377 0.6392678 0.6888278 0.4653394 0.6252789 0.6264867 0.4683247 0.6239627 0.6255739 -0.7947707 0.3262004 0.5117937 -0.3570811 0.5791438 0.7328612 -0.3527857 0.5792575 0.734849 0.05839955 0.6439576 0.7628291 0.0627402 0.6430611 0.7632405 -0.4794007 0.5208537 0.7063189 -0.4748263 0.5213839 0.7090126 0.5748721 0.6101361 0.545212 0.5734012 0.6107934 0.5460242 -0.5909464 0.4534127 0.6672326 -0.5861919 0.4543704 0.6707656 -0.6899551 0.3785742 0.6169631 -0.685023 0.3800309 0.6215466 -0.08046764 0.6134203 0.7856467 -0.07586199 0.6129008 0.7865098 -0.7667547 0.3065871 0.5639962 -0.7617574 0.3085272 0.5696811 0.2080783 0.6286833 0.7493069 0.2127153 0.6274891 0.7490057 -0.7801865 0.2898394 0.5543485 0.4745519 0.6115496 0.6330937 0.4775781 0.6103972 0.6319292 0.5648083 0.618887 0.5458669 0.586556 0.6089618 0.5339641 0.3500762 0.6177957 0.7041131 0.3541928 0.6164984 0.7031908 -0.7805392 0.2819511 0.5579089 -0.2165032 0.5702819 0.7924047 -0.211795 0.570154 0.7937679 0.707112 -0.7071017 6.87692e-6 0.07175886 0.6025599 0.7948411 0.07667791 0.601782 0.7949711 -0.3461209 0.5161662 0.7834365 -0.3413323 0.5164051 0.7853777 0.4846954 0.5976697 0.6386403 0.4882345 0.5965708 0.6369697 -0.4665399 0.4529184 0.7597405 -0.4614172 0.453586 0.7624657 0.2231747 0.5963047 0.771112 0.2279415 0.5953164 0.7704811 0.3643861 0.5945219 0.7167751 0.3686022 0.5934401 0.7155148 -0.06648862 0.5630607 0.8237366 -0.06138789 0.5627163 0.8243677 -0.5753582 0.3825913 0.7229018 -0.5699682 0.3836923 0.7265788 -0.6711829 0.307099 0.6746878 -0.6655123 0.3086907 0.6795613 -0.7724518 0.2506534 0.5835162 0.5371494 0.588109 0.6046473 0.7071301 -0.7070836 -7.75022e-6 0.4811753 0.6011065 0.6380763 -0.745108 0.2363495 0.6236609 -0.7392852 0.2384072 0.6297773 -0.7591522 0.218281 0.6132221 -0.7588797 0.2319666 0.6085172 -0.2017564 0.5117799 0.8350904 -0.1966067 0.5118151 0.8362961 0.08848309 0.5606582 0.8233064 0.09367102 0.5600782 0.8231271 0.3809896 0.5703821 0.7276753 0.3855983 0.5695031 0.7259342 0.2413679 0.5630796 0.7903689 0.2461071 0.562368 0.7894135 -0.3300659 0.450855 0.8293288 -0.3246749 0.4512866 0.83122 0.4726363 0.5782588 0.6650051 0.7071475 -0.707066 -1.30489e-5 -0.04865914 0.5119015 0.857665 -0.04321116 0.5117518 0.858046 -0.4480103 0.3827555 0.8079512 -0.4424646 0.3835555 0.8106235 -0.7497608 0.1816293 0.6362937 0.4320093 0.5647598 0.7031461 0.3881947 0.562802 0.7297663 -0.5537979 0.3097335 0.7728991 -0.5477631 0.3109912 0.7766854 0.1090878 0.5173465 0.8487947 0.1142554 0.5170466 0.8482974 0.2630537 0.5281571 0.8073741 0.2679183 0.527736 0.8060487 -0.6460087 0.2339034 0.72661 -0.6396322 0.2356303 0.7316755 0.7069619 -0.7072517 4.98563e-5 -0.1829977 0.4521896 0.872947 -0.1772934 0.4524505 0.8739883 -0.7168638 0.1646169 0.677501 -0.7101844 0.1667832 0.6839748 -0.7284011 0.1484372 0.6688783 0.3805323 0.5398965 0.7508043 0.7071206 -0.707093 0 0.7071115 -0.7071021 0 0.7071003 -0.7071133 0 0.7071409 -0.7070726 0 0.7071068 -0.7071068 -7.94288e-6 -0.3094673 0.3844069 0.8697479 -0.3035717 0.3850438 0.871542 -0.726347 0.1325068 0.6744346 -0.02648228 0.4588401 0.8881241 -0.02114355 0.4589472 0.8882119 0.2844813 0.5023529 0.8165243 0.134541 0.4714773 0.8715549 0.1392213 0.4714815 0.8708173 -0.4247953 0.311478 0.8500179 -0.4185829 0.3124986 0.852721 -0.5271074 0.2359899 0.8163741 -0.5203387 0.2374421 0.8202859 0.285671 0.5064733 0.8135583 0.707094 -0.7071196 -1.70532e-5 -0.1591386 0.3905101 0.9067397 -0.1538273 0.3909552 0.9074642 -0.6154845 0.1600595 0.7717253 -0.6083149 0.1619324 0.7770012 -0.682971 0.09238713 0.7245794 -0.6753749 0.09467566 0.7313722 -0.7108699 0.1010664 0.6960242 -0.6945105 0.07539665 0.7155212 0.001674652 0.4027013 0.9153299 0.005937337 0.403002 0.9151799 0.2109269 0.4535992 0.8658855 0.1569938 0.4403982 0.8839697 -0.2835155 0.3159712 0.9054177 -0.2779679 0.3167368 0.9068691 -0.6937657 0.07033705 0.716758 0.7071367 -0.7070769 0 -0.3960887 0.2386257 0.8866631 -0.3900502 0.2397306 0.8890389 -0.1286636 0.3257328 0.9366663 -0.1248848 0.3262102 0.9370117 -0.4948002 0.1612891 0.853908 -0.4881443 0.1627525 0.8574538 0.1233679 0.3987333 0.9087311 0.03126287 0.3559491 0.9339823 0.7071523 -0.7070614 3.02719e-5 0.7070263 -0.7071874 0 0.7071068 -0.7071068 -1.6218e-5 0.7070521 -0.7071616 0 -0.579359 0.08586108 0.8105375 -0.5720018 0.0877273 0.8155477 -0.6762825 0.03413707 0.7358511 -0.6435431 0.02031242 0.7651404 -0.6355531 0.02255392 0.7717278 -0.2504636 0.2449924 0.9366145 -0.2469472 0.2455914 0.9373911 -0.6550695 0.002929687 0.7555629 -0.656997 0.01317602 0.7537782 0.01574909 0.3336842 0.9425534 -0.09192657 0.2621409 0.9606413 -0.3599074 0.1642876 0.9184097 -0.3561597 0.165049 0.9197332 -0.6379045 -0.03495007 0.7693219 -0.4552561 0.08635544 0.8861629 -0.450896 0.08735412 0.8882917 -0.09393936 0.2588701 0.9613333 -0.2115519 0.1740545 0.9617437 -0.2104837 0.1742585 0.9619411 -0.5365423 0.01259756 0.8437795 -0.5310547 0.01396173 0.8472226 -0.1225627 0.3003282 0.9459289 -0.5980877 -0.04990994 0.7998751 -0.5915563 -0.04818254 0.8048228 -0.6133784 -0.07015275 0.7866675 -0.5984536 -0.07783067 0.797368 -0.3176296 0.09070396 0.9438667 -0.3166866 0.09090882 0.9441637 -0.2065359 0.2177641 0.9538982 -0.1059004 -0.001435041 0.9943757 -0.4096733 0.01285129 0.9121418 -0.4080528 0.01322811 0.9128625 -0.4877805 -0.05865007 0.870994 -0.484915 -0.05794292 0.8726398 -0.2257445 0.06516337 0.9720047 -0.5471072 -0.1178358 0.8287271 -0.5425888 -0.1167175 0.8318501 -0.5643888 -0.1298609 0.8152309 -0.5624728 -0.1366218 0.8154501 -0.3065431 0.0724523 0.9490955 -0.311331 0.03683412 0.9495874 -0.3697849 -0.04589778 0.9279831 -0.3760441 -0.01005244 0.9265472 -0.5451599 -0.159351 0.8230481 -0.4423972 -0.1173774 0.8891049 -0.5414542 -0.1640715 0.8245654 -0.4504051 -0.07726424 0.8894749 -0.4990836 -0.1723309 0.8492454 -0.5400569 -0.1665036 0.824994 -0.5379853 -0.1682953 0.8259834 -0.5377047 -0.1686734 0.826089 -0.5388945 -0.167584 0.8255353 -0.5478122 -0.1586077 0.8214288 -0.5234369 -0.1812625 0.832561 -0.506745 -0.1448433 0.8498412 0.6123578 0.6123848 0.5000028 0.612338 0.6123926 0.5000175 0.6124039 0.6123621 0.4999743 0.265712 0.4361968 -0.8597264 0.2657058 0.4361976 -0.8597279 0.3817535 0.3247983 -0.8653152 -0.6123691 -0.6123598 -0.5000197 -0.612389 -0.6123472 -0.5000106 0.3817132 0.324832 -0.8653203 0.6123158 0.6123902 0.5000476 0.4878458 0.2049986 -0.8485176 -0.61243 -0.6123481 -0.4999592 -0.6123697 -0.6123976 -0.4999727 0.4878802 0.2049518 -0.8485091 0.6123744 0.6123744 0.4999953 0.6124322 0.6123487 0.4999558 0.142825 0.5363339 -0.8318336 0.1428341 0.5363251 -0.8318376 -0.6123634 -0.6124008 -0.4999764 -0.6124194 -0.6123725 -0.4999425 0.6123712 0.6123838 0.4999876 0.612432 0.6123389 0.4999681 0.5812692 0.07982277 -0.8097868 -0.6124213 -0.612353 -0.499964 -0.6123791 -0.6123791 -0.4999838 0.5812958 0.07982051 -0.8097679 0.6123833 0.6123695 0.4999905 0.6123797 0.6123728 0.4999907 0.01631927 0.6225447 -0.7824141 0.01629769 0.6225436 -0.7824155 -0.612384 -0.6123588 -0.5000026 -0.6123395 -0.6123703 -0.500043 -0.323144 -0.3832594 0.865269 -0.3231817 -0.3832505 0.8652588 -0.4405285 -0.2608554 0.8590047 -0.4405037 -0.2608862 0.8590082 0.6123445 0.6123952 0.5000063 0.6124392 0.6123322 0.4999675 0.6597824 -0.0473718 -0.7499621 -0.6124004 -0.6123593 -0.4999819 -0.6124488 -0.6123378 -0.4999489 0.6597561 -0.04737299 -0.7499852 -0.1966308 -0.4946138 0.8465777 -0.196699 -0.4945586 0.846594 -0.5450848 -0.1310133 0.828081 -0.5451149 -0.1309969 0.8280639 0.6123476 0.6123887 0.5000105 0.6123586 0.6124002 0.4999828 -0.1106825 0.6926483 -0.7127326 -0.1107869 0.6926527 -0.7127121 -0.6123548 -0.6123803 -0.5000122 -0.6123698 -0.6123698 -0.5000066 -0.06448143 -0.5916898 0.8035829 -0.06443595 -0.5917316 0.8035557 0.6123461 0.6123951 0.5000047 -0.6340051 0.002641677 0.7733245 -0.6340252 0.002664148 0.7733079 0.6123754 0.6123626 0.5000084 0.7210347 -0.1733583 -0.6708621 -0.6124412 -0.6123314 -0.4999662 -0.6123602 -0.6123879 -0.4999961 0.7210637 -0.1733119 -0.6708429 0.06967401 -0.671798 0.7374504 0.06971919 -0.6717928 0.7374509 -0.6123955 -0.6123505 -0.4999986 0.6123678 0.6123816 0.4999946 0.6123586 0.6123862 0.5000003 -0.2348079 0.7448177 -0.6245894 -0.234901 0.7448045 -0.6245701 -0.6124067 -0.6123294 -0.500011 0.6123641 0.6123789 0.5000025 -0.704707 0.1362248 0.6962981 -0.7047094 0.1361936 0.6963017 0.2017121 -0.7325754 0.650112 0.2018415 -0.732556 0.6500936 -0.612363 -0.6123926 -0.4999869 0.6124504 0.6123208 0.4999678 0.7637186 -0.2948607 -0.5742744 -0.6123582 -0.6123857 -0.5000012 -0.6123929 -0.6123653 -0.4999838 0.7637484 -0.2948018 -0.5742651 0.6122769 0.6124241 0.5000539 -0.7551475 0.2658752 0.5992183 -0.7551175 0.2658998 0.5992454 0.6123536 0.612395 0.4999955 0.6123632 0.6123907 0.4999892 -0.3528414 0.7776892 -0.5202909 -0.3529068 0.7776756 -0.5202669 -0.6123848 -0.6123718 -0.4999856 0.3280532 -0.7722669 0.544045 0.3280531 -0.772257 0.5440591 -0.6123327 -0.6124058 -0.5000078 0.6124618 0.612331 0.4999412 0.7865793 -0.4087052 -0.4628748 -0.6123313 -0.6123797 -0.5000416 -0.6122732 -0.612438 -0.5000414 0.7865635 -0.4087193 -0.4628891 0.6124349 0.6123329 0.499972 -0.7838469 0.3878369 0.4849397 -0.7838324 0.3878579 0.4849466 0.6123173 0.6124212 0.5000081 0.6123624 0.6123898 0.4999911 -0.4618177 0.7904177 -0.4024479 -0.4618305 0.7904027 -0.4024628 -0.6123977 -0.6123764 -0.4999642 0.4448608 -0.7897584 0.4223514 0.4449613 -0.7897003 0.422354 -0.6123559 -0.6123559 -0.5000407 0.6123155 0.6124211 0.5000102 0.7891131 -0.5119311 -0.3394511 -0.6123902 -0.6123625 -0.4999905 -0.6123601 -0.6123875 -0.4999967 0.7890887 -0.5119647 -0.3394572 0.6124078 0.6123502 0.4999839 -0.7899581 0.4987218 0.356711 -0.7899621 0.4987119 0.3567163 0.6123514 0.6123862 0.5000091 0.6124029 0.6123484 0.4999923 -0.5587236 0.7826986 -0.2742459 -0.5587768 0.7826608 -0.2742455 -0.6123711 -0.6123446 -0.5000357 0.5489245 -0.7845019 0.2885116 0.5489485 -0.7844879 0.2885033 -0.6123397 -0.6124258 -0.4999749 0.6124192 0.6123394 0.4999833 0.7711724 -0.6019429 -0.2072633 -0.6123539 -0.6123889 -0.5000027 -0.6124148 -0.6123197 -0.5000128 0.7711642 -0.6019533 -0.2072635 0.6123663 0.6123948 0.4999803 -0.7733997 0.5951764 0.2182154 -0.7733897 0.5951861 0.2182249 0.6123868 0.6123692 0.4999864 0.612386 0.6123589 0.5 -0.6412248 0.7546747 -0.1389139 -0.6412396 0.7546637 -0.1389054 -0.6123766 -0.6123766 -0.4999898 0.6371849 -0.756686 0.1463621 0.6371839 -0.7566869 0.1463618 -0.612387 -0.6123585 -0.4999994 0.6123658 0.6123926 0.4999834 0.7332642 -0.6763641 -0.06967997 -0.6124355 -0.6123002 -0.5000113 -0.6123705 -0.6123815 -0.4999914 0.7332789 -0.676347 -0.06969076 0.6123697 0.6123697 0.5000067 -0.7345212 0.6745999 0.07344251 -0.7345541 0.6745642 0.07344073 0.6123811 0.6123608 0.5000039 0.6124033 0.6123495 0.4999904 -0.7071337 0.7070799 3.36387e-6 -0.7071384 0.7070752 -8.07334e-6 -0.6123232 -0.6124039 -0.5000218 0.7071484 -0.7070652 0 0.7071238 -0.7070899 0 -0.6123836 -0.6123412 -0.5000246 -0.6123534 -0.6123818 -0.5000119 -0.6123759 -0.6123759 -0.4999917 0.612385 0.6123569 0.5000036 0.6123602 0.6123602 0.5000301 -0.6745702 0.7345483 -0.07344293 -0.6745643 0.7345542 -0.07343786 0.6763677 -0.7332591 0.06969875 0.676328 -0.733296 0.06969612 0.6123295 0.6124148 0.5000007 0.7566959 -0.6371738 -0.1463592 0.7566581 -0.6372167 -0.1463679 -0.6123447 -0.6124007 -0.4999995 -0.61235 -0.612383 -0.5000146 0.6124534 0.6123198 0.4999653 -0.7546673 0.6412357 0.1389036 -0.7546144 0.641292 0.1389307 0.6124366 0.6123248 0.4999798 0.6123714 0.6123731 0.5000005 -0.5952003 0.7733787 -0.2182247 -0.6123373 -0.6124087 -0.4999988 -0.5952371 0.7733522 -0.2182186 0.6019835 -0.7711447 0.207248 -0.6123895 -0.6123629 -0.4999908 0.6019655 -0.771157 0.207255 0.6123567 0.6123854 0.5000035 0.7844813 -0.5489501 -0.2885188 0.7845041 -0.5489225 -0.2885092 -0.6124024 -0.6123467 -0.4999947 -0.6124225 -0.6123408 -0.4999775 0.6123405 0.612367 0.5000457 -0.7826949 0.5587326 0.2742384 -0.782656 0.5587797 0.2742536 0.6123913 0.6123635 0.4999879 0.6123456 0.6123935 0.5000072 -0.4987143 0.7899616 -0.3567138 -0.6123874 -0.6123731 -0.4999809 -0.4986864 0.7899782 -0.3567163 0.5118921 -0.7891311 0.3394681 -0.6123273 -0.6123802 -0.5000458 0.5119747 -0.7890867 0.3394471 0.6124526 0.6123368 0.4999457 0.7897481 -0.4448866 -0.4223434 0.7897362 -0.4448898 -0.4223625 -0.6123597 -0.6123874 -0.4999974 -0.6123642 -0.6123813 -0.4999994 0.6124386 0.6123467 0.4999507 -0.7904012 0.4618227 0.4024747 -0.7904312 0.4617971 0.402445 0.612353 0.6123806 0.5000141 0.6123657 0.6123725 0.5000082 -0.3878825 0.7838141 -0.4849562 -0.6124045 -0.6123463 -0.4999929 -0.3878502 0.7838286 -0.4849588 0.4087018 -0.786596 0.4628493 -0.612398 -0.6123588 -0.4999855 0.4086549 -0.786609 0.4628687 0.6124113 0.6123528 0.4999764 0.7722521 -0.3280572 -0.5440636 0.7722789 -0.3280367 -0.5440379 -0.6124129 -0.6123301 -0.5000023 -0.6124069 -0.6123587 -0.4999747 0.6123775 0.6123515 0.5000196 -0.777717 0.3528746 0.5202268 -0.7776281 0.3529253 0.5203252 0.612341 0.6123961 0.5000097 0.6123986 0.6123572 0.4999867 -0.2658278 0.7551505 -0.5992357 -0.612316 -0.6124043 -0.5000301 -0.2659107 0.7551295 -0.5992254 0.2948991 -0.7637065 0.5742707 -0.6123843 -0.6123843 -0.499971 0.2947846 -0.7637335 0.5742937 0.6123512 0.6123957 0.4999977 0.732583 -0.2017634 -0.6500875 0.7325213 -0.2017809 -0.6501516 -0.6123616 -0.6123891 -0.499993 -0.6123616 -0.6123754 -0.5000097 0.6123477 0.6123734 0.5000292 -0.7448399 0.2348426 0.6245499 -0.7447746 0.2348601 0.624621 0.6123855 0.6123581 0.5000017 0.6123836 0.6123697 0.4999898 -0.1362098 0.7047272 -0.6962805 -0.6123405 -0.6124149 -0.4999872 -0.1361925 0.7047147 -0.6962965 0.1733956 -0.7210539 0.6708318 -0.6123678 -0.6123741 -0.5000038 0.1732892 -0.7210751 0.6708365 0.6122973 0.6124022 0.5000557 0.6718118 -0.06968218 -0.7374371 0.6718068 -0.06968444 -0.7374414 -0.6123699 -0.6123699 -0.5000062 -0.6123446 -0.6123861 -0.5000174 0.6123562 0.6123973 0.4999896 0.6123904 0.6123626 0.4999901 -0.002618968 0.6340348 -0.7733001 -0.6123554 -0.6123856 -0.5000048 -0.002709329 0.6340316 -0.7733025 0.6123954 0.6123699 0.499975 -0.6927022 0.110709 0.7126761 -0.6926029 0.1107302 0.7127692 0.6124699 0.612318 0.4999473 0.5916564 0.06441748 -0.8036126 0.5916857 0.06441575 -0.8035911 -0.6123906 -0.6123633 -0.4999888 -0.6123906 -0.6123628 -0.4999896 0.04736357 -0.6597428 0.7499974 -0.6123745 -0.6123428 -0.500034 0.04738539 -0.6597361 0.750002 0.612356 0.6123969 0.4999903 0.6123715 0.6123715 0.5000023 0.1310864 0.5451005 -0.8280591 -0.6123504 -0.6123657 -0.5000352 0.1309517 0.545109 -0.8280748 0.6123169 0.6124178 0.5000128 0.6123153 0.6124154 0.5000174 0.4944877 0.1966547 -0.8466457 0.4946579 0.1966327 -0.8465514 -0.6123213 -0.6124305 -0.4999916 -0.6124827 -0.6123158 -0.4999343 -0.6225172 -0.01629817 0.7824364 -0.6225405 -0.01628684 0.7824182 0.6123547 0.612382 0.5000101 0.6123769 0.6123769 0.499989 0.2607771 0.4405214 -0.8590321 -0.6123669 -0.6123794 -0.4999983 -0.6122714 -0.6124345 -0.5000478 0.2608249 0.4404919 -0.8590328 0.6124274 0.6123402 0.4999722 0.6124109 0.612362 0.4999658 0.383279 0.323211 -0.8652353 0.3832386 0.3232263 -0.8652473 -0.612367 -0.6123807 -0.4999966 -0.6124415 -0.6123301 -0.4999674 -0.07978618 -0.5813457 0.8097354 -0.07991552 -0.5813255 0.8097372 0.6123267 0.6124006 0.5000216 0.6124025 0.6123468 0.4999947 -0.612457 -0.6123207 -0.4999597 -0.6123627 -0.6123766 -0.5000068 -0.5362666 -0.1428535 0.8318721 -0.5362731 -0.1428526 0.831868 -0.2050414 -0.4878345 0.8485139 -0.2049578 -0.4878513 0.8485243 -0.4361843 -0.2657662 0.8597161 -0.4361799 -0.2657554 0.8597216 -0.3247913 -0.3817364 0.8653254 -0.3247142 -0.381751 0.8653479 0.6123554 0.6123586 0.5000377 0.6124274 0.6123139 0.5000046 0.6123923 0.6123668 0.4999825 0.265679 0.4362136 -0.8597282 0.2657145 0.4362608 -0.8596932 0.381747 0.3248015 -0.8653169 -0.6125203 -0.6122913 -0.4999182 -0.6124362 -0.6123515 -0.4999476 -0.6123176 -0.6124201 -0.5000088 0.3818206 0.3247636 -0.8652986 0.6124102 0.6123713 0.4999552 0.61236 0.6123881 0.499996 0.4877357 0.2049838 -0.8485845 -0.6123473 -0.6123758 -0.5000268 -0.6124628 -0.6123103 -0.4999656 0.487923 0.2049332 -0.848489 0.6123648 0.6123648 0.5000188 0.6123803 0.6123834 0.4999769 0.1427877 0.5363249 -0.8318458 0.1429901 0.536285 -0.8318367 -0.6124151 -0.6123632 -0.4999591 -0.6123361 -0.6123921 -0.5000205 0.6124102 0.6123192 0.500019 0.6123563 0.6123563 0.5000395 0.5812717 0.07986217 -0.809781 -0.6122974 -0.6124128 -0.5000424 -0.6124656 -0.6123147 -0.4999567 0.5813291 0.07983309 -0.8097427 0.6123291 0.6124162 0.4999995 0.6123397 0.6123772 0.5000343 0.01631659 0.6225598 -0.7824022 0.01635807 0.6225543 -0.7824057 -0.6124298 -0.6123256 -0.4999873 -0.6122694 -0.6124366 -0.5000478 0.6123331 0.6123983 0.5000165 0.6123277 0.6124111 0.5000076 0.6597374 -0.04734718 -0.7500033 -0.612437 -0.6123493 -0.4999493 -0.6123355 -0.6123853 -0.5000296 0.6597469 -0.0473684 -0.7499936 0.6124383 0.6123205 0.499983 0.6123769 0.6123769 0.4999889 -0.1107068 0.6926313 -0.7127454 -0.110645 0.692631 -0.7127553 -0.6123808 -0.6123677 -0.4999958 -0.6124038 -0.6123205 -0.5000253 0.6123585 0.6123846 0.5000023 0.6124048 0.6123632 0.4999717 0.7210399 -0.1733545 -0.6708575 -0.6123853 -0.6123853 -0.4999685 0.7210659 -0.1733513 -0.6708303 -0.2554955 -0.4452683 0.8581714 -0.2555029 -0.4452813 0.8581626 -0.3848953 -0.3214402 0.8651774 -0.3848713 -0.3214701 0.865177 -0.5020334 -0.1873607 0.8443095 -0.5019078 -0.1874092 0.8443734 -0.1176929 -0.5547801 0.8236306 -0.1177857 -0.5547248 0.8236547 -0.6030963 -0.04715985 0.7962731 -0.6029959 -0.04719078 0.7963474 0.612408 0.6123557 0.4999769 -0.234933 0.7448107 -0.6245507 -0.2349337 0.7447926 -0.624572 -0.6123092 -0.6124138 -0.500027 -0.6123437 -0.6123991 -0.5000026 0.02381098 -0.6463919 0.762634 0.02371889 -0.6464534 0.7625848 0.6123463 0.6123878 0.5000134 0.6124488 0.6123181 0.4999731 0.7637372 -0.2948169 -0.5742722 -0.6123747 -0.6123609 -0.5000115 -0.612371 -0.6123776 -0.4999955 0.7637432 -0.2948238 -0.5742607 -0.684639 0.09448564 0.7227323 -0.6845435 0.09450298 0.7228205 0.1644112 -0.7172924 0.6770972 0.164415 -0.7172979 0.6770904 0.6123079 0.6124324 0.5000057 0.6123768 0.6123768 0.4999893 -0.3528273 0.7776955 -0.520291 -0.3528267 0.7777068 -0.5202745 -0.6125265 -0.6122775 -0.4999275 -0.6123005 -0.6124181 -0.5000321 -0.7442179 0.2330753 0.6259518 -0.7442046 0.2330966 0.6259596 0.6123818 0.6123818 0.4999771 0.786619 -0.4086596 -0.4628476 -0.6124636 -0.6123251 -0.4999464 -0.6123649 -0.612391 -0.4999866 0.786608 -0.4086856 -0.4628436 0.2997941 -0.7651334 0.5698196 0.300038 -0.7650881 0.5697522 0.6122927 0.6124247 0.5000336 -0.779895 0.3642455 0.5090079 -0.7798811 0.3642827 0.5090026 0.6123675 0.6123952 0.4999783 0.612342 0.6123942 0.5000107 -0.4617586 0.7904446 -0.4024628 -0.4618761 0.7903741 -0.4024668 -0.6124061 -0.6123624 -0.4999712 0.4255474 -0.788397 0.4442294 0.4257453 -0.7883186 0.4441788 -0.612344 -0.6124023 -0.4999984 0.6125443 0.6122683 0.4999172 0.7890622 -0.5119902 -0.3394805 -0.6123266 -0.6123891 -0.5000357 -0.6123232 -0.6123883 -0.5000411 0.7890844 -0.5119718 -0.3394564 0.6122984 0.6123852 0.5000751 -0.7904681 0.4836814 0.3757828 -0.7904851 0.483653 0.3757837 0.6123245 0.6123942 0.5000321 0.6124363 0.6123583 0.4999392 -0.5588093 0.7826372 -0.2742466 -0.5587312 0.7826923 -0.2742485 -0.612374 -0.612374 -0.4999963 0.5378159 -0.7862277 0.3043027 0.5378509 -0.7862147 0.3042743 -0.6123973 -0.6123399 -0.5000095 0.6123307 0.6123814 0.5000402 0.7711718 -0.6019514 -0.2072406 -0.6123921 -0.6123852 -0.4999603 -0.6124604 -0.6123049 -0.4999751 0.7712203 -0.601893 -0.2072298 0.6123771 0.6124056 0.4999538 -0.7756643 0.587588 0.2304025 -0.7756772 0.5875747 0.2303932 0.6124564 0.612327 0.4999529 0.6123723 0.6123723 0.5000004 -0.6412115 0.7546838 -0.1389259 -0.6412112 0.7546871 -0.1389085 -0.6123026 -0.6124044 -0.5000464 0.6325824 -0.7589027 0.1546169 0.6326403 -0.7588526 0.154626 -0.6124141 -0.6123573 -0.4999676 0.6123851 0.6123851 0.499969 0.7332354 -0.6763932 -0.06970155 -0.6123179 -0.6123529 -0.5000909 -0.6123996 -0.6123739 -0.4999649 0.7332708 -0.6763571 -0.06967914 0.612366 0.6123943 0.499981 -0.7359672 0.6725528 0.07762128 -0.7359511 0.67257 0.07762545 0.6124041 0.6123512 0.4999872 0.6123583 0.612384 0.5000033 -0.7071582 0.7070554 3.08219e-5 -0.7071351 0.7070785 -1.54118e-5 -0.6123614 -0.6124128 -0.499964 0.707135 -0.7070786 2.81826e-5 0.7071632 -0.7070505 0 -0.612385 -0.6123569 -0.5000036 -0.612366 -0.6123943 -0.499981 -0.6124183 -0.6123416 -0.4999818 0.6122773 0.6124176 0.5000613 0.6124171 0.6123397 0.4999855 -0.6725509 0.7359683 -0.07762706 -0.672558 0.7359626 -0.07762104 0.6763517 -0.7332761 0.0696758 0.6763337 -0.7332917 0.06968563 0.6124327 0.6123474 0.499957 0.7588424 -0.6326467 -0.1546499 0.7588175 -0.6326786 -0.1546407 -0.6124222 -0.6123383 -0.4999812 -0.612396 -0.6123394 -0.5000116 0.6123074 0.6124094 0.5000345 -0.7546498 0.6412571 0.1388996 -0.7546443 0.6412576 0.1389269 0.6123386 0.6123943 0.5000147 0.6123575 0.6123899 0.4999969 -0.5875571 0.7756913 -0.2303907 -0.6123375 -0.6123661 -0.5000507 -0.5875604 0.7756879 -0.2303937 0.601913 -0.771196 0.2072621 -0.6123536 -0.6124044 -0.499984 0.6020459 -0.7711045 0.2072162 0.6123139 0.6124001 0.500038 0.7862643 -0.5377722 -0.3042851 0.7862617 -0.5377703 -0.3042954 -0.6123313 -0.612387 -0.5000326 -0.6124427 -0.612355 -0.4999355 0.6124929 0.612291 0.4999523 -0.7826836 0.5587456 0.2742441 -0.7826926 0.5587329 0.2742444 0.6123394 0.6123672 0.500047 0.6123777 0.6123582 0.5000112 -0.4836614 0.7904791 -0.3757854 -0.61236 -0.6124088 -0.4999708 -0.483593 0.7905285 -0.3757693 0.5118343 -0.7891669 0.3394724 -0.6123594 -0.6123844 -0.5000014 0.5119573 -0.7890977 0.3394475 0.612451 0.6123345 0.4999503 0.7884127 -0.4256216 -0.4441303 0.7883006 -0.4257184 -0.4442365 -0.6124089 -0.6123396 -0.4999955 -0.6124258 -0.612328 -0.4999891 0.6123202 0.61242 0.5000058 -0.7904697 0.4617477 0.4024263 -0.7904018 0.4618384 0.4024555 0.6123846 0.6123846 0.4999704 0.6123475 0.6123867 0.5000132 -0.3643617 0.7798371 -0.5090135 -0.6123035 -0.6124503 -0.4999892 -0.3643264 0.779875 -0.5089805 0.4086986 -0.7865926 0.4628581 -0.6124545 -0.6123305 -0.4999509 0.4086766 -0.7866007 0.4628636 0.6123626 0.612356 0.5000324 0.6123815 0.6123815 0.499978 0.76517 -0.2998456 -0.5697434 0.7650963 -0.29991 -0.5698087 -0.6123573 -0.6124057 -0.4999779 -0.612375 -0.6123816 -0.4999856 -0.7776653 0.3529191 0.520274 -0.7776247 0.3529174 0.5203356 0.6124369 0.6123262 0.4999778 0.612379 0.612366 0.4999999 -0.2330857 0.7441854 -0.6259866 -0.6123627 -0.6123888 -0.4999918 -0.6123715 -0.6123577 -0.5000192 -0.233138 0.7441929 -0.6259582 0.6122969 0.6124277 0.500025 0.6122739 0.6124262 0.5000551 0.7172407 -0.1645067 -0.6771287 0.7172736 -0.1645048 -0.6770943 -0.6124072 -0.6123482 -0.4999873 -0.6123683 -0.6123806 -0.499995 -0.6124889 -0.6122927 -0.4999551 0.2949367 -0.7637077 0.5742501 0.2948285 -0.7637306 0.574275 0.6122965 0.6124427 0.5000071 0.6123803 0.6123554 0.5000113 0.6123456 0.612398 0.5000017 -0.09435814 0.6846153 -0.7227714 -0.6122816 -0.6124384 -0.5000306 -0.6124696 -0.6123172 -0.4999489 -0.09460663 0.6845905 -0.7227624 -0.7448319 0.2348407 0.6245601 -0.7448703 0.2348371 0.6245157 0.6123821 0.612356 0.5000084 0.6123099 0.612407 0.5000342 0.6463939 -0.02372002 -0.7626352 0.6464509 -0.02369624 -0.7625876 -0.6123383 -0.6123964 -0.5000125 -0.6123316 -0.6124067 -0.5000081 0.6124118 0.6123397 0.4999919 0.6124221 0.6123467 0.4999709 0.0473259 0.6030109 -0.7963279 -0.6123741 -0.6123741 -0.499996 -0.6122675 -0.6124343 -0.5000528 0.04716867 0.6030244 -0.7963271 0.1732827 -0.7210796 0.6708334 0.1733244 -0.721072 0.6708307 0.6124228 0.6123186 0.5000044 0.6122729 0.6124122 0.5000733 0.5547509 0.1177639 -0.8236402 0.5547434 0.1177397 -0.8236487 -0.612471 -0.612299 -0.4999694 -0.6123232 -0.6123991 -0.5000279 -0.6926283 0.1106686 0.7127541 -0.6926425 0.1106966 0.712736 0.6123697 0.6123983 0.4999718 0.6124002 0.6123493 0.4999943 0.1874164 0.5020189 -0.8443058 -0.6123771 -0.6123771 -0.4999887 -0.6124073 -0.6123514 -0.499983 0.1872352 0.5020673 -0.8443171 0.6124002 0.6123483 0.4999957 0.6123673 0.6123918 0.4999825 0.4452627 0.255415 -0.8581984 0.4452623 0.2554373 -0.858192 -0.6122735 -0.6124153 -0.5000687 -0.612387 -0.6123614 -0.4999958 0.6124014 0.6123732 0.4999636 0.6123368 0.6123881 0.5000246 0.3214647 0.3849247 -0.8651552 -0.6122589 -0.6124402 -0.5000562 -0.6123564 -0.612374 -0.5000177 0.3215183 0.3849201 -0.8651373 0.6123665 0.6124181 0.4999515 -0.6123792 -0.6123535 -0.5000151 0.04726618 -0.6597334 0.7500119 0.04739016 -0.6597272 0.7500095 -0.6225673 -0.01625055 0.7823976 -0.6225743 -0.01625478 0.782392 -0.07990175 -0.5813018 0.8097555 -0.07983976 -0.5813044 0.8097597 -0.536211 -0.1428979 0.8319003 -0.5364192 -0.1428793 0.8317692 -0.2048504 -0.4878556 0.8485479 -0.2050845 -0.4878385 0.8485011 -0.4363777 -0.2656942 0.8596401 -0.436169 -0.2657622 0.8597251 -0.3247026 -0.3817722 0.8653429 -0.3248235 -0.3817248 0.8653185 0.6124469 0.6123257 0.499966 0.6123319 0.6124098 0.5000041 0.6123677 0.612393 0.4999807 0.2657546 0.4362016 -0.8597109 0.2657323 0.4361955 -0.8597209 0.3817346 0.3247909 -0.8653262 -0.6123779 -0.6123488 -0.5000223 -0.6123767 -0.6123632 -0.5000061 -0.6123937 -0.6123502 -0.5000013 0.3817202 0.3247912 -0.8653325 0.6124711 0.6123359 0.4999239 0.6123124 0.6124356 0.4999961 0.4878421 0.2049565 -0.8485299 -0.6123655 -0.612379 -0.5000007 -0.6123978 -0.6123689 -0.4999732 0.487869 0.2049934 -0.8485056 0.6123564 0.612392 0.4999958 0.6123435 0.6123936 0.5000096 0.1428672 0.5363199 -0.8318353 0.1428635 0.5363297 -0.8318297 -0.6124079 -0.6123641 -0.4999668 -0.6123648 -0.6123632 -0.5000209 0.6123297 0.6123947 0.5000251 0.6123045 0.6123959 0.5000545 0.5813269 0.07985275 -0.8097424 -0.6124007 -0.6123736 -0.499964 -0.6123539 -0.6123826 -0.5000104 0.5813136 0.07982641 -0.8097546 -0.2323347 -0.46511 0.8542209 -0.2323536 -0.4651253 0.8542075 -0.3535573 -0.3535686 0.8660176 -0.3535434 -0.3535716 0.8660221 -0.4651231 -0.2323582 0.8542073 -0.465119 -0.2323392 0.8542149 0.6123226 0.6123945 0.5000343 0.6123923 0.6123427 0.5000122 0.01625376 0.6225455 -0.7824149 0.01626777 0.622553 -0.7824086 -0.6123571 -0.6123864 -0.5000019 -0.6124241 -0.6123473 -0.4999675 -0.1047717 -0.5639937 0.8191057 -0.1047815 -0.5639916 0.8191058 0.6124168 0.6123415 0.4999837 -0.5639868 -0.1047986 0.8191069 -0.5639794 -0.1047937 0.8191127 0.612431 0.6123262 0.4999851 0.6597506 -0.04736131 -0.7499908 -0.6124013 -0.6123538 -0.4999876 -0.6123703 -0.6123703 -0.5000054 0.659735 -0.04737281 -0.7500036 0.02560466 -0.6474826 0.76165 0.02561968 -0.64749 0.7616433 0.6122646 0.6124436 0.500045 -0.6474618 0.02559751 0.761668 -0.6123746 -0.6123529 -0.5000214 -0.6474549 0.02562028 0.7616731 0.6123867 0.6123381 0.5000246 0.6123933 0.6123198 0.5000391 -0.1107112 0.6926509 -0.7127256 -0.1107068 0.6926386 -0.7127383 -0.6123394 -0.6123688 -0.500045 0.6124512 0.6123191 0.499969 0.7210393 -0.1733511 -0.670859 -0.6123194 -0.6124082 -0.5000212 -0.6123847 -0.6123562 -0.500005 0.7210818 -0.1733233 -0.6708204 0.1553213 -0.7133171 0.6834136 0.1553198 -0.7133074 0.6834239 0.6124226 0.612334 0.4999856 -0.7133392 0.1553031 0.6833946 -0.6124128 -0.6123396 -0.4999908 -0.7133463 0.1553134 0.6833848 0.6123886 0.6123393 0.5000208 0.6123769 0.6123648 0.5000041 -0.2348588 0.7448149 -0.6245736 -0.2348477 0.7448093 -0.6245845 -0.6123686 -0.6123686 -0.5000094 0.6123629 0.6123629 0.5000235 0.7637168 -0.2948297 -0.5742928 -0.612394 -0.6123597 -0.4999894 -0.6123575 -0.6123858 -0.500002 0.7637339 -0.2948304 -0.5742698 0.280805 -0.7596837 0.5865401 0.2807759 -0.7597022 0.5865302 0.612429 0.6123413 0.499969 -0.7597041 0.2807774 0.5865268 -0.6123874 -0.6123608 -0.499996 -0.7596909 0.2807738 0.5865457 0.612353 0.612403 0.4999864 0.612365 0.612389 0.4999888 -0.3528804 0.777691 -0.5202617 -0.3529088 0.7776753 -0.5202659 -0.6123569 -0.6123863 -0.5000022 0.6123927 0.6123658 0.4999834 0.7865936 -0.4086797 -0.462873 -0.6123148 -0.6124114 -0.500023 -0.6124449 -0.6123323 -0.4999606 0.7866046 -0.4086736 -0.4628598 0.3985725 -0.7853519 0.4736692 0.3985711 -0.7853434 0.4736844 0.612369 0.612369 0.5000085 -0.785341 0.3986009 0.4736633 -0.6123844 -0.6123579 -0.5000034 -0.7853382 0.3985996 0.4736689 0.6124002 0.6123325 0.5000149 0.6123601 0.6124076 0.4999721 -0.4618154 0.7904053 -0.4024749 -0.4618163 0.7904139 -0.4024572 -0.612361 -0.6123905 -0.4999921 0.6123358 0.6123899 0.5000237 0.7891263 -0.511922 -0.3394343 -0.6123714 -0.6123679 -0.500007 -0.612346 -0.612402 -0.4999962 0.7890964 -0.5119644 -0.3394398 0.5055049 -0.7895761 0.3479003 0.5055549 -0.7895595 0.3478654 0.6123937 0.612365 0.4999832 -0.7895795 0.5055116 0.3478827 -0.6123412 -0.6124075 -0.4999956 -0.789559 0.5055428 0.347884 0.6123088 0.6124119 0.5000297 0.6123698 0.6123698 0.5000064 -0.5587703 0.7826699 -0.2742328 -0.558728 0.7826912 -0.2742584 -0.6123793 -0.6123793 -0.4999833 0.6123765 0.6123765 0.4999901 0.7711734 -0.6019444 -0.207255 -0.6123757 -0.6123338 -0.5000435 -0.6123661 -0.6123939 -0.4999816 0.7711787 -0.6019375 -0.2072551 0.5987073 -0.7722467 0.2125669 0.5986966 -0.7722452 0.2126022 0.6123311 0.6123882 0.5000314 -0.7722651 0.5986726 0.212598 -0.6123597 -0.6123862 -0.4999988 -0.7722902 0.5986382 0.2126032 0.6123509 0.6123974 0.4999959 0.6124484 0.6123086 0.4999851 -0.6412284 0.7546718 -0.1389124 -0.6412437 0.7546567 -0.138924 -0.6123542 -0.6123837 -0.5000086 0.612415 0.6123601 0.4999631 0.7332429 -0.6763866 -0.06968641 -0.6123484 -0.6123889 -0.5000095 -0.6123798 -0.6123798 -0.499982 0.7332841 -0.6763415 -0.06968951 0.6754857 -0.733896 0.07152467 0.6755087 -0.7338758 0.07151579 0.6123484 0.6124051 0.4999895 -0.7338917 0.6754921 0.0715084 -0.6123555 -0.6123952 -0.4999928 -0.7338955 0.6754878 0.07150936 0.6123911 0.6123616 0.4999906 -0.7070958 0.7071179 -1.10274e-5 -0.7071013 0.7071123 1.10271e-5 -0.6124316 -0.6123135 -0.4999999 -0.6123702 -0.6123702 -0.5000055 -0.6123805 -0.6123942 -0.4999635 0.6123051 0.6124176 0.5000271 0.6123812 0.6123535 0.5000126 -0.6754919 0.7338914 -0.07151401 -0.6755202 0.7338647 -0.07151931 0.6763699 -0.7332578 0.06969016 0.6763632 -0.7332634 0.06969726 0.612397 0.612344 0.500005 0.7339177 -0.6754614 -0.07153129 0.7338603 -0.6755256 -0.07151478 -0.6124127 -0.6123546 -0.4999726 -0.6123197 -0.6123896 -0.5000436 0.6123451 0.6123747 0.5000308 -0.7546635 0.6412368 0.138919 -0.754662 0.6412356 0.1389325 0.6123597 0.6123862 0.4999988 0.7722619 -0.5986815 -0.2125843 0.7722407 -0.5987063 -0.2125915 0.6123928 0.6123369 0.5000187 0.6123498 0.6123968 0.499998 -0.5986571 0.7722735 -0.2126107 -0.6124486 -0.6123111 -0.4999818 -0.6123062 -0.6124296 -0.500011 -0.6123408 -0.6124122 -0.4999901 -0.5986946 0.7722496 -0.2125919 0.6019726 -0.7711513 0.2072554 -0.6124055 -0.6123373 -0.5000028 0.601956 -0.7711662 0.207248 0.6123877 0.6123729 0.4999809 -0.7826799 0.5587531 0.2742393 -0.782684 0.5587512 0.2742316 0.6123293 0.6124089 0.5000083 0.789597 -0.5054996 -0.3478603 0.7895453 -0.50555 -0.3479042 0.612357 0.6123847 0.500004 0.6123866 0.6123603 0.4999976 -0.5054994 0.7895841 -0.3478901 -0.612371 -0.612371 -0.5000037 -0.6123924 -0.6123568 -0.4999948 -0.6123935 -0.6123324 -0.5000234 -0.505545 0.7895612 -0.3478757 0.5119307 -0.7891126 0.3394529 -0.6124008 -0.6123467 -0.499997 0.5119086 -0.7891303 0.3394455 0.6123937 0.6123495 0.5000022 -0.7904108 0.4618099 0.4024704 -0.7904251 0.4617944 0.4024601 0.6123749 0.6123749 0.4999939 0.7853268 -0.398594 -0.4736926 0.7853656 -0.3985678 -0.4736502 0.6123493 0.6124184 0.4999722 0.6124066 0.6123326 0.5000071 -0.3985736 0.785354 -0.4736648 -0.6124995 -0.6122997 -0.4999334 -0.6123572 -0.6123812 -0.5000081 -0.6123527 -0.6123672 -0.5000307 -0.3985801 0.7853443 -0.4736754 0.4086776 -0.7866068 0.4628525 -0.6123761 -0.6123493 -0.5000239 0.4087002 -0.7865914 0.4628587 0.6123524 0.6123818 0.5000132 -0.7776654 0.3529158 0.520276 -0.7776824 0.3528925 0.5202662 0.6124388 0.6123325 0.4999677 0.7596648 -0.2808076 -0.5865634 0.7597139 -0.2807896 -0.5865084 0.612369 0.6123621 0.500017 0.6123628 0.6123769 0.5000063 -0.2808225 0.7596812 -0.586535 -0.612371 -0.612371 -0.5000036 -0.6123693 -0.6123693 -0.5000078 -0.6123989 -0.6123404 -0.5000068 -0.2807341 0.7596945 -0.58656 0.2948204 -0.7637257 0.5742857 -0.612361 -0.6123877 -0.4999953 0.2948525 -0.763723 0.5742727 0.6123837 0.6123691 0.4999904 -0.7448166 0.2348448 0.6245768 -0.7448199 0.2348458 0.6245726 0.6123137 0.6124202 0.5000136 0.7133631 -0.1553013 -0.68337 0.7133287 -0.1553 -0.6834062 0.6123729 0.6123524 0.500024 0.6123824 0.6123468 0.5000193 -0.1552965 0.7133156 -0.6834208 -0.6124002 -0.6123355 -0.5000113 -0.612337 -0.6123983 -0.5000117 -0.6123689 -0.6123689 -0.5000087 -0.1553403 0.7133092 -0.6834176 0.173349 -0.7210525 0.6708453 -0.6123872 -0.6123608 -0.4999964 0.1733221 -0.7210765 0.6708265 0.6123569 0.6123788 0.5000113 -0.6926427 0.1107245 0.7127315 -0.6926641 0.1107098 0.712713 0.6123937 0.6123537 0.499997 0.6474671 -0.02561181 -0.7616629 0.6474512 -0.02561491 -0.7616764 0.612389 0.6123617 0.4999929 0.6123881 0.6123452 0.5000144 -0.02561962 0.6474839 -0.7616485 -0.6122621 -0.6124218 -0.5000747 -0.6124135 -0.6123516 -0.4999752 -0.6123922 -0.6123624 -0.4999881 -0.02561962 0.6474946 -0.7616394 0.0474174 -0.6597419 0.7499949 -0.6123516 -0.6123778 -0.500019 0.04732882 -0.6597481 0.7499949 0.6123126 0.6124095 0.500028 -0.6225498 -0.01629263 0.7824106 -0.6225481 -0.01629239 0.7824121 0.6124255 0.6123453 0.4999684 0.5639806 0.1047975 -0.8191115 0.5639711 0.1048055 -0.8191169 0.6123906 0.6123635 0.4999889 0.6123604 0.6123747 0.5000121 0.1047584 0.5639942 -0.819107 -0.6122946 -0.6124207 -0.5000364 -0.6124127 -0.6123377 -0.4999934 -0.6123678 -0.6123829 -0.4999929 0.1047819 0.5639878 -0.8191084 -0.07981526 -0.581324 0.8097482 -0.6123154 -0.6123868 -0.5000523 -0.07985806 -0.5813142 0.809751 0.6124048 0.6123611 0.4999743 0.6123631 0.6123833 0.4999982 0.4650844 0.2323558 -0.8542291 0.4650816 0.2323544 -0.854231 0.6123934 0.6123664 0.4999818 0.6123675 0.6123675 0.500012 0.2323179 0.4651103 -0.8542253 -0.6123449 -0.6124072 -0.4999912 -0.6123636 -0.6123762 -0.5000064 -0.6123636 -0.612356 -0.500031 0.2323815 0.4650907 -0.8542186 -0.5363829 -0.1428729 0.8317938 -0.5362872 -0.1428855 0.8318533 0.6123926 0.612378 0.4999687 0.6124337 0.612353 0.4999489 0.3536022 0.3535457 -0.8660086 0.3535212 0.3535495 -0.8660401 0.6123808 0.6123808 0.4999797 -0.6123713 -0.6123867 -0.4999842 -0.6123862 -0.6123862 -0.4999663 -0.6123756 -0.6124014 -0.4999608 -0.2049251 -0.4878441 0.8485363 -0.20497 -0.4878486 0.8485229 -0.4362609 -0.2657355 0.8596866 -0.4361891 -0.2657538 0.8597176 -0.3247954 -0.3817289 0.8653271 -0.3248121 -0.3817344 0.8653185 0.6123688 0.6123688 0.5000091 0.6123898 0.612362 0.4999916 0.6124118 0.6123492 0.4999803 0.2656826 0.4362018 -0.859733 0.2657216 0.4361881 -0.8597279 0.3817455 0.3247915 -0.8653213 -0.6123614 -0.6123675 -0.5000196 -0.6123795 -0.6123517 -0.5000168 0.3817459 0.3248316 -0.8653061 0.6123163 0.6123844 0.5000541 0.4878492 0.205 -0.8485153 -0.6124026 -0.6123617 -0.4999762 -0.6123649 -0.6123927 -0.4999844 0.4878549 0.2049674 -0.8485199 0.6124035 0.6123489 0.4999907 0.6124274 0.6123439 0.4999677 0.1428669 0.5363376 -0.831824 0.1428772 0.5363305 -0.8318268 -0.6123726 -0.6123726 -0.4999996 -0.6122971 -0.6123911 -0.5000696 0.6123722 0.6123847 0.4999853 0.612415 0.612353 0.4999718 0.5812725 0.07983398 -0.8097833 -0.612402 -0.6123474 -0.4999945 -0.6123709 -0.6123709 -0.500004 0.5812891 0.07981419 -0.8097733 0.6123778 0.6123778 0.4999869 0.6123659 0.6123589 0.5000246 0.01629745 0.622545 -0.7824144 0.016276 0.6225478 -0.7824125 -0.6123879 -0.6123626 -0.4999932 -0.6123378 -0.6123841 -0.5000281 -0.3232027 -0.3832712 0.8652418 -0.3232236 -0.3832128 0.8652599 -0.440501 -0.2608631 0.8590165 -0.4405212 -0.2608606 0.8590068 0.6123263 0.6124023 0.5000199 0.6124212 0.6123294 0.499993 0.6597887 -0.04733997 -0.7499586 -0.6123839 -0.6123701 -0.4999889 -0.6124499 -0.6123389 -0.4999464 0.6597574 -0.04739463 -0.7499827 -0.1966393 -0.4946067 0.8465797 -0.1966916 -0.4945966 0.8465735 -0.5450906 -0.1310062 0.8280784 -0.5450887 -0.1309974 0.828081 0.6123865 0.6123591 0.4999992 0.6123691 0.612383 0.4999912 -0.1106597 0.6926462 -0.7127382 -0.1107444 0.6926587 -0.7127128 -0.6123781 -0.6123781 -0.4999864 -0.6123676 -0.6123827 -0.4999933 -0.06445986 -0.59171 0.8035697 -0.06443578 -0.591753 0.80354 0.6123394 0.6123998 0.5000069 -0.6340342 0.002652883 0.7733006 -0.6340224 0.002641558 0.7733101 0.6123719 0.6123463 0.5000328 0.721036 -0.1733586 -0.6708606 -0.6124298 -0.6123475 -0.4999603 -0.6123395 -0.6123948 -0.5000131 0.7210904 -0.1733295 -0.6708096 0.06967526 -0.6717988 0.7374495 0.06972163 -0.6718047 0.7374398 -0.612383 -0.612353 -0.5000109 0.612368 0.6123955 0.4999774 0.612357 0.6123846 0.5000041 -0.2348098 0.7448185 -0.6245878 -0.234903 0.7448151 -0.6245567 -0.6123331 -0.6123846 -0.5000334 0.6123709 0.6123858 0.4999858 -0.7047145 0.1362262 0.69629 -0.7047136 0.1361933 0.6962975 0.2017102 -0.7325713 0.6501171 0.2018432 -0.7325621 0.6500863 -0.6124178 -0.6123439 -0.4999794 0.6124606 0.6123052 0.4999746 0.7637175 -0.2948231 -0.5742952 -0.6123431 -0.6123982 -0.5000045 -0.6124079 -0.6123528 -0.4999805 0.7637413 -0.2948529 -0.5742484 0.6123273 0.6124156 0.5000025 -0.7551636 0.2658583 0.5992057 -0.7551246 0.2658797 0.5992453 0.6123849 0.6123573 0.5000035 0.6123417 0.6123967 0.5000079 -0.3528654 0.7776948 -0.5202663 -0.3529115 0.7776778 -0.5202603 -0.6123589 -0.612385 -0.5000012 0.3280524 -0.7722622 0.5440522 0.3280453 -0.7722498 0.5440742 -0.6123725 -0.6123725 -0.4999999 0.6124599 0.6123292 0.4999458 -0.6123247 -0.6124076 -0.5000154 -0.6123178 -0.6124002 -0.500033 0.786574 -0.4086916 -0.4628959 0.6124194 0.6123321 0.4999921 -0.7838459 0.3878365 0.4849417 -0.7838414 0.3878453 0.4849421 0.6123341 0.6124241 0.4999837 0.6123463 0.6124011 0.499997 -0.4618128 0.7904201 -0.4024491 -0.4618312 0.7904005 -0.4024661 -0.6123967 -0.6123753 -0.4999669 0.4448308 -0.7897737 0.4223545 0.4449259 -0.7897176 0.422359 -0.6123656 -0.6123367 -0.5000523 0.6123027 0.6124083 0.5000416 0.7891328 -0.5119007 -0.3394515 -0.6123335 -0.612403 -0.5000104 -0.6123827 -0.6123554 -0.5000083 0.7890821 -0.5119743 -0.3394585 0.6124918 0.6122901 0.4999548 -0.7899597 0.4987229 0.3567059 -0.7899553 0.4987159 0.3567256 0.6123877 0.6123669 0.4999881 0.6124165 0.612362 0.4999591 -0.5587233 0.7827056 -0.2742269 -0.5587731 0.782665 -0.274241 -0.6123622 -0.6123622 -0.5000252 0.5489196 -0.7845041 0.2885147 0.5489317 -0.7844978 0.2885086 -0.6123579 -0.6123866 -0.5000005 0.612466 0.6123064 0.4999664 0.7711919 -0.6019245 -0.2072435 -0.6124287 -0.61231 -0.5000076 -0.612353 -0.6123802 -0.5000145 0.7711515 -0.6019756 -0.207246 0.6123116 0.6124258 0.5000092 -0.7734034 0.595174 0.218209 -0.773383 0.5951983 0.2182153 0.6123898 0.6123512 0.5000048 0.6123673 0.6123673 0.5000125 -0.6412037 0.7546841 -0.1389601 -0.6412251 0.7546736 -0.1389185 -0.6123943 -0.6123676 -0.4999791 0.6372283 -0.7566522 0.1463475 0.6371906 -0.7566836 0.1463493 -0.6123818 -0.6123818 -0.4999772 0.6123604 0.6123604 0.5000296 0.7332633 -0.6763632 -0.06969875 -0.6123678 -0.6123871 -0.4999879 -0.6124091 -0.6123458 -0.4999879 0.7332646 -0.6763629 -0.06968748 0.6124202 0.6123635 0.4999526 -0.7345531 0.6745652 0.0734412 -0.7345529 0.674565 0.073444 0.6123576 0.6123709 0.5000202 0.6123675 0.6123675 0.5000122 -0.7071284 0.7070853 1.61469e-5 -0.7071163 0.7070974 -2.15295e-5 -0.6123566 -0.6123566 -0.5000388 0.7071216 -0.707092 -1.12887e-5 0.7070955 -0.707118 2.25779e-5 -0.6123693 -0.6123552 -0.5000252 -0.6123695 -0.6123695 -0.5000073 -0.6123504 -0.6124175 -0.499972 0.6124165 0.612304 0.5000299 0.6123073 0.6124153 0.5000275 -0.6745829 0.7345376 -0.07343339 -0.6745645 0.7345544 -0.07343512 0.6763739 -0.7332551 0.06968051 0.6763236 -0.733302 0.0696755 0.6123796 0.6123796 0.4999825 0.7566612 -0.6372235 -0.146322 0.7566789 -0.6371961 -0.1463505 -0.6123126 -0.6124387 -0.499992 -0.6123584 -0.6123872 -0.4999993 0.6124269 0.6123201 0.4999975 -0.7546683 0.6412302 0.1389235 -0.754654 0.6412363 0.1389732 0.6124432 0.6123315 0.4999634 0.6123472 0.6123828 0.5000183 -0.5952106 0.7733697 -0.2182285 -0.6123493 -0.6124207 -0.4999693 -0.595203 0.7733756 -0.2182286 0.6019501 -0.7711678 0.2072594 -0.6123734 -0.6123734 -0.4999977 0.6019706 -0.7711527 0.2072554 0.6122773 0.6124207 0.5000573 0.7844732 -0.5489425 -0.2885553 0.7844999 -0.5489196 -0.288526 -0.6124293 -0.6123179 -0.4999974 -0.6123661 -0.61239 -0.4999864 0.6123232 0.6124027 0.5000233 -0.7826671 0.5587711 0.2742389 -0.7826904 0.5587589 0.2741978 0.6123756 0.6123756 0.4999924 0.6123495 0.6123871 0.5000103 -0.498672 0.7899887 -0.356713 -0.6123844 -0.6123988 -0.4999533 -0.4987001 0.7899773 -0.3566994 0.511891 -0.7891402 0.3394486 -0.6123253 -0.6123781 -0.5000507 0.5119827 -0.7890883 0.3394309 0.6124858 0.6123121 0.499935 0.7897189 -0.4449327 -0.4223492 0.7897415 -0.4449041 -0.4223372 -0.6123657 -0.6123657 -0.5000165 -0.6123157 -0.6124185 -0.5000131 0.6123301 0.6124089 0.5000074 -0.7903997 0.4618218 0.4024784 -0.7904241 0.4617902 0.402467 0.6123372 0.6123925 0.5000187 0.6123513 0.6123993 0.4999931 -0.3878775 0.7838155 -0.4849584 -0.6123967 -0.6123385 -0.5000119 -0.3878811 0.7838223 -0.4849445 0.4086624 -0.786603 0.4628723 -0.6123782 -0.6123782 -0.4999859 0.4086486 -0.7866182 0.4628587 0.6124136 0.6123551 0.4999709 0.7722507 -0.3280341 -0.5440796 0.7722722 -0.3280113 -0.5440629 -0.612409 -0.6123538 -0.4999782 -0.6123625 -0.6123901 -0.4999905 0.6123687 0.6123687 0.5000092 -0.7777014 0.3528871 0.5202415 -0.7776726 0.3529198 0.5202623 0.6123362 0.6123913 0.5000214 0.6124059 0.6123507 0.4999858 -0.2658122 0.7551478 -0.5992459 -0.612295 -0.6124421 -0.5000095 -0.265918 0.7551277 -0.5992243 0.2949091 -0.7637001 0.5742741 -0.6124212 -0.6123176 -0.5000075 0.294753 -0.7637569 0.574279 0.6124458 0.6123275 0.4999653 0.7325831 -0.2017493 -0.6500918 -0.6123461 -0.612401 -0.4999974 -0.6123868 -0.6123591 -0.4999989 0.612337 0.6123886 0.5000237 -0.7448282 0.2348525 0.6245601 -0.7448107 0.234847 0.6245831 0.6123913 0.6123639 0.4999874 0.6123929 0.6123514 0.500001 -0.1361858 0.7047253 -0.6962871 -0.6124517 -0.6123028 -0.4999883 -0.1361924 0.7047144 -0.6962969 0.1733061 -0.7210827 0.6708239 -0.612313 -0.6124284 -0.5000044 0.1733753 -0.7210695 0.6708202 0.612383 0.612353 0.5000109 0.6718162 -0.06969106 -0.7374321 0.6717996 -0.0696997 -0.7374464 -0.6123875 -0.6123601 -0.4999966 -0.6123206 -0.6124176 -0.5000082 0.6123376 0.6123924 0.5000182 0.6124004 0.6123588 0.4999827 -0.002641558 0.6340382 -0.7732974 -0.6123875 -0.6123724 -0.4999817 -0.002618968 0.6340252 -0.773308 0.6123852 0.6123661 0.4999922 -0.6927055 0.1107149 0.712672 -0.6925992 0.1107269 0.7127735 0.6123859 0.6123707 0.4999856 0.59166 0.06442916 -0.803609 0.5917187 0.0644257 -0.803566 -0.6123852 -0.6123579 -0.5000023 -0.6124032 -0.6123477 -0.4999927 0.04740744 -0.6597434 0.7499942 -0.6123635 -0.6123508 -0.5000376 0.04734265 -0.6597401 0.7500011 0.612378 0.6123618 0.5000063 0.6123958 0.612368 0.4999768 0.1310436 0.5451101 -0.8280596 -0.6123619 -0.6123466 -0.5000446 0.1309539 0.5451068 -0.8280758 0.6123865 0.6123613 0.4999967 0.6123008 0.6124395 0.5000056 0.4945543 0.1966341 -0.8466115 0.4946296 0.1966281 -0.846569 -0.6123759 -0.6123759 -0.4999915 -0.6124405 -0.6123293 -0.4999696 -0.6225095 -0.0162872 0.7824429 -0.6225885 -0.01629662 0.7823798 0.6123846 0.6123573 0.5000036 0.61232 0.6124035 0.5000265 0.2608171 0.4405041 -0.8590289 -0.6123682 -0.6123682 -0.5000104 -0.6122673 -0.6124381 -0.5000483 0.2608211 0.4405195 -0.8590198 0.6124318 0.612357 0.4999461 0.6123348 0.612415 0.4999941 0.3832795 0.3232114 -0.8652349 0.3832706 0.3232152 -0.8652374 -0.6123368 -0.6123913 -0.5000206 -0.61242 -0.6123643 -0.4999517 -0.07982707 -0.5813407 0.809735 -0.07987248 -0.581331 0.8097374 0.6123882 0.6123512 0.5000068 0.6123564 0.6123843 0.5000052 -0.6124634 -0.6123147 -0.4999595 -0.6123804 -0.6123665 -0.4999976 -0.5363019 -0.1428541 0.8318492 -0.5362672 -0.1428617 0.8318703 -0.2050021 -0.4878328 0.8485242 -0.2049563 -0.4878531 0.8485236 -0.4362119 -0.2657541 0.8597058 -0.4361941 -0.2657533 0.8597151 -0.3247862 -0.3817411 0.8653252 -0.3247082 -0.3817466 0.865352 0.6124271 0.612321 0.4999961 0.6123952 0.6123384 0.500014 0.6123784 0.6123784 0.4999856 0.2657507 0.4362194 -0.859703 0.2657586 0.4362042 -0.8597083 0.3816887 0.3248218 -0.8653351 -0.6123099 -0.6124197 -0.5000187 -0.6123463 -0.6124028 -0.4999948 -0.6123142 -0.6124167 -0.5000173 0.381821 0.3247507 -0.8653033 0.6123667 0.6123667 0.5000141 0.6123516 0.6124079 0.4999821 0.4877918 0.2049523 -0.8485597 -0.612301 -0.612415 -0.5000354 -0.6123968 -0.6123459 -0.5000027 0.4879258 0.2049806 -0.8484759 0.6123283 0.612443 0.4999678 0.6123896 0.6123421 0.5000162 0.1428069 0.5362864 -0.8318673 0.1428633 0.5363745 -0.8318008 -0.6124032 -0.6123513 -0.4999883 -0.6124181 -0.612362 -0.499957 0.6123986 0.6123465 0.4999998 0.6123418 0.6123977 0.5000066 0.5812726 0.07984173 -0.8097823 -0.6122854 -0.6124297 -0.5000365 -0.6124413 -0.6123406 -0.4999548 0.5813195 0.07984203 -0.8097487 0.6123948 0.6123367 0.5000165 0.6123493 0.6123868 0.5000108 0.01631712 0.6225798 -0.7823863 0.01631689 0.6225497 -0.7824102 -0.6124644 -0.612308 -0.4999664 -0.6122784 -0.6124456 -0.5000255 0.6123508 0.6123769 0.5000212 0.6123413 0.6123969 0.5000083 0.6597622 -0.04736953 -0.74998 -0.6124672 -0.6122918 -0.4999828 -0.6123526 -0.6124024 -0.4999876 0.659725 -0.04740357 -0.7500107 0.6123952 0.6123363 0.5000165 0.6123703 0.6123703 0.5000052 -0.1107055 0.6926341 -0.7127428 -0.1106486 0.6926434 -0.7127426 -0.6123736 -0.6123475 -0.5000293 -0.6123571 -0.6123571 -0.5000376 0.6123595 0.6123856 0.4999998 0.6123759 0.6124036 0.4999578 0.7210718 -0.1733425 -0.6708262 -0.612408 -0.6123557 -0.4999772 0.7210633 -0.1733198 -0.6708413 -0.2554559 -0.4452778 0.8581784 -0.2554931 -0.4452641 0.8581744 -0.3848526 -0.3214845 0.86518 -0.384936 -0.3214414 0.8651589 -0.5020008 -0.1873907 0.8443222 -0.5019806 -0.1874085 0.8443303 -0.1177037 -0.5547409 0.8236556 -0.1177898 -0.5546988 0.8236716 -0.6030567 -0.04716593 0.7963029 -0.6029496 -0.04713004 0.7963859 0.6124651 0.6123082 0.4999651 -0.2349029 0.7447909 -0.6245858 -0.2349271 0.7447922 -0.624575 -0.6122925 -0.6124495 -0.5000036 0.02380847 -0.6464139 0.7626155 0.02380853 -0.6464381 0.7625949 0.6123553 0.6123815 0.50001 0.6123726 0.6123864 0.4999827 0.7637623 -0.2948154 -0.5742396 -0.6123267 -0.6124097 -0.5000105 -0.6123805 -0.6123478 -0.5000204 0.7637496 -0.2948366 -0.5742456 -0.6846922 0.09445232 0.7226862 -0.684517 0.09447675 0.7228489 0.1644142 -0.7173171 0.6770703 0.164324 -0.7173168 0.6770926 0.6123359 0.6123913 0.5000218 0.6123549 0.6124072 0.499979 -0.3528035 0.7777132 -0.5202806 -0.3528136 0.7777085 -0.5202808 -0.6123479 -0.6124002 -0.4999961 -0.6124738 -0.6123077 -0.4999552 -0.7442261 0.2330892 0.6259369 -0.7441846 0.2331495 0.6259638 0.6124023 0.6123527 0.4999877 0.7865895 -0.4087281 -0.4628375 -0.6123645 -0.6123368 -0.5000534 -0.6123497 -0.6123889 -0.5000079 0.7865906 -0.408667 -0.4628895 0.2998022 -0.7651315 0.5698181 0.30006 -0.7650988 0.5697261 0.6123049 0.6124224 0.5000216 -0.7799041 0.3642062 0.5090222 -0.7798804 0.3642358 0.5090373 0.6123622 0.6123899 0.4999913 0.6124063 0.612354 0.4999812 -0.4617621 0.7904311 -0.4024854 -0.4618724 0.7903883 -0.402443 -0.6123173 -0.6124234 -0.5000052 0.425604 -0.7883799 0.4442056 0.4257436 -0.7883156 0.4441856 -0.6124034 -0.6123452 -0.4999954 0.6124961 0.6122954 0.499943 0.7890905 -0.5119552 -0.3394675 -0.6123441 -0.6123996 -0.5000014 -0.6123295 -0.6124076 -0.5000096 0.78909 -0.5119683 -0.3394492 0.6121495 0.6124968 0.5001208 -0.7904703 0.4837052 0.3757475 -0.7905083 0.483657 0.3757293 0.6122964 0.6124355 0.500016 0.6124623 0.6123064 0.499971 -0.5588258 0.7826325 -0.2742266 -0.5587986 0.7826613 -0.2742001 -0.6123807 -0.6123428 -0.5000262 0.5378102 -0.7862306 0.3043051 0.5378696 -0.7861969 0.3042877 -0.6124061 -0.6123486 -0.4999879 0.6123132 0.6124146 0.5000211 0.7711924 -0.6019238 -0.2072446 -0.6123757 -0.6123897 -0.4999749 -0.6124057 -0.612302 -0.5000457 0.7712231 -0.6018791 -0.2072594 0.6123672 0.6123958 0.4999779 -0.7756662 0.5876007 0.230364 -0.7756658 0.5875887 0.2303956 0.6124609 0.612328 0.4999461 0.6122778 0.6124329 0.5000419 -0.6412265 0.7546706 -0.1389279 -0.6411945 0.7546982 -0.1389254 -0.6122786 -0.6124314 -0.5000428 0.6325845 -0.7588939 0.1546512 0.6326255 -0.7588576 0.1546618 -0.6123785 -0.6123785 -0.499985 0.6124717 0.6123182 0.4999448 0.7332168 -0.6764172 -0.06966382 -0.6123836 -0.6123239 -0.5000459 -0.6124172 -0.6123657 -0.4999535 0.7332953 -0.6763284 -0.06969815 0.6123059 0.6124191 0.5000244 -0.7359581 0.6725597 0.07764726 -0.7359836 0.672532 0.07764577 0.61242 0.6123478 0.4999721 0.6123186 0.6124213 0.5000062 -0.7071273 0.7070863 -1.54116e-5 -0.7071171 0.7070965 0 -0.6123748 -0.6123748 -0.4999943 0.7071519 -0.7070617 -2.25466e-5 0.7071519 -0.7070617 2.25466e-5 -0.6123734 -0.6123734 -0.4999978 -0.6123723 -0.6123723 -0.5000004 -0.6124387 -0.6123364 -0.499963 0.6122786 0.612447 0.5000237 0.6124094 0.6123578 0.4999728 -0.672531 0.7359846 -0.07764548 -0.672582 0.7359353 -0.07766979 0.6763401 -0.7332839 0.06970542 0.6763784 -0.733251 0.06968051 0.6124185 0.6123616 0.499957 0.7588806 -0.6326034 -0.1546394 0.7588532 -0.6326332 -0.1546521 -0.6123928 -0.6123928 -0.4999501 -0.6123329 -0.6124153 -0.499996 0.6122977 0.6123996 0.5000584 -0.7546413 0.6412602 0.1389315 -0.7546616 0.6412487 0.1388738 0.6123676 0.6123838 0.4999921 -0.5875461 0.7757062 -0.2303681 -0.6123414 -0.61237 -0.5000411 -0.5876449 0.7756354 -0.2303548 0.601975 -0.7711495 0.2072551 -0.6123442 -0.6124202 -0.4999763 0.6020017 -0.7711327 0.2072396 0.6123102 0.6123965 0.5000467 0.7862712 -0.5377543 -0.3042991 -0.6123242 -0.6124076 -0.500016 -0.6124619 -0.6123124 -0.4999641 0.612493 0.6123164 0.4999209 -0.7826721 0.5587726 0.2742217 -0.7826992 0.5587275 0.2742366 0.6123169 0.612428 0.5 0.6123263 0.6123849 0.5000414 -0.4836652 0.7904853 -0.3757672 -0.6123642 -0.612384 -0.499996 -0.4836011 0.7905192 -0.3757784 0.5118931 -0.7891309 0.3394672 -0.612367 -0.6123921 -0.4999826 0.5118594 -0.7891431 0.3394894 0.6123692 0.6123692 0.5000079 0.7884166 -0.4256237 -0.4441213 0.7883023 -0.4256967 -0.4442543 -0.6124237 -0.6123129 -0.5000102 -0.6123979 -0.6123587 -0.4999858 0.6124241 0.6123493 0.499965 -0.7904756 0.4617512 0.4024106 -0.7903588 0.4618408 0.4025371 0.6124061 0.6123507 0.4999856 -0.364358 0.7798515 -0.5089941 -0.6123121 -0.6124442 -0.4999862 -0.364243 0.7798895 -0.5090181 0.4086939 -0.7866042 0.4628425 -0.6123945 -0.6123697 -0.4999766 0.4086853 -0.7866056 0.4628478 0.6124555 0.6123171 0.4999662 0.6123838 0.6123642 0.4999963 0.7651705 -0.2999135 -0.5697071 0.7650262 -0.2999758 -0.5698682 -0.6123833 -0.6123764 -0.4999819 -0.6123862 -0.612347 -0.5000144 -0.7776585 0.3529057 0.5202929 -0.77767 0.3529109 0.5202723 0.6124424 0.6123317 0.4999642 0.6123918 0.6123526 0.5000006 -0.2330789 0.7442088 -0.6259613 -0.612348 -0.6124003 -0.4999958 -0.6123674 -0.6123674 -0.5000124 -0.2331495 0.7441846 -0.6259638 0.612291 0.612448 0.5000072 0.6122981 0.6124366 0.5000126 0.7172517 -0.1645205 -0.6771138 0.7172872 -0.1644854 -0.6770847 -0.6124156 -0.6123567 -0.4999666 -0.6123927 -0.6123433 -0.5000111 -0.6123989 -0.6123728 -0.4999671 0.2947822 -0.7637334 0.5742951 0.2949082 -0.7637035 0.5742701 0.6123539 0.6123832 0.5000097 0.6122905 0.6124398 0.5000181 0.6124268 0.6123484 0.4999629 -0.0942651 0.6846113 -0.7227874 -0.612399 -0.6123467 -0.499999 -0.6124548 -0.6123162 -0.4999682 -0.09460514 0.6846025 -0.7227512 -0.7448223 0.2348582 0.624565 -0.7448559 0.234812 0.6245422 0.6123998 0.6123213 0.5000293 0.6124475 0.6123088 0.499986 0.646371 -0.02367407 -0.762656 0.646429 -0.02367293 -0.7626068 -0.6123026 -0.6124188 -0.5000288 -0.612314 -0.6124141 -0.5000206 0.6124244 0.6123162 0.5000054 0.6123794 0.6123794 0.4999831 0.04721516 0.6030196 -0.7963279 -0.6123339 -0.6123861 -0.5000305 -0.6123138 -0.6123972 -0.5000415 0.04716867 0.6030019 -0.7963441 0.1732828 -0.7210597 0.6708546 0.1732928 -0.721067 0.6708443 0.6123775 0.6124035 0.4999558 0.6123945 0.6123667 0.4999802 0.5548763 0.1176846 -0.8235671 0.5546251 0.1177304 -0.8237297 -0.6124522 -0.6123375 -0.4999452 -0.6122707 -0.6124477 -0.5000325 -0.6926484 0.1106873 0.7127318 -0.6926459 0.1106868 0.7127343 0.6123687 0.6123972 0.4999743 0.6123977 0.6123469 0.5000003 0.1874281 0.5020236 -0.8443003 -0.6123672 -0.6123672 -0.5000131 -0.6123324 -0.6124022 -0.5000128 0.1872259 0.502065 -0.8443205 0.6123617 0.6123617 0.5000262 0.6123455 0.6123735 0.5000317 0.4452709 0.2554423 -0.858186 -0.6123629 -0.6123629 -0.5000234 -0.6123656 -0.6123656 -0.5000169 0.6124391 0.6123262 0.499975 0.6123481 0.6123994 0.4999967 0.3214313 0.3849416 -0.8651601 -0.612307 -0.6124106 -0.5000335 -0.6122856 -0.6124086 -0.5000622 0.321525 0.3849056 -0.8651413 0.6123769 0.6123769 0.4999891 -0.6123383 -0.6123898 -0.5000206 0.04735177 -0.6597599 0.7499831 0.04741394 -0.6597464 0.7499911 -0.6225551 -0.01627594 0.7824068 -0.6225957 -0.01623481 0.7823753 -0.07989841 -0.5812776 0.8097732 -0.07983779 -0.5813004 0.8097629 -0.5362046 -0.1429039 0.8319033 -0.536394 -0.1428726 0.8317866 -0.2048492 -0.4878733 0.8485378 -0.2050867 -0.4878388 0.8485003 -0.4362277 -0.2657659 0.8596941 -0.4361709 -0.2657634 0.8597236 -0.3247048 -0.3817337 0.865359 -0.3249788 -0.3816655 0.8652863 0.4406359 0.4406231 -0.782107 0.4406149 0.4406098 -0.7821263 -0.6123713 -0.6123728 -0.5000011 -0.6123726 -0.6123724 -0.4999998 -0.6123695 -0.6123739 -0.5000019 0.4221083 0.4221125 -0.8022753 0.4350309 0.4327523 -0.7896035 -0.6123716 -0.6123729 -0.5000005 -0.6123784 -0.6123732 -0.4999917 0.4221259 0.4221575 -0.8022424 0.4325399 0.434807 -0.7898432 -0.6123738 -0.6123722 -0.4999988 0.4220691 0.4220211 -0.802344 -0.6123716 -0.6123732 -0.5000002 0.4220589 0.4220885 -0.8023141 -0.6123726 -0.6123725 -0.4999999 0.4220819 0.422052 -0.8023211 -0.6123732 -0.6123716 -0.5000001 0.42044 0.4162842 -0.8061872 0.4133067 0.4133354 -0.8113763 -0.6123772 -0.6123681 -0.4999997 -0.6123734 -0.6123726 -0.4999986 0.4146823 0.4188375 -0.8078451 0.4133278 0.4132536 -0.8114073 -0.6123672 -0.6123791 -0.4999983 -0.6123728 -0.612371 -0.5000013 0.4115288 0.4134771 -0.8122074 -0.6123642 -0.6123785 -0.5000028 -0.6123731 -0.6123718 -0.5000001 0.4133594 0.4132065 -0.8114151 -0.6123679 -0.6123802 -0.4999962 -0.6123715 -0.6123734 -0.5000001 0.6123719 0.612374 0.4999989 0.6123677 0.6123746 0.5000032 0.613014 0.6117748 0.4999457 0.3535547 0.3535376 -0.8660314 0.3350228 0.3691687 -0.8668762 0.612374 0.612371 0.5 0.3535408 0.3535643 -0.8660262 0.3535381 0.3535426 -0.8660361 0.3535206 0.3536446 -0.8660016 0.3535321 0.3535657 -0.8660291 0.3535172 0.3535717 -0.8660327 0.3536355 0.3534749 -0.8660239 0.3535701 0.3535225 -0.8660312 0.3535325 0.3535596 -0.8660315 0.3535508 0.3535781 -0.8660165 0.3535518 0.3535518 -0.8660269 0.3535462 0.3535532 -0.8660284 0.3535763 0.353552 -0.8660168 0.3535976 0.3535435 -0.8660115 0.3535566 0.353551 -0.8660252 0.6123725 0.6123725 0.4999998 0.3535583 0.3535646 -0.8660188 0.3535673 0.3535515 -0.8660206 0.3535202 0.353567 -0.8660335 0.3535377 0.3535445 -0.8660355 0.3535511 0.3535546 -0.8660258 0.353522 0.3535479 -0.8660405 0.3535752 0.3535498 -0.866018 0.3535492 0.3535629 -0.8660233 0.3536002 0.3535535 -0.8660063 0.3535276 0.3535556 -0.8660351 0.6123577 0.6123825 0.5000058 0.6123738 0.6123715 0.4999996 0.6123688 0.612375 0.5000014 0.6123769 0.6123687 0.4999992 0.3535517 0.3535552 -0.8660253 0.3535227 0.3535485 -0.8660399 0.3535723 0.3535469 -0.8660205 0.3535513 0.353565 -0.8660215 0.3536031 0.353533 -0.8660135 0.3535404 0.3535544 -0.8660303 0.3535613 0.3535508 -0.8660233 0.3535389 0.3535526 -0.8660317 0.6123723 0.6123723 0.5000005 0.3535768 0.3535386 -0.8660219 0.3535446 0.3535556 -0.8660282 0.3535487 0.3535624 -0.8660237 0.3536049 0.3535348 -0.866012 0.3535271 0.3535587 -0.866034 0.3535675 0.3535517 -0.8660203 0.3535267 0.3535501 -0.8660377 0.3535587 0.353545 -0.8660266 0.6123723 0.6123723 0.5000004 0.3535792 0.3535411 -0.86602 0.3535513 0.3535531 -0.8660265 0.3535461 0.3535597 -0.8660258 0.3536911 0.3535276 -0.8659797 0.3535534 0.3535534 -0.8660253 0.3535647 0.3535543 -0.8660205 0.3535166 0.3535634 -0.8660364 0.3535706 0.3535433 -0.8660225 0.6123727 0.6123712 0.5000013 0.3535779 0.3535525 -0.8660158 0.3535516 0.3535516 -0.8660269 0.3535287 0.3535567 -0.8660342 0.3535581 0.3535581 -0.8660216 0.3535667 0.3535491 -0.8660218 0.3535184 0.3535652 -0.8660349 0.3535379 0.3535516 -0.8660325 0.6123727 0.6123727 0.4999995 0.6123256 0.6124187 0.5000007 0.3535479 0.3535529 -0.8660279 0.3535406 0.3535476 -0.866033 0.3536067 0.3535366 -0.8660106 0.3535239 0.3535412 -0.8660425 0.3535749 0.3535495 -0.8660182 0.3535462 0.3535736 -0.8660202 0.3535346 0.3535647 -0.8660286 0.3536023 0.3535406 -0.8660107 0.3535439 0.3535558 -0.8660283 0.3535584 0.3535712 -0.8660161 0.3535636 0.353553 -0.8660215 0.3535238 0.3535705 -0.8660305 0.3535396 0.3535396 -0.8660367 0.6123734 0.6123715 0.5 0.3535476 0.3535659 -0.8660227 0.3535647 0.3535526 -0.8660212 0.3535403 0.3535586 -0.8660287 0.3535514 0.3535514 -0.8660271 0.3535481 0.3535481 -0.8660299 0.7071066 -0.707107 0 0.7071999 -0.7070136 0 0.707102 -0.7071117 -8.90351e-7 0.6123718 0.6123738 0.4999992 0.6123858 0.612365 0.4999929 0.6123958 0.6123958 0.4999427 0.6123736 0.6123714 0.5 0.6123708 0.6123736 0.5000007 0.3535923 0.3535434 -0.8660137 0.3535507 0.3535539 -0.8660263 0.3535471 0.3535716 -0.8660205 0.3536193 0.3535088 -0.8660168 0.3535463 0.3535584 -0.8660264 -0.707106 0.7071076 0 -0.7071068 0.7071068 2.91037e-7 -0.7071534 0.7070603 -1.74623e-5 -0.7071006 0.707113 1.16209e-6 -0.7071302 0.7070834 -2.92997e-6 0.6123681 0.6123763 0.5000007 0.3535681 0.3535488 -0.8660213 0.3535249 0.3535483 -0.8660391 0.3535367 0.3535641 -0.8660278 0.3535783 0.3535401 -0.8660207 0.3535507 0.3535526 -0.8660269 0.353604 0.3535339 -0.8660128 0.3535256 0.3535607 -0.8660338 0.6123765 0.6123683 0.5000002 0.3535702 0.3535575 -0.8660168 0.3535452 0.3535525 -0.8660292 0.3535444 0.3535717 -0.8660216 0.3536052 0.3535117 -0.8660214 0.3535298 0.3535578 -0.8660334 0.3535483 0.3535737 -0.8660193 0.3535755 0.3535527 -0.8660168 0.3535173 0.3535874 -0.8660263 0.3535451 0.3535178 -0.8660433 0.6123698 0.6123747 0.5000006 0.3535776 0.3535522 -0.866016 0.3535521 0.3535521 -0.8660265 0.3535478 0.3535478 -0.86603 0.3536109 0.3535642 -0.8659975 0.3535271 0.3535551 -0.8660355 0.3535557 0.3535684 -0.8660184 0.3535673 0.3535532 -0.8660198 0.3535303 0.3535537 -0.8660348 0.3535556 0.3535419 -0.8660293 0.6123697 0.6123748 0.5000006 0.6123887 0.6123585 0.4999971 0.3535835 0.3535581 -0.8660113 0.3535503 0.3535521 -0.8660272 0.3535946 0.3535399 -0.8660142 0.3536013 0.3535313 -0.8660149 0.3535556 0.3535683 -0.8660185 0.3535757 0.3535512 -0.8660172 0.3535444 0.3535308 -0.8660383 0.6123724 0.6123724 0.5000002 0.612373 0.6123713 0.5000009 0.3535771 0.3535517 -0.8660164 0.3535457 0.3535529 -0.8660288 0.3535381 0.3535654 -0.8660268 0.3536168 0.3535233 -0.8660119 0.3535292 0.3535572 -0.8660337 0.3535663 0.3535488 -0.866022 0.3535137 0.3535838 -0.8660292 0.3535428 0.3535428 -0.8660341 0.6123728 0.6123728 0.4999991 0.3535454 0.3535527 -0.866029 0.3535524 0.353566 -0.8660207 0.3536025 0.353509 -0.8660235 0.3535674 0.3535499 -0.8660211 0.3535352 0.3535625 -0.8660292 0.6123725 0.6123725 0.5000001 0.6123731 0.612372 0.5 0.353526 0.353554 -0.8660364 0.3536801 0.35354 -0.8659791 0.3535467 0.3535467 -0.8660309 0.3535503 0.3535537 -0.8660266 0.353533 0.3535503 -0.8660351 0.3535251 0.353576 -0.8660278 0.3535522 0.3535776 -0.866016 0.3535709 0.3535429 -0.8660227 0.3535209 0.353591 -0.8660234 0.3535625 0.3535352 -0.8660292 0.6119763 0.6130285 0.4996809 0.3535596 0.3535467 -0.8660257 0.363862 0.3307836 -0.8707392 0.4272642 0.2649038 -0.8644487 0.6123729 0.6123722 0.4999997 0.6123715 0.6123727 0.5000008 -0.7071056 0.707108 1.71199e-7 -0.7071091 0.7071045 1.72803e-7 -0.7070603 0.7071534 -1.63731e-5 -0.7071068 0.7071068 8.94748e-7 0.3535569 0.3535531 -0.8660241 0.3535609 0.3535558 -0.8660213 0.3535434 0.353558 -0.8660277 0.35354 0.3535569 -0.8660296 0.7071357 -0.7070779 -4.5144e-6 0.7071072 -0.7071064 0 0.7071068 -0.7071068 -5.82192e-6 0.7071038 -0.7071099 0 0.6123859 0.6123487 0.5000127 0.3535484 0.353552 -0.8660281 0.3535541 0.3535591 -0.8660229 0.3535625 0.3535396 -0.8660274 0.3535486 0.3535521 -0.8660279 0.2953149 0.3974283 -0.8688153 0.2652567 0.4276076 -0.8641706 0.3535659 0.353601 -0.866001 0.4214795 0.2593024 -0.8689748 0.4506219 0.23486 -0.8612669 0.2650127 0.4273877 -0.8643541 0.3535576 0.3535461 -0.8660266 0.3535434 0.3535283 -0.8660397 0.4501059 0.2342858 -0.8616931 0.2304751 0.4461103 -0.864793 0.2344288 0.4500781 -0.8616686 0.1307549 0.4956128 -0.858645 -0.2425538 0.6944887 -0.6773871 0.1831489 0.4538542 -0.8720511 0.3535484 0.3535429 -0.8660318 0.7019462 -0.2643285 -0.6613638 0.5089651 0.1114882 -0.8535367 0.4530483 0.1824289 -0.8726208 0.3535809 0.3535426 -0.8660187 0.3535436 0.3535698 -0.8660227 0.6774248 -0.2106617 -0.7047818 -0.7745285 -0.4084841 -0.4829558 -0.7745224 -0.4084914 -0.4829595 -0.4084899 -0.774519 -0.4829661 -0.7745304 -0.4084851 -0.482952 -0.7745215 -0.4084909 -0.4829614 -0.4084804 -0.7745289 -0.4829584 -0.4084843 -0.7745273 -0.4829577 -0.7745288 -0.4084748 -0.4829635 -0.408482 -0.7745269 -0.4829603 -0.7745201 -0.4084902 -0.4829643 -0.7745368 -0.4084684 -0.482956 -0.4084866 -0.7745233 -0.4829622 -0.7745277 -0.4084742 -0.4829654 -0.7745238 -0.4084922 -0.4829567 -0.4084841 -0.7745264 -0.4829594 -0.7745161 -0.408508 -0.4829555 -0.7745351 -0.4084581 -0.4829674 -0.408481 -0.7745283 -0.4829589 -0.7745199 -0.4084901 -0.4829647 -0.7745215 -0.4085004 -0.4829533 -0.4084849 -0.7745231 -0.4829638 -0.7745276 -0.4084836 -0.4829578 -0.4084886 -0.7745211 -0.4829642 -0.7745267 -0.4084831 -0.4829597 -0.4084826 -0.7745242 -0.482964 -0.774525 -0.4084833 -0.4829623 -0.7745396 -0.4084699 -0.4829503 -0.4084726 -0.7745331 -0.4829584 -0.7745123 -0.408506 -0.4829632 -0.7745431 -0.4084518 -0.4829599 -0.4084811 -0.7745297 -0.4829567 -0.7745187 -0.4084894 -0.4829671 -0.7745274 -0.4084929 -0.4829502 -0.4084869 -0.7745189 -0.4829692 -0.774545 -0.4084528 -0.4829561 -0.4084832 -0.7745292 -0.4829558 -0.7745063 -0.4085134 -0.4829669 -0.4084831 -0.7745233 -0.482965 -0.7745261 -0.4084933 -0.4829518 -0.7745388 -0.4084601 -0.4829598 -0.4084665 -0.77454 -0.4829522 -0.4084841 -0.7745285 -0.4829558 0.06695216 -0.9330123 -0.3535612 -0.9330114 0.06697064 -0.3535602 -0.9330109 0.06699061 -0.3535575 -0.4084909 -0.7745215 -0.4829614 0.06696051 -0.933015 -0.3535525 -0.9330097 0.06697052 -0.3535645 -0.9330097 0.06701052 -0.353557 -0.4084972 -0.7745135 -0.4829689 0.06696033 -0.9330164 -0.3535489 -0.9330085 0.06699043 -0.353564 -0.933008 0.0670104 -0.3535614 -0.4084979 -0.7745149 -0.482966 0.06695991 -0.9330155 -0.3535513 -0.9330132 0.06696933 -0.3535557 -0.9330093 0.06699049 -0.3535618 -0.4084904 -0.7745205 -0.4829633 0.06697952 -0.9330139 -0.3535519 -0.9330118 0.0669707 -0.3535591 -0.4084905 -0.7745208 -0.4829629 0.06697922 -0.9330139 -0.3535517 -0.9330118 0.06695067 -0.3535628 -0.9330121 0.06698924 -0.3535547 -0.4084852 -0.7745307 -0.4829516 0.0669645 -0.9330105 -0.3535636 0.3535332 0.3535507 -0.8660348 -0.9330105 0.06697058 -0.3535626 -0.4084978 -0.7745144 -0.4829668 0.06696146 -0.9330137 -0.3535559 -0.9330092 0.06701046 -0.3535584 -0.9330105 0.06699055 -0.3535588 -0.4084759 -0.7745311 -0.4829587 0.06696015 -0.9330139 -0.3535556 -0.9330105 0.06697058 -0.3535623 -0.9330105 0.06699055 -0.3535585 -0.4084922 -0.7745238 -0.4829567 0.06696134 -0.9330137 -0.3535557 -0.9330105 0.06701058 -0.3535549 -0.9330114 0.06699061 -0.3535564 -0.4084958 -0.7745108 -0.4829747 0.06695842 -0.933017 -0.3535474 -0.9330098 0.06696909 -0.3535645 -0.9330077 0.06699037 -0.3535662 0.06696063 -0.9330126 -0.3535587 -0.933013 0.06697076 -0.3535557 -0.408483 -0.7745245 -0.4829633 0.06696081 -0.9330174 -0.3535461 -0.9330126 0.06699073 -0.3535531 -0.9330108 0.06699204 -0.3535575 -0.4084684 -0.7745368 -0.482956 0.06696408 -0.9330075 -0.3535715 -0.4084982 -0.7745154 -0.4829651 0.06697702 -0.9330168 -0.3535449 -0.9330136 0.06698936 -0.3535509 -0.9330089 0.06697046 -0.3535667 -0.4084894 -0.7745187 -0.4829671 0.06696087 -0.9330126 -0.3535588 -0.9330074 0.06700891 -0.3535636 -0.350684 0.7103865 -0.6102228 -0.1420884 0.6368013 -0.7578227 0.353563 0.3535546 -0.8660211 0.6351141 -0.1436493 -0.7589434 0.7097868 -0.3516312 -0.6103755 0.06698936 -0.9330136 -0.3535509 0.524523 -0.8415041 -0.1294087 -0.8415087 0.5245161 -0.1294073 0.06699055 -0.9330101 -0.3535597 0.5245264 -0.8415018 -0.1294096 -0.8415089 0.5245162 -0.1294049 -0.8415029 0.5245249 -0.1294094 0.5245292 -0.8414999 -0.1294106 -0.841509 0.5245163 -0.1294036 -0.8415119 0.5245106 -0.1294084 0.06698936 -0.9330132 -0.353552 0.5245159 -0.8415087 -0.1294077 -0.841517 0.5245013 -0.1294123 -0.8415082 0.5245158 -0.129411 0.06697058 -0.9330101 -0.3535634 0.5245198 -0.8415067 -0.1294046 -0.8415085 0.524516 -0.1294085 -0.8414997 0.5245305 -0.1294072 0.06697058 -0.9330108 -0.3535618 0.5245231 -0.8415039 -0.129409 -0.8414942 0.5245395 -0.1294056 0.06696933 -0.933013 -0.3535563 0.5245305 -0.8415002 -0.1294032 0.3535233 0.3535604 -0.8660349 -0.8414997 0.5245305 -0.1294068 0.3535846 0.353549 -0.8660145 0.06698942 -0.933014 -0.3535498 0.5245266 -0.8415019 -0.1294085 -0.8415177 0.5245017 -0.1294062 -0.8415031 0.5245251 -0.1294071 0.5245283 -0.8415001 -0.1294128 -0.8415001 0.5245307 -0.1294035 -0.841508 0.5245157 -0.1294122 0.06698924 -0.933012 -0.3535553 0.52453 -0.8414994 -0.1294105 -0.8415173 0.5245015 -0.1294099 -0.8415035 0.5245253 -0.1294033 0.06699067 -0.9330117 -0.3535553 0.5245177 -0.8415068 -0.1294122 -0.8415004 0.5245309 -0.129401 -0.8415204 0.5244959 -0.1294122 0.06699049 -0.9330093 -0.3535618 0.5245203 -0.841507 -0.1294015 -0.8415094 0.5245165 -0.1293999 -0.8414946 0.5245397 -0.1294032 0.06697189 -0.9330089 -0.3535667 0.5245248 -0.8415026 -0.129411 -0.8415175 0.5245016 -0.1294087 -0.8415036 0.5245254 -0.1294021 0.06696802 -0.9330149 -0.3535513 0.5245183 -0.8415082 -0.129401 -0.8415166 0.524501 -0.129416 0.06699204 -0.9330108 -0.3535575 0.5245108 -0.8415105 -0.1294169 -0.8415262 0.5244871 -0.12941 -0.8414947 0.5245399 -0.1294007 0.06698942 -0.9330143 -0.3535487 0.5245181 -0.8415068 -0.12941 -0.8415148 0.5245074 -0.1294026 -0.841503 0.5245251 -0.129407 0.3535522 0.3535507 -0.8660271 0.7071068 -0.7071068 1.21266e-6 0.7071065 -0.7071072 0 0.7071075 -0.7071062 0 0.5245304 -0.8414995 -0.1294084 0.3535525 0.3535525 -0.8660262 -0.7071292 0.7070844 2.42526e-6 -0.7071056 0.707108 1.21266e-6 0.3535643 0.3535514 -0.8660218 0.7071056 -0.707108 2.42532e-6 0.7071075 -0.7071062 -7.46253e-7 0.7071068 -0.7071068 3.23376e-7 0.5245305 -0.8414998 -0.1294059 0.3535639 0.3535542 -0.8660208 -0.7071055 0.7071081 -3.23377e-7 -0.707108 0.7071056 -2.42532e-6 -0.7071056 0.707108 2.42532e-6 0.3535425 0.353549 -0.8660317 0.7071092 -0.7071044 1.21266e-6 0.7071054 -0.7071082 0 0.524516 -0.8415085 -0.1294085 0.3535422 0.3535551 -0.8660293 -0.7071029 0.7071107 0 -0.7071141 0.7070996 0 -0.7070959 0.7071177 -1.21267e-6 0.353543 0.3535495 -0.8660313 0.7071058 -0.7071079 0 0.5245393 -0.8414939 -0.1294093 0.3535429 0.3535559 -0.8660287 -0.7071129 0.7071007 0 -0.7070971 0.7071165 0 0.3535433 0.3535433 -0.8660337 0.7071044 -0.7071092 -6.06328e-7 0.7071083 -0.7071053 1.86563e-7 0.7071062 -0.7071075 0 0.5245395 -0.8414942 -0.1294056 0.3535619 0.3535619 -0.8660184 -0.7071068 0.7071068 1.61689e-7 -0.7071177 0.7070959 -6.06323e-7 -0.7071056 0.707108 0 0.3535656 0.3535526 -0.8660207 0.7071079 -0.7071057 0 0.5245305 -0.8414997 -0.1294072 0.3535637 0.3535572 -0.8660197 -0.7071092 0.7071044 -3.03166e-6 0.3535404 0.3535598 -0.8660281 0.7071073 -0.7071062 0 0.7071068 -0.7071068 0 0.5245484 -0.8414884 -0.1294078 0.353554 0.3535507 -0.8660263 -0.7071068 0.7071068 -2.72848e-6 -0.7071068 0.7071068 2.27374e-6 0.3535479 0.3535544 -0.8660272 0.7071063 -0.7071074 0 0.7071081 -0.7071055 0 0.5245158 -0.8415082 -0.1294114 -0.7071042 0.7071094 0 -0.7071166 0.7070971 2.69055e-6 -0.7071068 0.7071068 -2.27374e-6 0.3535521 0.3535541 -0.8660258 0.7071043 -0.7071092 -1.86562e-7 0.5245158 -0.8415082 -0.129411 0.3535788 0.35354 -0.8660206 -0.7071068 0.7071068 -1.61689e-7 -0.707108 0.7071056 1.21266e-6 -0.7071117 0.707102 1.21263e-6 0.3535391 0.353565 -0.8660266 0.7071117 -0.707102 1.21265e-6 0.7071062 -0.7071074 -1.86563e-7 0.5245307 -0.8415001 -0.1294035 0.3535528 0.3535463 -0.8660285 -0.7071042 0.7071094 -4.85064e-7 -0.7071056 0.707108 4.85063e-6 -0.7071044 0.7071092 -3.63797e-6 0.3535427 0.3535556 -0.8660289 0.7071141 -0.7070996 -2.42531e-6 0.7071079 -0.7071056 1.30594e-6 0.5245245 -0.8415022 -0.1294144 0.353575 0.3535426 -0.8660211 -0.7071068 0.7071068 3.23377e-7 -0.7070959 0.7071177 -2.42528e-6 -0.7071092 0.7071044 4.85066e-6 0.3535401 0.3535659 -0.8660258 0.7071068 -0.7071068 2.42529e-6 0.7071066 -0.707107 -1.30594e-6 0.5245399 -0.8414947 -0.1294007 0.3535538 0.3535473 -0.8660277 -0.7071068 0.7071068 -6.46754e-7 -0.7070935 0.7071201 7.27602e-6 -0.7071189 0.7070947 2.42529e-6 0.3535411 0.353567 -0.8660249 0.7071092 -0.7071044 0 0.7071056 -0.7071079 -7.46251e-7 0.7071055 -0.7071081 0 0.5245157 -0.841508 -0.1294122 0.3535752 0.3535364 -0.8660234 -0.7071042 0.7071094 -3.23376e-7 -0.7071068 0.7071068 2.42532e-6 -0.707102 0.7071117 -4.85061e-6 0.7071072 -0.7071065 3.73126e-7 0.7071042 -0.7071094 0 0.5245568 -0.841482 -0.1294149 0.3535679 0.353542 -0.8660241 -0.7070935 0.7071201 4.85068e-6 0.7071068 -0.7071068 4.85057e-6 0.7071076 -0.7071061 -1.11937e-6 0.7071068 -0.7071068 -6.46757e-7 0.5245121 -0.8415101 -0.1294139 0.3535802 0.3535414 -0.8660194 -0.7071042 0.7071094 3.23376e-7 -0.7071068 0.7071068 -2.42532e-6 -0.7071044 0.7071092 -4.85062e-6 0.353542 0.3535679 -0.8660241 0.7071117 -0.707102 -2.42527e-6 0.7071066 -0.707107 0 0.7071068 -0.7071068 6.46752e-7 0.524524 -0.8415014 -0.1294217 0.3535951 0.3535519 -0.8660089 0.3535022 0.3535544 -0.8660459 0.3535564 0.3535534 -0.8660242 0.3535555 0.3535476 -0.8660269 0.353586 0.3535495 -0.8660138 -0.7071055 0.7071081 0 -0.7070959 0.7071177 0 -0.7071189 0.7070947 4.85059e-6 -0.7745212 -0.4084931 -0.4829601 -0.774517 -0.4084956 -0.4829647 -0.4084929 -0.7745199 -0.4829623 0.7010647 -0.3590891 -0.6160871 0.7115494 -0.389188 -0.5850045 -0.3542631 0.7061542 -0.6130611 0.06698393 -0.9330134 -0.3535525 -0.4084956 -0.7745174 -0.482964 -0.9330115 0.06699228 -0.3535556 -0.933013 0.06697475 -0.353555 0.7081665 -0.3919855 -0.5872374 -0.3919474 0.7083519 -0.5870391 -0.3919885 0.7084658 -0.5868743 -0.750016 0.644921 -0.1468095 -0.4742798 0.6851883 -0.5527889 -0.5642985 0.6959306 -0.4441261 0.6449128 -0.749831 -0.1477864 0.6845225 -0.4747593 -0.5532021 0.6957323 -0.5724063 -0.4339442 0.3535418 0.3535541 -0.86603 0.5245261 -0.841502 -0.1294094 0.06698828 -0.9330126 -0.3535535 -0.8415066 0.5245188 -0.1294092 -0.8415042 0.5245228 -0.1294085 -0.7162758 0.6520389 -0.2485849 -0.7157406 0.6521107 -0.2499342 0.6519543 -0.7163345 -0.2486373 0.6522669 -0.7155867 -0.2499677 0.3535614 0.3535531 -0.8660224 0.8256413 -0.5531165 0.1112592 0.707108 -0.7071056 0 -0.825645 0.5531108 -0.1112597 0.3535495 0.3535526 -0.8660273 0.3535398 0.3535709 -0.8660238 0.8415034 -0.5245242 0.1294078 0.5245208 -0.8415054 -0.1294093 0.3535629 0.3535588 -0.8660194 -0.5245131 0.8415099 0.1294111 -0.5245273 0.8415017 0.1294066 0.5531086 -0.8256464 -0.1112616 0.5531169 -0.8256409 -0.1112609 0.3535554 0.3535495 -0.8660262 0.3535377 0.3535546 -0.8660314 -0.553115 0.8256421 0.1112607 -0.5531127 0.8256439 0.1112586 0.3535315 0.3535572 -0.8660328 0.3535659 0.3535432 -0.8660245 0.9330123 -0.06697875 0.353556 0.841504 -0.5245227 0.1294099 0.353551 0.3535423 -0.8660309 -0.06697475 0.9330128 0.3535556 -0.06698381 0.9330117 0.3535571 -0.8208855 0.5611714 -0.1059888 -0.8480003 0.529769 0.0155127 -0.7648379 0.6225327 -0.1657592 0.353567 0.3535498 -0.8660213 0.5612137 -0.8208557 -0.1059955 0.6229852 -0.7644215 -0.1659796 0.529643 -0.84808 0.01545077 0.3535492 0.353554 -0.8660269 -0.8256442 0.553112 -0.1112601 -0.9346463 0.1710314 -0.3117445 0.171029 -0.9346472 -0.311743 0.1710322 -0.9346457 -0.3117456 0.353553 0.3535552 -0.8660249 0.353557 0.3535487 -0.8660259 0.3535588 0.3535567 -0.8660218 0.9346464 -0.1710297 0.3117451 0.825643 -0.5531138 0.1112602 0.3535616 0.3535509 -0.8660231 -0.171025 0.9346469 0.3117462 -0.1710343 0.934646 0.3117439 0.3535608 0.3535528 -0.8660227 0.3535468 0.3535542 -0.8660278 0.7745229 0.4084854 0.4829639 0.9330134 -0.06698364 0.3535522 0.3535489 0.3535549 -0.8660266 0.4084942 0.7745189 0.4829628 0.4084892 0.7745221 0.4829618 0.3535473 0.3535504 -0.8660292 0.3535707 0.3535467 -0.8660211 0.7745181 0.408498 0.4829607 -0.8749586 0.4524223 -0.1725153 -0.8202044 0.4178165 -0.390761 0.3535659 0.353549 -0.8660222 0.4962791 -0.8556795 -0.1466959 0.4104045 -0.8337138 -0.3694452 0.3535417 0.3535601 -0.8660275 0.3535962 0.3535155 -0.8660234 -0.9346458 0.1710323 -0.3117453 -0.8585286 -0.2449321 -0.4504855 -0.2449256 -0.8585301 -0.450486 -0.2449296 -0.8585305 -0.4504831 0.3535485 0.3535517 -0.8660282 0.3535813 0.3535426 -0.8660185 0.858529 0.244932 0.4504846 0.934646 -0.1710343 0.311744 0.3535212 0.3535577 -0.8660368 0.3535704 0.3535488 -0.8660204 0.2449331 0.8585294 0.4504832 0.2449294 0.8585295 0.4504849 0.3535459 0.3535516 -0.8660292 0.7071135 -0.7071001 1.21264e-6 0.8415046 -0.5245231 0.1294048 0.353626 0.353545 -0.8659992 -0.5245609 0.8414807 0.1294066 -0.5244973 0.8415197 0.1294118 0.3535159 0.3535483 -0.8660428 0.7071129 -0.7071008 6.06321e-7 0.8415099 -0.5245147 0.1294039 0.353571 0.3535487 -0.8660202 -0.5245296 0.8415001 0.1294082 -0.5245022 0.8415161 0.1294153 0.353541 0.3535572 -0.8660289 0.7071117 -0.707102 1.5158e-6 0.8415021 -0.5245262 0.129408 0.3535994 0.3535468 -0.8660094 -0.5245611 0.8414811 0.1294044 -0.5244837 0.841528 0.129413 0.3535389 0.3535713 -0.866024 0.7071141 -0.7070996 -3.03162e-7 0.8415135 -0.5245075 0.1294103 0.3535652 0.3535571 -0.8660191 -0.5245565 0.8414832 0.1294091 -0.524475 0.8415328 0.1294167 0.3535769 0.3535445 -0.8660195 0.7071189 -0.7070947 -1.89476e-6 0.8414977 -0.5245351 0.1294016 0.3535895 0.353549 -0.8660125 -0.5245333 0.8414967 0.1294149 -0.5245108 0.8415113 0.1294122 0.3535448 0.3535448 -0.8660324 0.7071092 -0.7071044 0 0.8415099 -0.5245147 0.129404 0.3535699 0.3535537 -0.8660185 -0.5245566 0.8414832 0.129408 -0.5244751 0.8415329 0.1294153 0.353542 0.3535582 -0.8660282 0.7071092 -0.7071044 0 0.8415017 -0.5245283 0.1294028 0.3535432 0.3535575 -0.866028 0.3535896 0.3535508 -0.8660117 -0.5245296 0.8415002 0.1294076 -0.5245103 0.8415105 0.1294183 0.7071141 -0.7070996 0 0.8415217 -0.5244939 0.1294113 -0.5245491 0.84149 0.129395 -0.5245031 0.8415176 0.1294018 0.7071129 -0.7071007 2.42529e-6 0.8415033 -0.5245246 0.1294075 0.3535689 0.3535608 -0.8660161 -0.5245026 0.8415169 0.1294084 -0.5245071 0.8415127 0.1294166 0.3535438 0.3535276 -0.8660399 0.7071068 -0.7071068 9.09473e-7 0.8415141 -0.5245056 0.1294139 0.3536041 0.3535434 -0.8660089 -0.5245031 0.8415176 0.1294015 -0.5245521 0.8414874 0.1293997 0.3535434 0.353511 -0.8660469 0.7071043 -0.7071092 -1.81898e-6 0.8415161 -0.5245022 0.1294153 0.3535978 0.3535574 -0.8660056 -0.5245107 0.8415111 0.1294128 -0.5245516 0.8414865 0.1294066 0.3535836 0.3535026 -0.8660338 0.7071031 -0.7071104 3.33479e-6 0.8414958 -0.5245362 0.1294097 0.3536336 0.3535608 -0.8659897 -0.5245196 0.8415067 0.1294056 -0.5245323 0.8414969 0.1294181 0.3535413 0.3535251 -0.866042 0.7071153 -0.7070983 -4.24432e-6 0.8415203 -0.5244953 0.1294159 0.3535945 0.3535662 -0.8660035 -0.524511 0.8415116 0.1294081 -0.5245519 0.8414871 0.1294021 0.3535478 0.3534993 -0.8660498 0.7071068 -0.7071068 4.85059e-6 0.8415122 -0.524509 0.1294124 0.353588 0.3535718 -0.8660038 -0.5244935 0.8415211 0.1294179 0.3535105 0.3535267 -0.8660538 0.7071031 -0.7071104 3.03164e-6 0.8415333 -0.5244706 0.1294308 0.3536008 0.3535522 -0.8660066 -0.5245113 0.8415122 0.1294035 -0.5245352 0.8414977 0.1294003 0.3535318 0.3535318 -0.866043 0.7071056 -0.707108 -4.85065e-6 0.8415198 -0.524495 0.1294206 -0.524519 0.8415057 0.1294148 -0.5245512 0.8414858 0.1294136 0.3535604 0.3535545 -0.8660222 0.3535235 0.3535976 -0.8660196 0.8415073 -0.5245177 0.1294098 0.9330126 -0.06699043 0.3535533 0.3535526 0.353558 -0.8660238 -0.06699997 0.9330151 0.3535446 -0.06698119 0.933014 0.3535512 0.3535541 0.3535726 -0.8660174 0.8415031 -0.5245245 0.1294092 0.9330133 -0.0669952 0.3535504 0.3535827 0.3535534 -0.8660135 -0.06700038 0.9330108 0.3535559 -0.06699997 0.9330144 0.3535466 0.3535604 0.3535727 -0.8660147 0.8415026 -0.5245241 0.1294138 0.9330124 -0.06698709 0.3535544 0.3535805 0.3535481 -0.8660165 -0.06699931 0.9330148 0.3535456 -0.06698113 0.9330136 0.3535522 0.3535602 0.3535664 -0.8660174 0.8415027 -0.5245242 0.1294127 0.9330103 -0.06701505 0.3535544 0.353581 0.3535441 -0.8660179 -0.06699866 0.9330153 0.3535445 -0.06698107 0.9330125 0.3535553 0.3535519 0.3535766 -0.8660166 0.8414955 -0.5245385 0.1294016 0.9330129 -0.06698107 0.3535542 0.353566 0.3535491 -0.8660221 0.3535516 0.3535763 -0.8660169 0.8415114 -0.5245109 0.1294105 0.9330121 -0.06699043 0.3535544 0.3535827 0.3535535 -0.8660134 -0.06700098 0.9330104 0.3535569 -0.06698107 0.9330129 0.3535543 0.353559 0.353559 -0.8660209 0.8415033 -0.5245246 0.1294075 0.9330142 -0.06697887 0.3535513 0.3535889 0.3535675 -0.8660051 -0.06699985 0.9330129 0.3535507 0.3535303 0.353576 -0.8660256 0.8415026 -0.5245241 0.1294144 0.9330123 -0.06700581 0.353551 0.3536022 0.3535594 -0.866003 -0.06698244 0.9330127 0.3535543 0.3535478 0.3535472 -0.8660302 0.3535689 0.3535689 -0.8660128 0.9330145 -0.06697654 0.3535508 0.3535808 0.3535454 -0.8660175 -0.06699872 0.933016 0.3535425 -0.06698364 0.9330107 0.3535594 0.3535629 0.3535629 -0.8660178 0.8414943 -0.5245377 0.1294125 0.9330117 -0.06700581 0.3535529 0.3535801 0.3535508 -0.8660156 -0.06698238 0.9330124 0.3535553 0.3535576 0.3535699 -0.8660171 0.9330119 -0.06699645 0.3535541 0.3535614 0.3535467 -0.8660249 -0.06696259 0.933016 0.3535495 -0.06699836 0.9330114 0.3535548 0.841528 -0.5244837 0.129413 0.9330118 -0.06703722 0.3535465 0.353556 0.3535498 -0.8660258 -0.0669986 0.9330145 0.3535466 -0.06698232 0.9330116 0.3535574 0.3535591 0.3535653 -0.8660181 0.8415078 -0.5245157 0.129414 0.9330111 -0.06699502 0.3535565 0.3535693 0.3535477 -0.8660212 -0.06700003 0.933016 0.3535425 0.3535522 0.3535706 -0.866019 0.9330111 -0.06699973 0.3535554 0.3535599 0.3535575 -0.8660211 -0.06698232 0.9330109 0.3535594 -0.06700104 0.9330111 0.3535549 0.3535612 0.3535674 -0.8660165 0.841498 -0.5245283 0.1294266 0.9330155 -0.06696856 0.3535498 0.3535478 0.3535516 -0.8660285 -0.06696248 0.9330145 0.3535537 -0.06699979 0.9330121 0.3535528 0.3535559 0.3535745 -0.8660159 0.8414991 -0.524529 0.1294174 0.933013 -0.06697779 0.3535544 0.3536001 0.3535634 -0.8660023 -0.06696152 0.93302 0.3535393 -0.06699723 0.9330138 0.3535487 -0.8585322 -0.244921 -0.4504844 -0.6123705 -0.6123758 -0.4999983 -0.6123726 -0.61237 -0.5000029 0.3535444 0.3535563 -0.866028 0.6879466 0.529043 0.4968332 0.8585323 0.24492 0.4504848 0.3535413 0.3535535 -0.8660303 0.5296604 0.68744 0.4968764 0.3536074 0.353526 -0.8660146 0.9330121 -0.06699979 0.3535528 0.7745091 0.4085091 0.482966 0.3535135 0.3535546 -0.8660413 0.4085084 0.774511 0.4829636 0.4084927 0.7745169 0.4829673 0.3535615 0.3535395 -0.8660278 0.9330129 -0.06701856 0.3535472 0.7745065 0.40852 0.4829608 0.353481 0.3535605 -0.866052 0.4084971 0.7745168 0.4829638 0.408501 0.7745158 0.482962 0.3535485 0.3535339 -0.8660355 0.9330125 -0.06699979 0.3535518 0.7745127 0.4084963 0.4829711 0.3535171 0.3535537 -0.8660401 0.4085074 0.7745091 0.4829671 0.4084932 0.7745177 0.4829655 0.3535494 0.3535274 -0.8660377 0.9330152 -0.06698125 0.3535481 0.7745175 0.4084931 0.4829659 0.3534944 0.3535566 -0.8660482 0.4084946 0.7745215 0.4829584 0.4084991 0.7745103 0.4829725 0.3535479 0.3535333 -0.8660359 0.9330115 -0.06699973 0.3535543 0.7745061 0.4085175 0.4829635 0.3535139 0.353555 -0.8660408 0.4085015 0.7745167 0.4829602 0.408499 0.7745101 0.482973 0.3535476 0.353533 -0.8660361 0.9330116 -0.06699973 0.3535541 0.7745087 0.4085106 0.4829652 0.3534937 0.3535586 -0.8660477 0.4085022 0.774518 0.4829574 0.3535388 0.3535388 -0.8660374 0.9330117 -0.0670185 0.3535504 0.7745064 0.4085223 0.4829591 0.3534933 0.3535373 -0.8660565 0.3536508 0.3535572 -0.8659842 0.3532825 0.353536 -0.8661431 0.4085136 0.7745022 0.4829732 0.4084871 0.774525 0.482959 0.9330151 -0.06699997 0.3535446 0.7745146 0.4085009 0.4829641 0.3534015 0.3535447 -0.866091 0.4085013 0.7745165 0.4829606 0.3535183 0.3535221 -0.8660525 0.9330125 -0.06701856 0.3535482 0.774519 0.4084926 0.4829639 0.3535141 0.3535525 -0.8660418 0.4085138 0.7745026 0.4829724 0.4085069 0.7745084 0.482969 0.3535471 0.3535252 -0.8660395 0.9330137 -0.06699991 0.3535487 0.7745136 0.4085015 0.4829652 0.3535151 0.353548 -0.8660433 0.933016 -0.06696259 0.3535495 0.7745077 0.4085101 0.4829674 0.3534979 0.3535546 -0.8660476 0.4085065 0.7745065 0.4829725 0.3535475 0.3535403 -0.8660333 0.9330155 -0.06698131 0.3535471 0.7745066 0.4085224 0.4829586 0.3535177 0.3535478 -0.8660423 0.4084859 0.7745227 0.4829639 0.3535498 0.3535425 -0.8660314 0.9330125 -0.06698107 0.3535553 0.7745304 0.4084628 0.482971 0.3534708 0.353554 -0.866059 0.4085084 0.7745119 0.4829619 0.408523 0.7745032 0.4829635 0.353552 0.3535447 -0.8660295 0.9330129 -0.06699985 0.3535507 0.7745064 0.4085258 0.4829561 0.3534991 0.3535466 -0.8660504 0.4085014 0.7745156 0.4829618 0.4085084 0.7745131 0.4829603 0.3535555 0.3535189 -0.8660386 0.9330116 -0.06701982 0.3535503 0.7745169 0.4084981 0.4829627 0.3534977 0.3535562 -0.8660471 0.4085092 0.7745116 0.4829616 0.4084945 0.7745203 0.4829601 0.3535371 0.3535598 -0.8660295 0.3536362 0.3535279 -0.8660021 0.9330117 -0.06698101 0.3535574 0.7745063 0.4085205 0.4829607 0.3535038 0.3535726 -0.8660379 0.3535632 0.3535452 -0.8660249 0.4085074 0.7745082 0.4829689 0.4085037 0.7745002 0.4829849 0.6152237 0.6152237 0.4929501 0.3535581 0.3535566 -0.8660222 0.7745101 0.4085079 0.4829654 0.3535557 0.3535531 -0.8660246 0.7745156 0.408492 0.4829699 0.3535462 0.353554 -0.8660281 0.7745084 0.4085069 0.482969 0.3535568 0.3535568 -0.8660227 0.7745177 0.4084932 0.4829655 0.353547 0.3535562 -0.8660269 0.7745096 0.4085076 0.4829663 0.3535568 0.3535541 -0.8660237 0.7745153 0.4084919 0.4829704 0.3535542 0.3535542 -0.8660249 0.7745215 0.4084764 0.4829736 0.7745115 0.4085086 0.4829625 0.3535501 0.3535553 -0.866026 0.7745127 0.4085093 0.48296 0.3535462 0.3535567 -0.866027 0.7745051 0.408524 0.4829599 0.353555 0.353555 -0.8660241 0.774516 0.4084922 0.4829691 0.3535469 0.3535548 -0.8660275 0.7745285 0.4084702 0.4829675 0.3535512 0.3535565 -0.8660251 0.7745103 0.4085267 0.4829491 0.3535607 0.3535528 -0.8660227 0.7745237 0.4084776 0.4829692 0.3535485 0.3535564 -0.8660262 0.7745068 0.4085248 0.4829563 0.7745186 0.4084936 0.4829637 -0.8850468 0.3290158 -0.3293036 -0.932655 0.2043442 -0.2973181 -0.9352995 0.1477836 -0.3215197 -0.9353045 0.1477756 -0.3215091 0.1477742 -0.9353042 -0.3215103 0.4506956 -0.7911395 -0.4134875 0.2536302 -0.9273695 -0.2750594 0.3535501 0.3535484 -0.8660289 0.3535645 0.3535527 -0.8660211 0.3535461 0.3535566 -0.8660271 0.3535515 0.3535536 -0.8660261 0.3535647 0.3535529 -0.866021 0.3535463 0.3535542 -0.866028 0.3535463 0.3535555 -0.8660275 0.3535644 0.3535539 -0.8660207 0.3535462 0.3535553 -0.8660276 0.3535651 0.353552 -0.8660212 0.3535466 0.3535557 -0.8660273 0.3535647 0.3535524 -0.8660212 0.3535489 0.3535553 -0.8660266 0.3535648 0.3535532 -0.8660209 0.3535574 0.3535537 -0.8660237 0.353546 0.3535552 -0.8660277 0.3535631 0.3535513 -0.8660224 0.3535471 0.353555 -0.8660273 0.3535669 0.3535538 -0.8660198 0.3535441 0.3535559 -0.8660283 0.3535614 0.3535535 -0.8660221 0.3535493 0.3535559 -0.8660261 0.3535481 0.3535533 -0.8660277 0.3535636 0.3535531 -0.8660214 0.3535452 0.3535557 -0.8660278 0.3535613 0.3535501 -0.8660236 0.3535311 0.3535615 -0.8660312 0.353556 0.353556 -0.8660233 -0.935309 0.1477615 -0.3215023 -0.9162389 -0.0555799 -0.3967582 0.3535328 0.3535098 -0.8660517 -0.04328912 -0.903379 -0.4266525 0.05312222 -0.9319143 -0.358767 0.1477843 -0.9353023 -0.321511 0.1477679 -0.9353095 -0.3214978 -0.9126744 -0.001085519 -0.4086862 -0.8319662 -0.3223061 -0.4516093 -0.7387741 -0.4329048 -0.5165328 -0.4448501 -0.7508716 -0.4881603 -0.475377 -0.7097434 -0.5198856 -0.2013937 -0.883305 -0.4233354 -0.679619 -0.5390635 -0.4975225 -0.6123659 -0.6123767 -0.5000028 -0.6123745 -0.6123709 -0.4999994 -0.6123819 -0.6123629 -0.5000002 -0.6123836 -0.6123629 -0.4999982 -0.6123867 -0.6123643 -0.4999925 -0.6123532 -0.6123846 -0.5000088 -0.6123576 -0.6123794 -0.5000097 -0.612354 -0.6123837 -0.5000088 -0.6123759 -0.6123714 -0.4999973 -0.6123898 -0.6123645 -0.4999886 -0.6123534 -0.6123874 -0.5000052 -0.6123712 -0.6123727 -0.5000013 -0.6123575 -0.6123915 -0.4999949 -0.6123341 -0.612375 -0.5000439 -0.6124097 -0.6123383 -0.4999963 -0.6123459 -0.6123833 -0.5000194 -0.612361 -0.6123717 -0.5000149 0.61237 0.6123778 0.4999964 0.6123759 0.6123678 0.5000015 0.3473106 0.347491 -0.8709911 0.3129034 0.2682389 -0.9111199 0.4322747 0.4143489 -0.8009081 0.4317117 0.4040455 -0.8064567 -0.6123728 -0.6123728 -0.4999992 0.3461613 0.3486607 -0.8709812 0.612377 0.6123695 0.4999981 0.6123732 0.6123681 0.5000045 0.2904102 0.3323 -0.8973509 0.2955877 0.3406635 -0.8925113 0.2841835 0.3134784 -0.9060746 0.6123775 0.61237 0.499997 0.6123719 0.6123727 0.5000004 0.53004 0.6871273 0.4969042 0.4183283 0.4362642 -0.796665 0.3823808 0.4516336 -0.8061093 -0.6123774 -0.6123714 -0.4999954 -0.6123443 -0.6123892 -0.5000141 -0.6123734 -0.6123719 -0.4999995 -0.4850271 -0.7223448 -0.4929167 -0.5297062 -0.6868901 -0.4975875 0.3349294 0.3518564 -0.8740822 0.3546018 0.3321323 -0.87404 0.3213 0.3436713 -0.8824151 0.3250901 0.3262336 -0.8876307 0.1479229 0.4831022 -0.8629781 0.4832615 0.1479769 -0.8628796 0.3262293 0.3250903 -0.8876322 0.3484408 0.3202404 -0.8809286 0.2962372 0.8361051 0.4617055 0.4848146 0.7222077 0.4933263 0.3203536 0.4163525 -0.8508961 0.3520057 0.4694195 -0.8097761 -0.2617521 -0.8517913 -0.4538034 -0.3123896 -0.828043 -0.4655725 -0.1507748 0.6264743 -0.7647202 -0.1508674 0.6264409 -0.7647293 0.6263868 -0.1508818 -0.7647709 0.06768673 0.913771 0.4005511 0.1929608 0.878111 0.437821 0.3041522 0.4076445 -0.860998 -0.1582275 -0.8877572 -0.4322631 -0.1072418 -0.9043939 -0.4130022 0.1198212 -0.9358569 -0.3313834 0.4934772 0.3336185 -0.8032304 -0.612369 -0.6123773 -0.4999983 0.1843656 0.3903028 -0.9020383 0.2888672 0.4887424 -0.8232173 0.01511132 -0.9274324 -0.3736857 0.2926942 0.4035061 -0.8668985 0.3188496 0.3459659 -0.8824073 -0.08993077 0.934153 0.345356 -0.1207235 0.9352269 0.3328309 0.3051208 0.5141084 -0.8016195 0.3084805 0.5143029 -0.8002079 -0.7218982 0.6432507 -0.2551304 0.6432349 -0.7217866 -0.2554858 0.6431213 -0.7220296 -0.255085 -0.1710171 0.6019067 -0.7800394 -0.1706315 0.6017385 -0.7802537 0.6017974 -0.1706652 -0.780201 0.6265378 -0.150766 -0.7646699 0.2822351 0.4168944 -0.8640269 -0.2979741 0.9201644 0.2539861 -0.3478326 0.9092804 0.2285208 0.6123761 0.6123679 0.5000011 0.4163196 0.2407197 -0.8767737 0.279518 0.4142981 -0.8661563 0.3505119 0.3177094 -0.8810234 0.2930858 0.3812599 -0.8767791 0.2784869 0.4121392 -0.8675174 0.264032 0.4732393 -0.8404356 0.2394819 -0.9292076 -0.2814636 -0.4430289 0.8781403 0.1805413 -0.634874 0.7707267 0.05399447 -0.489234 0.8589847 0.1509819 -0.5945001 0.7997204 0.08376711 0.2518889 0.467175 -0.8475255 0.4359514 -0.8814069 -0.1818472 0.3876264 -0.8977836 -0.2091182 0.2903471 -0.9215694 -0.2576988 -0.7217252 0.6433129 -0.2554627 -0.742217 0.6123238 -0.2723484 0.613151 -0.7399145 -0.276717 0.6125115 -0.7421041 -0.2722339 -0.707108 0.7071056 0 -0.7071056 0.707108 0 0.2315686 0.4662299 -0.8538183 0.2305732 0.4598239 -0.8575535 0.5943786 -0.7998622 -0.08327478 0.1705855 0.4386953 -0.8822965 0.4387605 0.1704931 -0.882282 0.438643 0.1705597 -0.8823275 0.2223442 0.4448294 -0.8675771 0.7071056 -0.707108 -5.86024e-7 0.7071075 -0.7071062 2.2067e-7 0.635302 -0.770295 -0.05510932 0.1705273 0.4386929 -0.8823089 0.157029 0.4222176 -0.8927901 0.4221432 0.1571085 -0.8928114 0.4235663 0.1549985 -0.8925061 0.6019218 -0.1709799 -0.780036 0.2813084 0.3535629 -0.8921093 0.3535711 0.2814736 -0.8920539 0.5475203 0.543606 -0.6361714 0.5409162 0.5521275 -0.6344801 0.533375 0.5503458 -0.6423633 0.5553078 0.538404 -0.6338411 0.5376438 0.5520768 -0.6372994 0.5595671 0.5634549 -0.6077856 0.3373782 0.2880276 -0.8962233 0.1547516 0.4235845 -0.8925402 0.2880346 0.3372735 -0.8962604 0.2889348 0.359798 -0.8871651 -0.5946661 0.7996062 0.08368092 -0.6403743 0.766411 0.05035108 0.2574889 0.3788938 -0.8888976 -0.3878816 0.8976649 0.2091546 -0.4339553 0.882129 0.1831156 0.2287805 0.4249774 -0.875816 0.226982 0.4440941 -0.8667523 0.6410475 -0.7658091 -0.05093896 0.5625905 0.5604799 -0.6077451 0.5684816 0.5542631 -0.6079648 0.5604578 0.5626081 -0.6077494 -0.4923462 0.6595809 -0.5679333 -0.4927176 0.6595476 -0.5676498 0.6596125 -0.4925462 -0.5677231 0.2217825 0.4398859 -0.8702373 0.228301 0.4217506 -0.8774994 0.4348748 -0.8816905 -0.1830463 0.5944895 -0.7997885 -0.08319145 0.5332637 0.3251549 -0.7809636 0.553504 0.2487612 -0.7948278 -0.6123754 -0.61237 -0.4999994 0.4513977 0.6452375 -0.6163673 0.4495801 0.645385 -0.6175403 0.6461914 0.4504961 -0.6160276 0.5471485 0.5358647 -0.6430223 0.612371 0.6123731 0.5000011 0.4213958 0.2320705 -0.8766807 0.4810373 0.1707558 -0.8599103 -0.7074429 0.6243343 -0.3312572 -0.5134398 0.628018 -0.5847846 0.6596494 -0.492381 -0.5678235 0.6345093 -0.5979236 -0.4897809 0.628048 -0.5134242 -0.5847662 0.2335184 0.3899285 -0.890744 -0.1320791 0.9358287 0.3267718 -0.2399249 0.9291383 0.2813152 -0.01736986 0.9276453 0.3730583 0.1330649 -0.9352287 -0.3280871 0.3235266 -0.9150435 -0.2408856 0.5873787 0.5945561 -0.5490804 0.5945534 0.5873854 -0.5490761 0.2570134 0.3261969 -0.9096921 0.2908627 0.2919967 -0.9111185 0.2918776 0.2907361 -0.911197 0.2922385 0.2906267 -0.9111164 0.3261896 0.2570081 -0.9096962 0.1956154 0.3976085 -0.896461 0.2133552 0.395006 -0.8935603 0.157846 0.3987378 -0.9033786 0.2164804 0.4055418 -0.8880723 0.2904989 0.2921108 -0.911198 0.1948267 0.3833923 -0.9028029 0.3828026 0.1942447 -0.9031784 0.3855163 0.1924551 -0.902407 0.1584203 0.8896938 0.4281916 0.1022778 0.9056496 0.4115073 0.20937 0.4278866 -0.8792482 -0.1626192 -0.8883056 -0.4294976 0.01698237 -0.9282908 -0.3714673 -0.1891 0.5766809 -0.7947832 -0.1888768 0.5766447 -0.7948626 0.5766144 -0.1889869 -0.7948585 0.2009905 0.4397634 -0.8753349 0.1928898 0.4535711 -0.8700959 0.1922485 0.4596519 -0.8670413 0.2597504 0.8523105 0.4539785 -0.4650723 0.6226403 -0.6293066 -0.2060751 0.5516411 -0.8082234 0.5502492 -0.2068194 -0.8089818 0.5766562 -0.1889342 -0.7948405 0.6225941 -0.4651049 -0.6293283 0.5713468 -0.2615231 -0.7779258 -0.3176978 -0.8253562 -0.4667497 -0.2180301 -0.8691789 -0.4438366 0.310543 0.8291749 0.4647925 0.483248 0.7233356 0.493211 -0.4831227 -0.7234588 -0.4931531 -0.3673956 -0.7990093 -0.4760301 0.1432872 0.4068458 -0.9021891 0.4067115 0.1431393 -0.9022732 0.407072 0.1426941 -0.9021812 0.196183 0.4847103 -0.8523898 0.1902614 0.4611385 -0.8666902 0.1686309 0.4980773 -0.8505779 0.4354118 0.3911972 -0.8107907 0.142974 0.5627953 -0.8141375 0.2472389 0.3379401 -0.9081131 0.1426284 0.4070166 -0.9022166 0.3378856 0.2472455 -0.9081317 -0.2625045 0.5693426 -0.7790638 0.1334617 0.393627 -0.9095306 0.3910092 0.1316615 -0.910921 0.3936443 0.1272355 -0.910415 0.5075535 -0.09664273 -0.8561832 -0.7738411 0.5004965 -0.3881665 0.5459612 -0.7472944 -0.3787842 0.5562427 -0.7732208 -0.3045058 0.2772402 0.2997863 -0.9128342 0.07126259 0.4247568 -0.9024984 0.2997833 0.2772308 -0.9128379 -0.7071084 0.7071052 7.8059e-7 -0.7071081 0.7071055 0 -0.7071062 0.7071074 -1.42174e-7 -0.707106 0.7071077 0 -0.7071081 0.7071055 8.6066e-7 0.1561242 0.477126 -0.8648561 0.1732035 0.4696151 -0.8657149 0.1974743 0.4571166 -0.8672073 0.1379997 0.4850747 -0.8635153 0.1154097 0.4874923 -0.8654664 0.1383649 0.4828194 -0.8647199 -0.6123774 -0.6123662 -0.5000017 -0.612369 -0.6123774 -0.4999983 -0.6123744 -0.6123692 -0.5000016 -0.6123669 -0.612375 -0.5000038 -0.6123719 -0.6123751 -0.4999975 -0.6123692 -0.6123725 -0.5000039 -0.612376 -0.6123715 -0.4999969 -0.6123751 -0.612371 -0.4999985 -0.6123718 -0.6123718 -0.5000017 -0.6123708 -0.6123757 -0.499998 -0.6123848 -0.6123638 -0.4999956 -0.6123703 -0.612374 -0.5000009 -0.6123716 -0.6123754 -0.4999974 -0.6123746 -0.6123694 -0.5000012 -0.6123736 -0.6123715 -0.4999999 -0.6123716 -0.6123731 -0.5000002 -0.6123707 -0.6123759 -0.4999979 -0.612378 -0.6123707 -0.4999954 -0.6123854 -0.6123616 -0.4999974 -0.6123582 -0.6123788 -0.5000098 -0.6123806 -0.6123675 -0.499996 -0.6123729 -0.6123871 -0.4999815 -0.6123108 -0.6123991 -0.5000429 -0.5280083 -0.6887882 -0.4967676 0.1527252 0.4632469 -0.8729705 0.5281595 0.6886742 0.4967649 0.6123629 0.61238 0.5000024 -0.6484842 0.7598691 0.04546856 0.2854239 0.5951977 -0.7511811 -0.7071032 0.7071104 8.02352e-7 -0.5964453 0.7984432 0.08210706 -0.4522536 0.8749565 0.1729677 0.4531769 -0.7821564 -0.427624 0.4548943 -0.7860784 -0.4185115 -0.3311644 0.9132538 0.2372712 -0.1488512 0.9351683 0.321409 0.3095796 -0.8103022 -0.4975651 0.3092342 -0.8202806 -0.4811589 -0.8092941 0.359961 -0.4641889 -0.7617725 0.5064635 -0.403977 -0.125549 0.9353333 0.3307402 0.02814215 0.9214189 0.3875505 0.176814 0.8837193 0.4333325 0.5622304 -0.6393905 -0.5244777 0.1003729 0.479273 -0.8719075 0.1918524 0.3849116 -0.9027934 0.09070414 0.4690761 -0.8784877 0.504786 0.1249527 -0.8541533 0.4681126 0.08980745 -0.8790935 0.4719685 0.08702439 -0.8773099 0.4903301 0.6012241 -0.6309564 0.3386594 0.6417755 -0.6880655 0.6210331 0.2233316 -0.7512928 0.7304223 0.3581166 -0.5815805 0.6444385 0.450483 -0.6178707 -0.821859 0.2595277 -0.5071424 -0.8036162 0.3646485 -0.4703536 -0.5223156 0.5196737 -0.6761108 0.5392266 -0.3971834 -0.7426171 0.5917804 -0.4835538 -0.6449586 0.2757094 0.8454457 0.4573905 0.4807107 0.7253618 0.4927145 -0.7071105 0.7071031 -1.22438e-6 0.09701091 0.5016634 -0.8596062 0.6123751 0.6123706 0.4999989 -0.8203346 0.2076373 -0.5328583 -0.8158921 0.2646025 -0.5141066 0.2075102 -0.8207106 -0.5323287 0.2075812 -0.8202766 -0.5329694 0.4696356 -0.4265934 -0.7729557 0.6269745 0.1566582 -0.763126 -0.6123764 -0.6123661 -0.500003 -0.4061262 0.5172615 -0.7533274 -0.3085039 0.4895961 -0.8155494 0.5175374 -0.2929927 -0.8039344 0.612379 0.6123659 0.5000002 0.534967 0.09160006 -0.8398928 0.08459252 0.5370104 -0.8393235 0.6123663 0.6123751 0.5000042 0.5207197 0.6947467 0.4961632 0.4708282 -0.4217908 -0.7748634 0.3616605 -0.4437701 -0.8199206 0.3630498 -0.4522097 -0.8146786 0.5154944 0.5606294 -0.6480434 -0.7070993 0.7071143 0 -0.7071139 0.7070997 0 -0.7070839 0.7071297 0 -0.7071148 0.7070989 3.97792e-6 -0.7071068 0.7071068 -1.05168e-5 -0.7071202 0.7070934 6.71759e-6 -0.707091 0.7071226 1.58448e-5 -0.4380186 0.4005936 -0.8047761 -0.4420562 0.4023005 -0.8017112 0.04672265 0.382538 -0.9227576 0.4644367 -0.1218194 -0.877188 0.660871 0.6700418 -0.3380733 0.6656143 0.6697188 -0.3292938 0.6731082 0.6614402 -0.3307905 0.6723107 0.6632377 -0.3288071 0.6576078 0.6765269 -0.3314566 0.6671673 0.6785866 -0.3072592 0.3683847 0.112415 -0.9228519 0.4079692 0.06040012 -0.9109957 -0.4512078 0.3262147 -0.8306597 -0.8207543 0.2065823 -0.532622 -0.8207532 0.2073894 -0.53231 0.2064309 -0.8212107 -0.5319768 0.206462 -0.8207834 -0.5326237 0.5877003 0.7444669 -0.3168239 0.5877124 0.7444667 -0.316802 0.744474 0.5877035 -0.3168012 0.6673763 0.6632298 -0.3387259 0.2805965 0.2802985 -0.9179861 0.04829472 0.3821592 -0.9228338 0.2820843 0.2803115 -0.917526 0.3673071 0.04329502 -0.9290915 0.3670108 0.04385823 -0.9291822 -0.4489924 0.2863222 -0.8464192 -0.4465388 0.328001 -0.8324773 0.2861151 -0.4512041 -0.8453125 0.2860018 -0.449073 -0.8464848 0.6820914 0.663548 -0.3073362 0.6758913 0.6699285 -0.3071919 0.6699523 0.6758708 -0.3071851 0.2787569 0.2801609 -0.9185883 0.3257551 0.0324077 -0.9448986 0.3259357 0.03178817 -0.9448574 0.03602063 0.3405488 -0.9395366 0.04718154 0.5404029 -0.8400825 -0.6124202 -0.6123071 -0.5000217 0.03646427 0.3405923 -0.9395038 0.03153109 0.312114 -0.9495214 0.2756338 0.2792911 -0.9197949 0.2795961 0.276546 -0.9194284 0.4152239 0.7580633 -0.5029209 -0.707034 0.7071796 -2.426e-5 -0.8186272 0.04726845 -0.572377 -0.8212761 0.2062983 -0.5319274 0.1115089 -0.8129219 -0.5715975 0.1167664 -0.8224169 -0.5567732 -0.123609 -0.759217 -0.6389917 -0.1234858 -0.771233 -0.6244606 -0.4515057 0.2835225 -0.8460247 -0.4511733 0.2857751 -0.8454439 0.2833508 -0.4534078 -0.8450644 0.2832562 -0.4513588 -0.8461922 0.278586 0.2748785 -0.9202347 0.03185987 0.3121457 -0.9495 0.03087985 0.295642 -0.9547997 0.2958288 0.02705454 -0.9548578 0.2951099 0.03090429 -0.9549635 -0.7190201 -0.2415884 -0.6516481 -0.8056837 0.06137859 -0.5891574 -0.5109395 -0.5112808 -0.6910374 -0.5115108 -0.5112731 -0.6906204 -0.5112954 -0.5109928 -0.6909872 -0.5117949 -0.5112271 -0.690444 -0.511692 -0.5111125 -0.6906052 -0.3952227 -0.6156607 -0.6817337 -0.3961679 -0.6198225 -0.6774004 -0.5763487 -0.4443638 -0.6858302 -0.7135156 -0.2327627 -0.6608457 -0.5759772 -0.4426883 -0.6872245 -0.5114951 -0.5115977 -0.6903917 0.2517592 0.2756736 -0.9276968 0.2617086 0.2564952 -0.9304401 0.02702498 0.2953376 -0.9550107 0.2725238 0.2764581 -0.9215757 0.2583546 0.2599587 -0.9304163 0.2575589 0.2559714 -0.9317414 0.2645354 0.253921 -0.9303469 0.2616165 0.2567522 -0.9303951 0.2515171 0.2621142 -0.9316842 0.1595317 0.3513677 -0.9225457 0.3489102 0.1572022 -0.9238772 0.3600686 0.1500918 -0.9207731 0.6867648 0.6778087 -0.2625441 0.6778147 0.6867587 -0.2625446 -0.4532979 0.2830953 -0.8452089 0.02689337 0.2923292 -0.9559395 0.2925459 0.02304828 -0.9559737 0.2918357 0.02682858 -0.9560922 -0.4560894 0.1679975 -0.8739333 0.2133756 -0.4473844 -0.8685148 0.2168909 -0.4558866 -0.8632067 0.01886266 0.5599885 -0.8282856 0.612372 0.612372 0.5000013 0.6123648 0.6123891 0.499989 0.5659147 0.04109752 -0.823439 0.0401507 -0.419466 -0.9068827 -0.3836901 -0.03816503 -0.9226729 -0.3763681 -0.0370208 -0.9257303 -0.4446321 0.1750769 -0.8784364 -0.2292107 -0.2284283 -0.946194 -0.2286579 -0.2291033 -0.9461646 0.2531486 0.2717747 -0.9284689 0.0231201 0.2920248 -0.9561313 0.2717785 0.2531518 -0.9284669 -0.2302724 -0.22926 -0.945735 -0.2308834 -0.229358 -0.9455622 -0.2304974 -0.2288594 -0.9457771 0.04671519 -0.4117749 -0.9100875 -0.1496909 -0.3078506 -0.9395853 -0.15072 -0.3111154 -0.9383447 0.587558 0.7446003 -0.3167744 0.7310199 0.3581288 -0.5808218 0.810558 0.5097018 -0.2884441 0.7444713 0.5876966 -0.3168208 -0.2778729 -0.1830895 -0.9430085 -0.2775068 -0.1819406 -0.9433385 -0.2297926 -0.2303733 -0.9455811 -0.001406311 0.5560572 -0.8311429 0.08608382 0.4709674 -0.8779404 -0.01388746 0.5425892 -0.8398835 0.5763456 0.01782661 -0.8170117 0.5418951 -0.01453649 -0.8403205 0.5442842 -0.01643204 -0.8387399 0.02092128 0.2488474 -0.9683167 0.2658461 0.02164065 -0.9637727 0.2650167 0.02402228 -0.9639446 0.006665468 0.5976688 -0.8017154 0.6123712 0.6123747 0.4999989 0.2024294 0.03337281 -0.9787281 0.2024941 0.03607296 -0.9786189 0.04667389 0.1721997 -0.9839558 0.0240671 0.2502192 -0.9678902 0.1052008 0.1044853 -0.9889468 0.1043534 0.1054582 -0.9889333 0.1028181 0.1039398 -0.9892548 0.2539966 0.2671453 -0.9295802 0.268067 0.2538221 -0.9293624 0.1013702 0.1038185 -0.9894169 0.1023081 0.1045365 -0.9892448 0.1319916 0.07279467 -0.9885744 0.1320396 0.07207411 -0.9886208 0.0841546 0.1204116 -0.9891507 0.04794096 0.1734196 -0.9836805 0.08444553 0.1208109 -0.9890772 0.1031004 0.1021757 -0.9894092 0.6992639 0.1078436 -0.7066822 0.8073185 0.2561038 -0.5316464 0.2644347 0.2543041 -0.9302709 0.1477401 0.3576046 -0.9221128 0.05544197 0.4380033 -0.8972622 0.4347577 0.05247277 -0.8990176 0.4481369 0.04318141 -0.8929214 0.254426 0.2627581 -0.9307124 0.2554238 0.2566898 -0.9321315 0.2589752 0.2581763 -0.93074 0.2544568 0.2560157 -0.9325813 0.2543858 0.2568785 -0.9323633 0.2601589 0.2545145 -0.9314181 0.2545384 0.2569456 -0.9323032 0.2521228 0.2573546 -0.9328467 0.2567116 0.2551504 -0.9322003 0.2568636 0.2544574 -0.932348 0.6982509 0.09022796 -0.7101441 -0.6123719 -0.6123782 -0.4999936 0.3534638 0.3536086 -0.8660395 0.8415028 -0.5245239 0.1294141 -0.7071072 0.7071064 0 0.353558 0.353558 -0.8660216 -0.5245094 0.8415126 0.1294088 -0.5244979 0.8415195 0.1294103 0.8415014 -0.5245255 0.1294153 -0.707109 0.7071046 -1.39922e-7 0.3536471 0.3535324 -0.8659958 -0.5245043 0.8415157 0.129409 -0.5245094 0.8415124 0.1294103 0.3534736 0.3535701 -0.8660512 0.841501 -0.5245271 0.1294126 -0.7071091 0.7071046 0 0.353575 0.3535206 -0.86603 -0.5245198 0.841506 0.12941 -0.5245263 0.8415026 0.1294045 0.3534809 0.3535775 -0.8660452 0.841502 -0.524527 0.129406 0.3536403 0.3535135 -0.8660062 -0.5244925 0.8415222 0.1294147 -0.5244989 0.8415187 0.1294113 0.3534754 0.3535719 -0.8660497 0.8414937 -0.5245391 0.1294112 -0.7071083 0.7071053 0 0.3535579 0.3535458 -0.8660268 -0.5244929 0.841523 0.1294076 -0.5245159 0.8415089 0.1294062 0.353462 0.3536068 -0.866041 0.8415147 -0.5245046 0.129414 -0.707109 0.7071046 0 0.353568 0.3535318 -0.8660283 -0.5244931 0.8415233 0.1294048 -0.5245096 0.8415127 0.1294064 0.3534814 0.353578 -0.8660449 0.8415026 -0.5245252 0.129409 -0.707109 0.7071046 0 0.3536443 0.3535357 -0.8659955 -0.5245093 0.8415124 0.12941 -0.5244992 0.8415191 0.1294075 0.3534733 0.3535216 -0.8660711 0.8414921 -0.5245417 0.1294108 -0.7071076 0.7071061 0 0.353564 0.3535339 -0.8660291 -0.5245195 0.8415056 0.1294128 -0.5245198 0.841506 0.1294093 0.3534588 0.3535553 -0.8660633 0.841518 -0.5244981 0.1294192 -0.707109 0.7071046 0 0.3536303 0.3535277 -0.8660045 -0.5244819 0.8415285 0.1294164 -0.5244822 0.8415289 0.1294122 0.3534944 0.3535426 -0.866054 0.8414867 -0.5245521 0.129404 -0.707109 0.7071046 -5.59687e-7 0.3534703 0.353585 -0.8660464 -0.5245194 0.8415055 0.1294142 0.3536499 0.3535534 -0.8659861 0.8414902 -0.5245456 0.129408 -0.7071061 0.7071076 5.13045e-7 0.3535013 0.3535013 -0.866068 -0.5245098 0.8415132 0.1294032 -0.5245298 0.8414991 0.1294139 0.3536462 0.3535497 -0.8659891 0.8414745 -0.5245718 0.1294038 -0.707109 0.7071046 -2.79844e-7 0.3533847 0.353614 -0.8660696 -0.5244991 0.8415189 0.1294092 0.3535469 0.3535469 -0.8660308 0.8415148 -0.524504 0.1294162 0.3534739 0.3535825 -0.8660461 -0.5245296 0.8414988 0.1294167 0.3535765 0.3535765 -0.8660066 0.841503 -0.5245254 0.1294063 -0.707109 0.7071046 -3.73125e-7 0.3534688 0.3535956 -0.8660428 -0.524509 0.8415119 0.1294145 -0.5245156 0.8415085 0.1294105 0.3536032 0.353555 -0.8660045 0.8415115 -0.524507 0.1294252 -0.7071083 0.7071053 0 0.3533882 0.3536115 -0.8660691 -0.52453 0.8414994 0.1294111 -0.5245268 0.8415033 0.1293988 0.3535423 0.3536388 -0.8659951 0.8415174 -0.5245006 0.1294128 -0.7071053 0.7071083 -2.79843e-7 0.353487 0.3535352 -0.86606 -0.5245467 0.8414891 0.1294095 0.3535178 0.3535372 -0.8660466 0.8415024 -0.5245262 0.1294073 0.9330136 -0.06697398 0.3535535 0.3536023 0.3535543 -0.8660051 -0.06698477 0.9330121 0.3535557 -0.06700855 0.9330111 0.353554 0.3535208 0.3535402 -0.8660442 0.8415021 -0.524526 0.1294087 0.9330135 -0.06699138 0.3535506 0.3535689 0.3535635 -0.866015 -0.06698411 0.9330145 0.3535494 -0.06700855 0.9330106 0.3535552 0.3535524 0.3535524 -0.8660264 0.8415126 -0.5245094 0.1294088 0.9330145 -0.06699484 0.3535474 0.3535696 0.3535665 -0.8660135 -0.06700849 0.9330101 0.3535565 -0.06698322 0.9330136 0.3535519 0.3535471 0.3535471 -0.8660305 0.8415056 -0.5245195 0.1294128 0.9330137 -0.06697642 0.3535528 0.3535667 0.3535472 -0.8660225 -0.06698465 0.9330106 0.3535595 -0.06700921 0.9330086 0.3535602 0.3535528 0.3535431 -0.8660299 0.8414958 -0.5245364 0.1294077 0.9330162 -0.06696975 0.3535475 0.3536002 0.353554 -0.866006 -0.06700932 0.9330101 0.3535565 0.3535549 0.3535257 -0.8660361 0.8414853 -0.524553 0.1294093 0.9330157 -0.06697511 0.3535477 0.3535997 0.3535559 -0.8660055 -0.06698465 0.9330108 0.3535588 -0.06700772 0.9330107 0.3535549 0.3535518 0.3535518 -0.8660268 0.8415026 -0.5245263 0.1294051 0.9330155 -0.06698018 0.3535474 0.3535703 0.35356 -0.8660158 -0.06700921 0.9330088 0.3535596 -0.06698322 0.9330138 0.3535513 0.3535512 0.3535512 -0.8660272 0.8415222 -0.5244924 0.129415 0.9330138 -0.06700813 0.3535467 0.3535768 0.353558 -0.866014 -0.06700795 0.933014 0.353546 -0.06700772 0.9330106 0.3535552 0.3535553 0.3535553 -0.8660238 0.8414952 -0.5245361 0.1294141 0.9330177 -0.06698173 0.3535411 0.3535746 0.3535582 -0.8660148 -0.06700944 0.9330115 0.3535527 -0.06700623 0.9330131 0.3535488 0.3535439 0.3535634 -0.8660252 0.8415061 -0.5245198 0.1294085 0.9330129 -0.06698644 0.3535533 0.3535767 0.3535627 -0.8660121 -0.06700801 0.9330145 0.3535451 0.3535548 0.3535354 -0.8660323 0.8415221 -0.5244923 0.1294161 0.9330122 -0.06703686 0.3535453 0.3535904 0.3535783 -0.8660001 -0.06698447 0.9330082 0.3535658 -0.06700628 0.9330136 0.3535475 0.3535479 0.3535479 -0.8660299 0.8415157 -0.5245027 0.1294158 0.9330164 -0.06694996 0.353551 0.3536075 0.3535395 -0.8660091 -0.06698489 0.933014 0.3535507 -0.06700789 0.9330134 0.3535476 0.8414959 -0.5245366 0.129407 0.9330183 -0.06697726 0.3535406 0.3535776 0.3535538 -0.8660154 -0.06700938 0.9330105 0.3535552 -0.06700646 0.9330164 0.35354 0.3535356 0.3535745 -0.8660241 0.8415052 -0.5245192 0.1294171 0.9330123 -0.06696408 0.3535589 0.3535656 0.3535394 -0.8660262 -0.06700623 0.9330126 0.3535501 -0.06698483 0.933013 0.3535532 0.3535499 0.3535693 -0.8660203 0.8414909 -0.524542 0.1294171 0.9330165 -0.06699466 0.3535419 0.353611 0.3535211 -0.8660151 -0.06698316 0.9330131 0.3535531 0.3535469 0.3535664 -0.8660227 0.8415214 -0.5244919 0.1294218 0.9330116 -0.06704688 0.3535453 0.3536003 0.3535249 -0.866018 -0.06698304 0.9330112 0.3535582 -0.0669831 0.9330121 0.3535557 0.3535699 0.3535541 -0.8660184 0.9330155 -0.06698334 0.3535468 0.7745323 0.4084733 0.4829589 0.3535309 0.3535522 -0.8660351 0.3535555 0.353538 -0.8660309 0.4084866 0.7745192 0.4829687 0.4084784 0.7745268 0.4829634 0.3535425 0.3535662 -0.8660247 0.9330158 -0.06697183 0.3535484 0.7745229 0.4084885 0.4829611 0.3535521 0.3535473 -0.8660284 0.3535294 0.3535543 -0.8660349 0.4084824 0.7745227 0.4829666 0.4084863 0.7745186 0.4829698 0.3535687 0.3535529 -0.8660194 0.933013 -0.06698483 0.3535532 0.7745258 0.4084867 0.482958 0.3535439 0.353551 -0.8660303 0.3535528 0.3535472 -0.8660282 0.4084827 0.7745233 0.4829655 0.408507 0.774514 0.4829598 0.3535433 0.3535749 -0.8660208 0.933017 -0.06698346 0.3535431 0.7745218 0.4084879 0.4829636 0.3535588 0.3535338 -0.8660312 0.3535284 0.3535569 -0.8660342 0.4084875 0.7745208 0.4829654 0.4084756 0.7745328 0.4829564 0.3535414 0.3535732 -0.8660222 0.9330162 -0.06696033 0.3535493 0.7745364 0.4084631 0.4829611 0.3535565 0.3535375 -0.8660306 0.3535312 0.3535525 -0.8660349 0.4084833 0.7745244 0.4829633 0.408482 0.774522 0.4829683 0.3535702 0.3535622 -0.866015 0.9330165 -0.06696033 0.3535487 0.7745317 0.4084749 0.4829585 0.3535571 0.3535313 -0.866033 0.3535304 0.3535589 -0.8660326 0.4084834 0.7745246 0.4829627 0.4084834 0.7745245 0.482963 0.3535411 0.3535649 -0.8660258 0.933014 -0.06698322 0.353551 0.7745168 0.4084934 0.4829667 0.3535528 0.3535456 -0.8660289 0.3535296 0.353551 -0.8660362 0.40849 0.7745141 0.4829742 0.4085033 0.7745186 0.4829556 0.3535444 0.3535682 -0.8660231 0.9330151 -0.06698495 0.3535476 0.7745221 0.4084873 0.4829634 0.3535482 0.3535474 -0.86603 0.3535448 0.3535519 -0.8660296 0.4084741 0.7745301 0.4829618 0.4085019 0.7745159 0.4829609 0.3535711 0.3535553 -0.8660174 0.9330151 -0.06698328 0.3535481 0.7745178 0.4084959 0.482963 0.3535498 0.3535474 -0.8660293 0.3535398 0.353554 -0.8660308 0.4084818 0.7745217 0.4829688 0.4085098 0.7745078 0.4829674 0.353568 0.353568 -0.8660136 0.7745281 0.4084694 0.4829691 0.3535503 0.3535535 -0.8660266 0.3535432 0.3535646 -0.8660251 0.4084745 0.7745308 0.4829602 0.3535668 0.3535668 -0.8660145 0.9330193 -0.06696057 0.3535411 0.7745127 0.4084986 0.482969 0.3535257 0.3535755 -0.8660277 0.3535597 0.3535436 -0.8660269 0.4084722 0.774524 0.4829732 0.4085028 0.7745176 0.4829577 0.3535447 0.3535605 -0.8660261 0.9330146 -0.06700634 0.3535451 0.7745363 0.408467 0.4829581 0.3535266 0.3535693 -0.8660299 0.3535494 0.3535522 -0.8660275 0.4084886 0.7745114 0.4829797 0.4084813 0.7745206 0.4829711 0.3535471 0.353563 -0.8660242 0.9330136 -0.06696015 0.3535562 0.774515 0.4084944 0.4829689 0.3535443 0.3535657 -0.8660242 0.3535504 0.353559 -0.8660244 0.4084672 0.7745401 0.4829515 0.408509 0.7745062 0.4829707 0.3535491 0.3535491 -0.866029 0.9330126 -0.06700623 0.3535501 0.7745264 0.4084817 0.4829613 0.3535504 0.3535647 -0.8660221 0.3535248 0.3535661 -0.8660319 0.4084836 0.7745249 0.4829623 0.4084932 0.7745226 0.4829579 0.3535466 0.3535466 -0.8660309 0.9330134 -0.06700789 0.3535476 0.7745276 0.4084755 0.4829646 0.3534979 0.3535876 -0.8660342 0.3535577 0.3535577 -0.866022 0.408483 0.7745239 0.4829644 0.40851 0.7745083 0.4829663 0.3535189 0.3535506 -0.8660407 0.9330155 -0.06696194 0.3535512 0.7745139 0.4085078 0.4829593 0.3535029 0.3535777 -0.8660361 0.3535524 0.3535596 -0.8660234 0.4084987 0.7745075 0.4829772 0.3535635 0.3535571 -0.8660199 0.7745213 0.4084932 0.4829599 0.353571 0.3535516 -0.8660191 0.7745224 0.4084938 0.4829577 0.3535629 0.3535532 -0.8660216 0.7745159 0.4085019 0.4829609 0.3535708 0.3535513 -0.8660193 0.7745233 0.4084827 0.4829655 0.3535708 0.3535547 -0.8660178 0.7745173 0.4085026 0.4829582 0.3535626 0.3535594 -0.8660193 0.7745172 0.4085026 0.4829585 0.7745186 0.4085033 0.4829558 0.3535712 0.3535486 -0.8660202 0.3535653 0.3535524 -0.866021 0.774527 0.4084847 0.4829578 0.3535661 0.3535467 -0.866023 0.7745163 0.408513 0.4829511 0.3535783 0.3535395 -0.866021 0.774532 0.4084751 0.482958 0.3535821 0.3535433 -0.8660178 0.7745176 0.4085028 0.4829577 0.3535792 0.3535404 -0.8660202 0.7745427 0.4084468 0.4829646 0.7745292 0.4084858 0.4829533 0.353581 0.3535357 -0.8660214 0.7745071 0.4085203 0.4829598 0.3535866 0.3535349 -0.8660195 0.7745249 0.4084836 0.4829623 0.3535338 0.3535559 -0.8660324 0.3535634 0.353491 -0.8660469 0.3535448 0.3536067 -0.8660072 0.3535367 0.3535544 -0.8660318 0.3535684 0.3535443 -0.866023 0.3535328 0.3535946 -0.8660171 0.3535411 0.3535455 -0.8660337 0.3535573 0.3535332 -0.866032 0.3535315 0.3535934 -0.8660181 0.3535342 0.3535695 -0.8660266 0.3535585 0.3535103 -0.866041 0.3535417 0.3535859 -0.8660169 0.3534993 0.3535612 -0.8660444 0.3535659 0.3535177 -0.866035 0.3535305 0.3536011 -0.8660154 0.3535339 0.3535515 -0.8660342 0.3535596 0.3535355 -0.8660302 0.3535326 0.3535857 -0.8660207 0.3535059 0.353559 -0.8660426 0.3535677 0.3535194 -0.8660334 0.3535414 0.3535856 -0.8660172 0.353542 0.3535596 -0.8660275 0.3536016 0.3535051 -0.8660254 0.3535264 0.3535971 -0.8660187 0.3535106 0.3535636 -0.8660388 0.3535715 0.3535232 -0.8660305 0.3535355 0.3535973 -0.8660148 0.353537 0.3535547 -0.8660315 0.3536146 0.3534216 -0.8660542 0.3535195 0.3535814 -0.8660278 0.3534127 0.3535717 -0.8660753 0.3535938 0.3534491 -0.8660516 0.3535271 0.3535713 -0.8660289 0.3533934 0.3535436 -0.8660948 0.3535664 0.3534699 -0.8660542 0.3535227 0.3536022 -0.8660181 0.3533763 0.3535707 -0.8660906 0.353616 0.3534712 -0.8660334 0.3535163 0.3535605 -0.8660377 0.3534077 0.3535579 -0.866083 0.3535825 0.3535343 -0.8660214 0.3535295 0.3535648 -0.8660305 0.3533939 0.3535618 -0.8660872 0.3535249 0.3535868 -0.8660235 0.3533779 0.3535546 -0.8660966 0.3535217 0.3535659 -0.8660332 0.3537169 0.35356 -0.865956 0.353639 0.3535907 -0.8659753 0.3537965 0.3535431 -0.8659304 0.3536441 0.3535596 -0.8659859 0.353802 0.3535487 -0.8659259 0.3538002 0.3535588 -0.8659225 0.3538087 0.3535432 -0.8659253 0.3536365 0.3535761 -0.8659823 0.3536471 0.3535747 -0.8659785 0.3536458 0.3535492 -0.8659895 0.353646 0.3535494 -0.8659893 0.3537392 0.3535944 -0.8659328 0.3536432 0.3535708 -0.8659818 0.3536679 0.3535714 -0.8659713 0.3537112 0.3535664 -0.8659556 0.3536476 0.353551 -0.865988 0.6123689 0.6123705 0.5000067 0.6033535 -0.01312541 -0.797366 0.6086687 0.7151933 -0.3435419 -0.04666644 0.5989852 -0.7993992 0.7116097 0.7003783 0.0555157 0.7048676 0.7072347 0.05459773 0.704826 0.7072853 0.05447912 0.7004431 0.7117774 0.05246323 0.7008532 0.7111473 0.0554471 0.7072728 0.7048299 0.0545901 0.6546245 0.7539669 0.05478072 0.657298 0.7513409 0.0587033 0.707256 0.7048554 0.05447971 0.751843 0.6570633 0.05477333 0.8121119 0.2564097 -0.5241455 0.8718534 0.4236693 -0.2457154 0.8121778 0.5092124 -0.2847278 0.5686147 0.8001309 -0.1909666 -0.03901851 0.5944167 -0.80321 0.6123813 0.6123654 0.4999978 0.04013645 0.444759 -0.8947505 -0.04627954 0.5111556 -0.8582414 -0.01711606 0.5435627 -0.8391942 0.5066819 -0.0502116 -0.8606697 0.5228148 -0.06236147 -0.8501622 0.7089963 0.7032902 0.05203086 0.7113022 0.7009314 0.05238765 0.7032711 0.7090152 0.05203056 0.2329725 0.2314174 -0.9445474 0.2288296 0.2288324 -0.9461886 0.2280547 0.2296084 -0.9461876 0.7492476 -0.02672004 -0.6617507 0.7625465 0.02562749 -0.6464258 -0.6123761 -0.6123716 -0.4999967 0.2321466 0.2321457 -0.9445721 0.2310258 0.2334155 -0.944534 0.2347059 0.2323122 -0.9438984 0.2321475 0.2321456 -0.9445719 -0.08908861 0.6213681 -0.7784375 0.6123703 0.6123747 0.5 0.2335105 0.2335112 -0.943899 0.2282118 0.2387586 -0.9438822 0.2407442 0.2301956 -0.9428957 0.2335127 0.2335101 -0.9438987 0.6123703 0.6123788 0.4999949 0.6476849 -0.1015487 -0.7551107 -0.08130168 0.6432044 -0.761366 0.6123696 0.6123744 0.5000011 0.2363555 0.2363477 -0.9424839 0.1126077 0.3203913 -0.9405685 0.3286182 0.1203513 -0.9367634 0.3063229 0.1342483 -0.9424138 0.6635354 0.7459031 0.05787432 0.5986072 0.7976096 -0.07408368 0.7534062 0.6549013 0.05902194 0.7924568 0.6064447 0.06509339 -0.1233268 0.6149712 -0.7788459 -0.127668 0.6101488 -0.7819331 0.6462992 -0.09428703 -0.7572366 0.6096265 -0.1281298 -0.7822648 0.6111587 -0.1294775 -0.7808461 0.7037664 0.7090337 0.0445435 0.7090234 0.7037768 0.04454362 0.8721908 0.1557284 -0.4637155 0.01707625 0.4191563 -0.9077535 0.152962 0.3062517 -0.939581 0.06351989 0.3802806 -0.9226874 0.4152435 0.01358407 -0.9096089 0.4347614 -3.29448e-4 -0.9005457 -0.128275 0.6494208 -0.749532 0.6966824 0.7171912 0.01644438 -0.06653022 0.5180522 -0.8527578 -0.1583904 0.5779632 -0.8005442 -0.1299544 0.6106036 -0.7812011 0.5732339 -0.1623863 -0.8031398 0.5878295 -0.1746478 -0.789908 0.7941977 0.6033151 0.07253259 0.830739 0.5499376 0.08626413 0.8743683 0.4230465 -0.237722 0.877601 0.1566116 -0.4530888 0.9209298 0.3401291 -0.1902647 -0.1433181 0.6668097 -0.7313172 0.6123792 0.6123701 0.4999945 -0.1565864 0.6675608 -0.7279034 0.6123782 0.6123684 0.499998 -0.03962808 0.4432398 -0.8955268 -0.08799648 0.4930989 -0.8655115 0.4914133 -0.08941948 -0.866324 0.4991576 -0.09647208 -0.8611242 0.625737 0.7649491 0.1526636 0.7831858 -0.09883618 -0.6138822 -0.6123654 -0.6123654 -0.5000172 -0.6123782 -0.6123697 -0.4999963 0.6123791 0.6123639 0.5000025 0.6955839 -0.19457 -0.6915965 0.6534351 0.6541416 0.380948 0.6535665 0.6535676 0.3817071 0.6548276 0.6518514 0.3824797 0.6539556 0.6532788 0.381535 0.6535716 0.6535606 0.3817104 0.6539813 0.6571631 0.3747602 0.6395403 0.6693925 0.3780236 0.6411896 0.666866 0.3796917 0.6487809 0.6578734 0.3824735 0.6661988 0.6381914 0.3858639 0.6538246 0.6538257 0.380822 -0.2155808 0.6836543 -0.6972386 -0.1932181 0.6859936 -0.7014839 0.6123839 0.6123639 0.4999965 -0.6123799 -0.6123661 -0.4999985 -0.6123872 -0.6123613 -0.4999957 -0.6123613 -0.6123799 -0.5000046 -0.612377 -0.6123701 -0.4999973 -0.6123806 -0.6123687 -0.4999946 -0.6123795 -0.612368 -0.4999967 -0.6123654 -0.6123766 -0.5000036 -0.6123768 -0.6123684 -0.4999998 -0.6123781 -0.6123701 -0.499996 -0.6123749 -0.6123718 -0.4999979 0.6557514 0.6557545 0.374134 0.656465 0.6548644 0.3744413 0.6548769 0.6564516 0.3744431 -0.2419927 0.6728345 -0.6990946 -0.2472621 0.666821 -0.7030017 0.6990737 -0.2181596 -0.680957 0.666315 -0.2477084 -0.7033242 0.6675115 -0.2489107 -0.7017635 0.6439706 0.690593 0.3292161 0.7100325 0.5498542 0.4399026 0.6289182 0.6769437 0.3823731 0.6311964 0.7324089 0.2552811 0.6833032 0.6240332 0.3790504 0.6655058 0.6409553 0.3824635 0.825312 -0.1103017 -0.5537994 0.9228594 0.05847281 -0.3806726 0.6611575 0.6611515 0.3546118 0.6611505 0.6611569 0.3546147 -0.6123709 -0.6123744 -0.4999995 -0.6124109 -0.612339 -0.499994 0.8316218 0.5473017 0.09416025 0.8616091 0.494365 0.1150357 0.922941 0.3399736 -0.180549 -0.2431115 0.6983962 -0.6731566 0.6123684 0.6123762 0.5000005 -0.6123708 -0.6123746 -0.4999995 -0.6123586 -0.6123798 -0.5000079 -0.1483373 0.5237978 -0.8388278 -0.2003124 0.556693 -0.8062059 -0.1789683 0.5827019 -0.7927351 0.5496869 -0.2059146 -0.8095947 0.5591872 -0.2143261 -0.8008583 -0.2771779 0.6339725 -0.7219774 -0.2493796 0.6669831 -0.7020993 0.629776 -0.2805854 -0.72433 0.640401 -0.2908276 -0.7108487 -0.2569174 0.7259799 -0.6379238 0.612365 0.6123772 0.5000035 0.9267025 0.05979233 -0.3710085 0.9573466 0.2607942 -0.1243946 0.6963871 0.6065012 0.3836683 0.6867668 0.6146051 0.3880876 -0.6123757 -0.6123688 -0.5000004 -0.6123462 -0.612396 -0.5000033 0.8210558 -0.1715247 -0.5444691 -0.6123682 -0.6123736 -0.5000039 0.6123591 0.6123823 0.5000045 0.612377 0.612377 0.4999889 0.7218628 -0.2648662 -0.6393435 -0.3084159 0.7168106 -0.6253497 -0.6123729 -0.6123712 -0.5000011 -0.6123652 -0.6123778 -0.5000023 -0.6123641 -0.6123747 -0.5000077 0.884688 0.4411118 0.1508231 0.8616053 0.4924737 0.1229062 0.9583136 0.2612936 -0.1155894 -0.2488855 0.5679863 -0.7845047 -0.3156219 0.6089459 -0.7277141 -0.2945446 0.6358106 -0.7134343 0.6087734 -0.3157587 -0.7277991 0.6031794 -0.3071997 -0.7360727 -0.3393625 0.7228541 -0.6019261 -0.3564634 0.7149355 -0.6014991 -0.3638427 0.7063723 -0.6071711 0.7371625 -0.3365676 -0.5859298 0.7315207 -0.300693 -0.6119324 0.705976 -0.3641742 -0.6074332 0.7067103 -0.3650056 -0.6060787 0.6123694 0.6123735 0.5000024 0.6123692 0.6123785 0.4999966 0.7064147 0.5891273 0.3923105 -0.6123713 -0.6123727 -0.5000011 0.8552017 -0.2284138 -0.4652498 0.9578243 -0.03603923 -0.285086 0.6123755 0.61237 0.4999994 0.6123963 0.6123548 0.4999926 0.6123726 0.6123726 0.4999998 0.6123514 0.6123858 0.5000096 0.612371 0.6123729 0.5000013 0.6123714 0.6123714 0.5000026 0.6123554 0.6123815 0.50001 0.6123636 0.612381 0.5000004 0.6123844 0.6123607 0.4999997 0.6123735 0.6123719 0.4999993 0.6123883 0.6123673 0.4999869 0.6123853 0.6123616 0.4999975 0.6123728 0.6123718 0.5000005 0.6123652 0.6123791 0.5000008 0.6123735 0.6123722 0.4999992 0.6123743 0.6123644 0.5000076 0.6123702 0.612378 0.499996 0.6123711 0.6123711 0.5000033 0.6123748 0.612371 0.4999989 -0.2385774 -0.4598153 0.8553659 -0.2385811 -0.4598122 0.8553665 -0.3535551 -0.3535451 0.8660281 -0.3535595 -0.3535496 0.8660246 -0.6123811 -0.612369 -0.4999937 -0.6123701 -0.6123731 -0.5000022 -0.6123694 -0.6123735 -0.5000024 -0.6123772 -0.6123693 -0.4999981 -0.6123681 -0.6123757 -0.5000014 -0.4598093 -0.2385802 0.8553683 -0.6123633 -0.6123756 -0.5000074 -0.6123752 -0.6123707 -0.4999988 -0.6123703 -0.6123737 -0.5000012 -0.6123681 -0.6123765 -0.5000004 -0.6123642 -0.6123762 -0.5000055 -0.6123766 -0.6123723 -0.4999951 -0.6123809 -0.6123688 -0.4999941 -0.6123539 -0.6123811 -0.5000122 -0.6123727 -0.6123719 -0.5000003 -0.4598096 -0.2385776 0.8553689 0.6123235 0.6124066 0.5000183 0.8520934 -0.238492 -0.4658955 -0.6123694 -0.6123772 -0.4999979 -0.33986 0.7455766 -0.5732457 0.6123697 0.6123754 0.4999998 0.6123768 0.6123704 0.4999973 0.7483388 -0.3551978 -0.5601995 0.6123753 0.6123712 0.4999981 -0.3926737 0.6728966 -0.6269113 -0.365356 0.7062943 -0.6063526 0.6693965 -0.3954219 -0.6289277 0.6763051 -0.4033337 -0.6163874 0.9603435 -0.03436732 -0.2766935 0.9816507 0.1843463 -0.04876756 0.612375 0.6123707 0.4999992 0.005986273 -0.6360334 0.7716384 0.006013631 -0.6360382 0.7716342 -0.6123765 -0.6123707 -0.4999971 -0.6123722 -0.6123731 -0.4999995 -0.636041 0.005997061 0.771632 -0.6123707 -0.6123729 -0.5000017 -0.6123734 -0.6123728 -0.4999985 -0.6360333 0.006019055 0.7716383 0.6123726 0.6123723 0.5000001 0.6123765 0.6123666 0.5000023 0.6123747 0.6123679 0.5000029 -0.3826382 0.740652 -0.5522886 0.7064308 0.5891789 0.3922039 0.8839063 0.4401035 0.1581729 0.7176364 0.5706167 0.3992427 -0.6123682 -0.6123682 -0.5000104 0.9003629 0.389401 0.1941998 0.9817892 0.1853833 -0.0415101 -0.3575542 0.6163499 -0.701618 -0.4290387 0.6422685 -0.6351512 -0.4063534 0.6724451 -0.6186231 0.6427286 -0.4286997 -0.6349147 0.6414046 -0.4264326 -0.6377738 0.6194058 -0.3653004 -0.6949045 -0.4077839 0.7489023 -0.5223578 0.6123703 0.6123732 0.5000017 -0.3897836 0.7465389 -0.5392109 0.6123721 0.6123721 0.5000011 -0.6123704 -0.6123735 -0.5000014 0.6123722 0.6123756 0.4999965 -0.6123892 -0.6123608 -0.4999938 -0.4267146 0.759589 -0.4908558 0.6123798 0.6123677 0.4999968 -0.475063 0.7272956 -0.4953346 -0.4750525 0.7273108 -0.4953223 0.7591017 -0.4472607 -0.4729932 0.7597617 -0.4433536 -0.4756047 0.7270438 -0.4752733 -0.4955025 0.7273983 -0.4757623 -0.4945118 0.8639246 -0.3446706 -0.3672009 0.8815586 -0.3023937 -0.3625089 -0.6123738 -0.61237 -0.5000014 0.6123695 0.6123719 0.5000042 0.9759492 -0.1239894 -0.179304 -0.4603526 0.7478508 -0.4783249 -0.5030539 0.6931788 -0.5161782 -0.4759891 0.7271223 -0.4946995 0.6907129 -0.5049238 -0.5176562 0.694177 -0.5099292 -0.5080261 0.2500004 -0.7499983 0.6123744 0.2499958 -0.7499991 0.6123754 -0.612374 -0.6123717 -0.499999 -0.7500174 0.2499911 0.6123548 -0.6123682 -0.6123747 -0.5000025 -0.6123767 -0.6123679 -0.5000004 -0.6123738 -0.6123704 -0.5000011 -0.7500078 0.2499952 0.6123648 0.977159 -0.1224687 -0.173672 0.9929059 0.1139031 0.03412014 0.7193269 0.5617641 0.4086441 0.7181483 0.5721274 0.396148 0.7255921 0.5520963 0.4107382 0.8991286 0.3892557 0.2001192 -0.6123737 -0.6123681 -0.5000039 -0.4479283 0.6418163 -0.6224403 -0.6123749 -0.6123696 -0.5000007 -0.4780822 0.7587356 -0.4424452 0.6123725 0.6123725 0.5 -0.3535484 -0.353554 0.8660272 -0.3535535 -0.3535549 0.8660249 -0.2253937 -0.4709705 0.8528685 -0.225404 -0.4709699 0.8528661 -0.612368 -0.6123745 -0.500003 -0.6123756 -0.6123693 -0.5 -0.6123477 -0.6123838 -0.5000165 -0.6123737 -0.6123723 -0.4999988 -0.4709665 -0.22539 0.8528716 -0.6123733 -0.6123733 -0.499998 -0.6123776 -0.6123704 -0.4999962 -0.6124553 -0.6123139 -0.4999703 -0.4709721 -0.2253963 0.8528668 0.6123868 0.6123634 0.4999935 0.612362 0.6123737 0.5000115 0.9078455 0.3414992 0.2432999 0.992597 0.115061 0.03888791 -0.5359616 0.6583298 -0.5285331 -0.5119934 0.6914522 -0.5096633 0.6551853 -0.5381309 -0.5302334 0.6516664 -0.5324268 -0.5402339 -0.4932899 0.7702121 -0.4042754 0.6123824 0.6123669 0.4999948 0.04736709 -0.6597381 0.7500014 0.04736304 -0.659742 0.7499982 -0.61237 -0.6123744 -0.5000007 -0.6123737 -0.6123707 -0.5000007 -0.6597391 0.04736518 0.7500007 -0.6123719 -0.6123698 -0.5000041 -0.6123837 -0.6123713 -0.4999876 -0.6123709 -0.6123719 -0.5000026 -0.6123685 -0.6123786 -0.4999974 -0.6597441 0.04737049 0.7499958 0.6123642 0.6123785 0.5000028 -0.6123775 -0.6123703 -0.4999964 0.8648471 -0.3986546 -0.3051457 -0.6123738 -0.6123713 -0.4999996 0.61237 0.6123744 0.5000006 0.7652186 -0.5102854 -0.3924911 -0.5393211 0.7492104 -0.3844692 -0.547556 0.656024 -0.5194372 -0.6123807 -0.612366 -0.4999977 0.7237188 0.5395781 0.4302172 0.9065767 0.3419061 0.2474249 -0.5724657 0.736131 -0.3611014 -0.5629782 0.7431745 -0.3615899 -0.5756619 0.7281077 -0.3721192 0.7569074 -0.5508881 -0.3515875 0.7279329 -0.5758051 -0.3722394 0.7280715 -0.5761104 -0.3714954 0.8812702 -0.4136474 -0.2286018 0.9767605 -0.2036601 -0.06679576 0.6123793 0.6123689 0.4999961 -0.6031026 0.6935048 -0.3941046 -0.5762606 0.7278833 -0.3716312 0.6920124 -0.6042042 -0.3950393 0.6932488 -0.6068359 -0.3887887 0.9771499 -0.2026796 -0.06402468 0.9912309 0.05047589 0.1221209 0.7271592 0.5395453 0.4244176 0.6123759 0.612367 0.5000025 0.3535581 0.3535556 -0.8660226 0.3536344 0.353549 -0.8659942 0.3534105 0.3535695 -0.8660772 0.3535535 0.3535897 -0.8660106 0.3535634 0.3535468 -0.866024 0.3535359 0.3535712 -0.8660253 0.3536301 0.353546 -0.8659971 0.3534139 0.353573 -0.8660743 0.3535602 0.3535564 -0.8660215 0.3534145 0.3535735 -0.8660739 0.3536347 0.3535479 -0.8659945 0.3534177 0.3535591 -0.8660785 0.3535491 0.3535913 -0.8660117 0.3535752 0.3535535 -0.8660165 0.3535347 0.3535524 -0.8660336 0.3536388 0.3535432 -0.8659948 0.353401 0.3535777 -0.8660777 0.3536231 0.3535466 -0.8659997 0.3534267 0.3535681 -0.8660711 0.3536337 0.3535354 -0.8659999 0.353415 0.3535741 -0.8660734 0.3535758 0.3535491 -0.866018 0.3535273 0.3535449 -0.8660396 0.353578 0.3535599 -0.8660127 0.3535461 0.3535823 -0.8660167 0.3536219 0.3535492 -0.8659992 0.3535612 0.3535481 -0.8660244 0.353727 0.3535339 -0.8659625 0.3535622 0.3535473 -0.8660243 0.3537432 0.3535018 -0.8659691 0.3535659 0.3535509 -0.8660214 0.3535607 0.3535411 -0.8660275 0.3537321 0.3534907 -0.865978 0.3535615 0.3535484 -0.8660243 0.3537362 0.3534949 -0.8659747 0.353561 0.3535507 -0.8660234 0.3537309 0.3535137 -0.8659692 0.3536146 0.3535408 -0.8660055 0.3537258 0.3535327 -0.8659635 0.353559 0.3535516 -0.8660239 0.3537372 0.3534958 -0.8659738 0.3535658 0.3535509 -0.8660214 0.3535637 0.353545 -0.8660247 0.3537281 0.353535 -0.8659616 0.3535628 0.3535498 -0.866023 0.3537325 0.3535394 -0.865958 0.3535602 0.3535434 -0.8660267 0.353733 0.3534916 -0.8659773 0.3535664 0.3535459 -0.8660232 0.353726 0.353533 -0.8659633 0.3535588 0.3535532 -0.8660234 0.3537238 0.3534824 -0.8659849 0.353618 0.3535443 -0.8660028 0.3535599 0.3535599 -0.8660202 0.3535714 0.353549 -0.8660199 0.353558 0.3535514 -0.8660244 0.3537348 0.3534935 -0.8659757 0.3535681 0.3535532 -0.8660196 0.3535674 0.353545 -0.8660231 0.3537214 0.3535283 -0.8659671 0.3535358 0.3535569 -0.8660312 0.3535361 0.3535571 -0.8660311 0.3535344 0.3535635 -0.866029 0.3535357 0.3535583 -0.8660307 0.3535386 0.3535549 -0.8660309 0.353536 0.3535587 -0.8660305 0.3535382 0.3535608 -0.8660286 0.3535322 0.3535645 -0.8660296 0.353532 0.3535611 -0.8660311 0.3535383 0.353561 -0.8660284 0.3535314 0.3535606 -0.8660315 0.353541 0.3535604 -0.8660277 0.3535338 0.3535597 -0.8660308 0.3535342 0.3535601 -0.8660305 0.3535284 0.3535576 -0.8660339 0.3535293 0.3535681 -0.8660292 0.3535537 0.3535521 -0.8660259 0.3535591 0.3535494 -0.8660247 0.3535542 0.3535526 -0.8660255 0.3535421 0.3535534 -0.86603 0.3535416 0.3535545 -0.8660299 0.3535528 0.3535561 -0.8660246 0.353542 0.353555 -0.8660294 0.3535594 0.3535497 -0.8660245 0.3535426 0.3535555 -0.866029 0.3535594 0.3535497 -0.8660245 0.353542 0.353555 -0.8660294 0.3535561 0.3535528 -0.8660246 0.3535419 0.3535516 -0.8660309 0.3535587 0.3535522 -0.8660238 0.3535434 0.3535531 -0.8660297 0.3535572 0.3535507 -0.8660249 0.3535412 0.3535541 -0.8660301 0.3535582 0.3535517 -0.8660241 0.3535424 0.3535553 -0.8660291 0.3535567 0.3535503 -0.8660253 0.3535436 0.3535533 -0.8660296 0.3535577 0.3535513 -0.8660245 0.3535417 0.3535546 -0.8660297 0.3535572 0.3535507 -0.866025 0.3535545 0.3535545 -0.8660245 0.3535553 0.3535488 -0.8660266 0.3535549 0.3535516 -0.8660255 0.3535537 0.3535585 -0.8660233 0.3535239 0.3535963 -0.86602 0.3535443 0.3535355 -0.8660365 0.3535396 0.353555 -0.8660305 0.3535997 0.3535528 -0.8660068 0.3535132 0.3535431 -0.8660461 0.3535121 0.3535603 -0.8660394 0.3535547 0.353537 -0.8660315 0.3535456 0.3535711 -0.8660215 0.3534744 0.353571 -0.8660505 0.3535524 0.3535505 -0.8660271 0.3535439 0.353568 -0.8660233 0.353544 0.3535695 -0.8660227 0.3535492 0.3535227 -0.8660396 0.3535904 0.3535548 -0.8660098 0.3535133 0.3535469 -0.8660444 0.3535158 0.353564 -0.8660364 0.3535493 0.3535317 -0.866036 0.3535434 0.353574 -0.8660211 0.3535662 0.3535597 -0.8660176 0.3535137 0.3535436 -0.8660456 0.3535269 0.3535752 -0.8660274 0.3535521 0.3535344 -0.8660337 0.3535447 0.353565 -0.8660243 0.3535644 0.3535547 -0.8660205 0.3535131 0.3535467 -0.8660445 0.3535149 0.3535631 -0.8660373 0.3535476 0.3535388 -0.8660337 0.3535434 0.3535689 -0.8660231 0.3535622 0.3535525 -0.8660222 0.3535136 0.3535509 -0.8660426 0.3535093 0.3535576 -0.8660417 0.3535564 0.3535388 -0.8660302 0.353548 0.3535684 -0.8660216 0.3534867 0.3535833 -0.8660405 0.3535674 0.3535488 -0.8660216 0.3535037 0.3536485 -0.8660069 0.3535438 0.3535744 -0.8660209 0.3535535 0.3535182 -0.8660397 0.3535659 0.3535562 -0.8660191 0.3535342 0.3535752 -0.8660243 0.3535255 0.3535255 -0.8660482 0.3535332 0.3536038 -0.8660131 0.3535319 0.3535319 -0.866043 0.3535897 0.3535509 -0.8660116 0.3535346 0.353572 -0.8660256 0.3535617 0.3535617 -0.8660187 0.3535456 0.3535456 -0.8660318 0.3535647 0.3535583 -0.8660188 0.3535543 0.3535543 -0.8660247 0.3535173 0.3535968 -0.8660224 0.3535213 0.3535521 -0.8660391 0.3534749 0.3536197 -0.8660305 0.3535782 0.3535557 -0.8660144 0.3535305 0.35361 -0.8660116 0.3535304 0.3535304 -0.8660443 0.3534502 0.3535709 -0.8660604 0.3535807 0.3535621 -0.8660109 0.3535691 0.3535691 -0.8660126 0.3535274 0.3535892 -0.8660215 0.3535379 0.3535276 -0.8660423 0.353587 0.3535515 -0.8660125 0.3535737 0.3534772 -0.8660482 0.3535336 0.353622 -0.8660055 0.353539 0.3535532 -0.8660314 0.3535843 0.3535488 -0.8660147 0.3535653 0.3535729 -0.8660126 0.3535966 0.3535483 -0.86601 0.3535281 0.3536076 -0.8660136 0.3535469 0.3535367 -0.8660349 0.3535841 0.3535485 -0.866015 0.3535672 0.3535784 -0.8660096 0.3535419 0.3535215 -0.8660431 0.3534776 0.3535379 -0.8660627 0.3537156 0.3535708 -0.8659521 0.3536526 0.3536043 -0.8659641 0.4695194 -0.7905558 0.3931576 0.4695296 -0.7905429 0.3931716 -0.6123748 -0.6123697 -0.5000007 -0.6123713 -0.6123736 -0.5000001 -0.7905476 0.4695265 0.3931659 -0.6123686 -0.6123731 -0.500004 -0.6123781 -0.6123666 -0.5000002 -0.6123764 -0.6123696 -0.4999987 -0.7905399 0.4695349 0.3931714 0.3144075 -0.7689389 0.5566695 0.3144096 -0.7689357 0.5566726 -0.6123682 -0.612376 -0.5000011 -0.7689337 0.3144183 0.5566706 -0.6123711 -0.6123738 -0.5000001 -0.6123712 -0.6123745 -0.4999992 -0.6123702 -0.6123726 -0.5000025 -0.7689339 0.3144088 0.5566756 -0.1177405 -0.5547562 0.8236399 -0.1177289 -0.5547579 0.8236405 -0.4255356 -0.2777006 0.8612793 -0.2691375 -0.6918889 0.6699663 -0.5669045 -0.4238792 0.706361 -0.566841 -0.4238934 0.7064033 -0.2691627 -0.6918876 0.6699575 -0.5668775 -0.4238868 0.7063781 -0.5668584 -0.4238878 0.7063928 -0.1177406 -0.5547555 0.8236404 -0.1177365 -0.5547549 0.8236415 -0.4255355 -0.2776994 0.8612796 -0.2691363 -0.6918925 0.6699632 -0.566886 -0.4238861 0.7063717 -0.5668592 -0.4238851 0.7063938 -0.4255243 -0.2777066 0.8612828 -0.6123766 -0.6123706 -0.4999974 -0.6123355 -0.612398 -0.500014 -0.4255228 -0.2777112 0.8612822 0.866759 -0.4464324 -0.2223222 -0.6123768 -0.6123677 -0.5000005 -0.5623175 0.7616107 -0.3220998 0.6123551 0.6123855 0.5000053 0.9070699 0.2982934 0.2970611 0.9908968 0.05129325 0.1244691 0.6123765 0.6123692 0.4999991 0.7598501 -0.5737398 -0.3056969 -0.6322517 0.6571321 -0.4104087 -0.6080377 0.6916151 -0.389819 0.6549293 -0.6337118 -0.4116759 0.6599192 -0.6468954 -0.3821427 0.6581093 -0.6078347 -0.44433 -0.269168 -0.6918934 0.6699494 -0.6123913 -0.6123594 -0.4999928 -0.6123595 -0.6123805 -0.5000062 -0.6123769 -0.6123691 -0.4999987 -0.2691684 -0.6918938 0.6699489 -0.6123782 -0.612365 -0.5000022 -0.6123674 -0.6123763 -0.5000016 -0.6123902 -0.6123616 -0.4999915 -0.2691475 -0.6918836 0.6699677 -0.6123752 -0.6123699 -0.4999997 -0.6123597 -0.6123806 -0.5000057 -0.6123886 -0.6123625 -0.4999924 -0.6597455 0.04736548 0.7499949 -0.7934166 -0.109431 0.5987611 -0.7934467 -0.1094344 0.5987207 -0.7934165 -0.1094345 0.5987609 -0.7934473 -0.1094277 0.5987212 -0.6597461 0.04736924 0.7499942 -0.7934293 -0.1094228 0.5987461 -0.79343 -0.1094395 0.5987421 -0.6597407 0.04737168 0.7499988 -0.6123647 -0.6123763 -0.5000049 -0.6597445 0.04736155 0.7499962 -0.6123694 -0.6123755 -0.5 -0.6123879 -0.6123624 -0.4999935 -0.6123645 -0.6123766 -0.5000049 -0.612386 -0.6123656 -0.4999918 -0.6123663 -0.612376 -0.5000033 -0.6123739 -0.6123739 -0.4999965 -0.5982217 0.7451249 -0.2948215 0.7298125 0.5200543 0.4437538 0.9061264 0.2988376 0.2993847 0.2104153 -0.7358863 0.6435813 0.2103973 -0.7358878 0.6435855 0.04825884 -0.867106 0.4957807 0.04825907 -0.8671061 0.4957802 0.2104165 -0.7358888 0.6435779 0.2104058 -0.7358866 0.643584 0.04827368 -0.8670992 0.4957909 -0.612367 -0.6123732 -0.5000058 -0.6210994 0.6612508 -0.4206935 -0.6123596 -0.6123778 -0.5000092 -0.6123724 -0.6123667 -0.500007 0.04828011 -0.8671016 0.4957863 -0.6123757 -0.6123676 -0.500002 -0.6123617 -0.6123757 -0.5000093 0.04828739 -0.8671002 0.4957877 -0.6123738 -0.6123684 -0.5000032 -0.6123598 -0.6123785 -0.5000082 0.04828679 -0.8670968 0.4957939 -0.6123686 -0.6123794 -0.4999963 -0.6123714 -0.612376 -0.499997 0.01172345 0.6253429 -0.7802621 0.01175528 0.6253398 -0.7802641 0.3535247 0.3535536 -0.866037 0.353581 0.3535472 -0.8660168 0.6253244 0.01173657 -0.7802768 0.01172345 0.6253477 -0.7802581 0.01175528 0.6253408 -0.7802634 0.3535261 0.353554 -0.8660363 0.3535804 0.3535465 -0.8660172 0.6253145 0.01173371 -0.7802847 0.01170748 0.6253396 -0.7802649 0.01175528 0.6253417 -0.7802625 0.35351 0.3535559 -0.8660421 0.3535813 0.3535454 -0.8660174 0.6253142 0.01173371 -0.7802849 -0.6123343 -0.6124235 -0.4999843 -0.6124004 -0.6123619 -0.4999787 -0.6123967 -0.612361 -0.4999843 -0.6123907 -0.6123623 -0.4999902 -0.6123514 -0.612379 -0.5000178 0.6253666 0.01173514 -0.7802429 -0.6123341 -0.6124055 -0.5000066 -0.6124116 -0.6123547 -0.499974 -0.6123577 -0.6123808 -0.5000079 -0.6124164 -0.6123473 -0.4999771 0.6253666 0.01174312 -0.7802429 -0.6123595 -0.6123595 -0.5000318 -0.6123572 -0.6123773 -0.5000128 -0.6123237 -0.612411 -0.5000125 -0.6123522 -0.6123877 -0.5000061 -0.6123598 -0.6123875 -0.4999971 0.6253656 0.01173913 -0.7802436 -0.6123701 -0.6123794 -0.4999943 -0.6005372 0.7423053 -0.2972169 0.6122806 0.6124211 0.5000528 -0.2657415 -0.4362081 0.8597115 -0.2657259 -0.4362073 0.8597168 -0.5813141 -0.07983636 0.8097532 -0.6123679 -0.6123765 -0.5000006 -0.6123789 -0.6123679 -0.4999977 -0.6123697 -0.6123743 -0.5000013 -0.2657403 -0.4362053 0.8597134 -0.265712 -0.4362119 0.8597189 -0.5813339 -0.07983088 0.8097394 -0.6123743 -0.6123719 -0.4999985 -0.6123704 -0.612374 -0.5000007 -0.6123771 -0.612368 -0.4999998 -0.2657094 -0.4362266 0.8597121 -0.2657632 -0.4361986 0.8597097 -0.5813329 -0.07983464 0.8097398 -0.6123809 -0.6123694 -0.4999933 -0.612376 -0.6123687 -0.5000004 -0.6123748 -0.6123702 -0.5 -0.5812911 -0.07982969 0.8097704 -0.5812938 -0.07983005 0.8097683 -0.629277 0.7548647 -0.1849051 -0.6450861 0.7204436 -0.2546076 0.6123824 0.6123666 0.4999949 -0.6252581 0.7359763 -0.2595983 0.6123804 0.612367 0.4999969 -0.6626015 0.7084785 -0.2429352 -0.662097 0.7091018 -0.2424919 0.7420232 -0.6338039 -0.21839 0.7356441 -0.644479 -0.2085055 0.7089943 -0.6621825 -0.242573 0.7090269 -0.6623172 -0.2421091 0.8600371 -0.4802319 -0.1723768 -0.6123907 -0.6123815 -0.4999666 -0.7798746 0.3642486 0.5090368 -0.9096469 0.1970956 0.3656443 -0.9096439 0.197099 0.3656502 -0.9096486 0.1970872 0.3656449 -0.9096428 0.1971055 0.3656493 -0.7798714 0.364251 0.5090403 -0.9096488 0.1971012 0.3656368 -0.9096593 0.1970703 0.3656274 -0.7798749 0.3642457 0.5090386 -0.6123794 -0.6123687 -0.4999961 -0.7798747 0.3642446 0.5090398 0.8574332 -0.5026977 -0.1100165 0.9606214 -0.2734484 0.04932123 0.1107299 -0.6926449 0.7127285 0.1107314 -0.6926469 0.7127264 -0.6123773 -0.6123681 -0.4999995 -0.6123855 -0.6123638 -0.4999948 0.1107295 -0.6926445 0.712729 0.1107307 -0.692646 0.7127274 -0.6123805 -0.6123667 -0.4999972 -0.6123785 -0.6123713 -0.4999939 0.1107369 -0.6926415 0.7127308 0.110705 -0.6926628 0.712715 -0.6123769 -0.6123678 -0.5000004 -0.6124003 -0.6123521 -0.4999908 -0.6123993 -0.6123447 -0.5000012 -0.6123766 -0.6123574 -0.5000134 -0.6123668 -0.6123742 -0.5000049 -0.6123867 -0.6123619 -0.4999955 -0.6123681 -0.612373 -0.5000047 -0.612385 -0.6123651 -0.4999936 -0.6123769 -0.6123744 -0.4999922 -0.6123734 -0.6123734 -0.4999979 0.7342641 0.5201805 0.4361978 0.6123515 0.6123903 0.5000039 -0.6890944 0.6741949 -0.2657259 -0.6624019 0.7089192 -0.2421926 0.6735388 -0.6895704 -0.2661546 0.6737123 -0.6905223 -0.2632312 0.9606726 -0.273145 0.0500018 0.9769886 -0.004978537 0.2132331 -0.2657451 -0.4362107 0.8597092 -0.2657416 -0.4362033 0.8597141 -0.5813192 -0.07983011 0.8097502 -0.6123791 -0.6123698 -0.4999952 -0.612386 -0.6123617 -0.4999965 -0.5813187 -0.0798375 0.8097497 0.8507813 -0.5141157 -0.1088859 -0.6123684 -0.6123729 -0.5000044 -0.6668508 0.6498542 -0.3646912 -0.6123737 -0.6123702 -0.5000013 0.6123715 0.6123737 0.4999997 0.898088 0.260703 0.3542203 0.9768585 -0.004680335 0.2138355 -0.7156357 0.6371187 -0.286261 -0.6910532 0.6729835 -0.2637019 0.6365144 -0.7160273 -0.2866257 0.636628 -0.7170769 -0.283735 0.1107187 -0.6926508 0.7127246 0.1107121 -0.6926527 0.7127237 -0.6123697 -0.6123786 -0.4999959 -0.6123623 -0.6123769 -0.5000069 -0.61236 -0.6123793 -0.500007 0.5435444 -0.7853832 0.2961975 0.5435447 -0.7853835 0.2961959 -0.6123706 -0.6123732 -0.5000013 -0.6123747 -0.6123698 -0.5000005 -0.7853875 0.5435387 0.2961964 -0.6123731 -0.6123698 -0.5000025 -0.6123729 -0.6123729 -0.4999989 -0.6123777 -0.6123696 -0.4999971 -0.7853879 0.5435384 0.2961958 -0.7637384 0.2948249 0.5742664 -0.6123772 -0.6123698 -0.4999973 -0.6123671 -0.6123762 -0.500002 -0.7637252 0.2948319 0.5742805 -0.6123731 -0.6123768 -0.4999939 -0.6123709 -0.6123709 -0.5000037 -0.7637267 0.2948324 0.5742781 -0.6123749 -0.6123749 -0.4999942 -0.6123636 -0.6123771 -0.5000051 -0.6123998 -0.6123535 -0.4999897 -0.7637284 0.2948253 0.5742795 -0.6123542 -0.6123851 -0.5000068 -0.7637405 0.2948179 0.5742671 -0.6123827 -0.6123518 -0.5000126 -0.7637311 0.2948185 0.5742795 -0.6123708 -0.6123714 -0.5000033 -0.3324123 0.7732667 -0.5399636 -0.3323954 0.7732771 -0.5399593 0.7732847 -0.3323921 -0.5399503 -0.6123769 -0.6123666 -0.5000017 -0.3324124 0.7732631 -0.5399689 -0.3323937 0.7732781 -0.5399588 0.7732724 -0.3324005 -0.5399629 -0.6123738 -0.6123715 -0.4999994 -0.3323997 0.7732759 -0.5399581 -0.3323894 0.7732763 -0.539964 0.7732924 -0.3323765 -0.5399489 -0.6123805 -0.612361 -0.5000043 -0.6123153 -0.6124107 -0.5000232 0.7732549 -0.3324192 -0.5399763 -0.6123788 -0.6123399 -0.5000321 -0.6123332 -0.6123809 -0.5000378 0.7732673 -0.3324108 -0.5399637 -0.6123664 -0.6123664 -0.5000149 -0.6123559 -0.6124036 -0.4999822 0.7732567 -0.332412 -0.5399782 0.7286239 0.510101 0.4570606 0.720543 0.5138069 0.4656397 0.6123726 0.6123735 0.4999986 0.8976188 0.2610667 0.3551405 0.502169 -0.7897776 0.3522468 0.5021722 -0.7897774 0.3522425 0.3305028 -0.9192306 0.2139698 0.3305069 -0.9192284 0.2139725 0.5021622 -0.7897811 0.3522486 0.5021706 -0.7897768 0.3522463 0.3305127 -0.9192231 0.2139866 -0.6123729 -0.6123731 -0.4999988 -0.6123686 -0.6123732 -0.5000039 -0.6123763 -0.6123729 -0.4999948 -0.7337707 0.6252891 -0.2656956 -0.6123683 -0.6123769 -0.4999996 -0.612366 -0.612376 -0.5000038 -0.6123771 -0.6123622 -0.500007 -0.7637263 0.2948283 0.5742807 -0.6123784 -0.612369 -0.499997 -0.6123735 -0.6123698 -0.5000019 -0.6123713 -0.6123752 -0.499998 -0.7637282 0.2948271 0.574279 0.3305069 -0.9192286 0.2139724 -0.6123628 -0.6123805 -0.5000022 0.330514 -0.9192252 0.2139759 -0.6123685 -0.6123766 -0.4999997 0.3305047 -0.9192329 0.2139571 -0.6123735 -0.6123667 -0.5000057 -0.6647913 0.7285874 -0.1649637 0.6123664 0.612376 0.500003 0.6430872 -0.7537139 0.1354776 0.643091 -0.7537112 0.1354755 -0.6123748 -0.61237 -0.5000002 -0.753691 0.6431128 0.1354839 -0.6123726 -0.6123748 -0.499997 -0.6123754 -0.612372 -0.4999971 -0.6123754 -0.6123712 -0.4999979 -0.7537197 0.6430814 0.1354731 0.4618102 -0.7904151 0.4024615 0.4618099 -0.7904126 0.402467 -0.6123685 -0.6123751 -0.5000016 -0.6123783 -0.6123711 -0.4999945 0.4618092 -0.7904133 0.4024664 0.4618131 -0.7904126 0.4024633 -0.6123723 -0.6123744 -0.4999979 -0.612369 -0.6123762 -0.4999998 0.4618178 -0.7904069 0.402469 0.4618176 -0.7904082 0.4024669 -0.6123717 -0.6123746 -0.4999983 -0.6123689 -0.6123761 -0.4999999 -0.6123727 -0.6123695 -0.5000032 -0.6123811 -0.6123622 -0.5000022 -0.6123703 -0.6123828 -0.4999902 -0.1088894 0.08444672 -0.9904605 0.08443826 -0.1088961 -0.9904604 0.3355776 -0.1926081 -0.9221117 -0.1926029 0.3355841 -0.9221103 0.5772749 -0.1442704 -0.8037038 -0.1442769 0.5772652 -0.8037096 0.7446961 0.02315461 -0.6670019 0.02314913 0.7446913 -0.6670075 0.7930232 0.2648252 -0.548618 0.2648325 0.793026 -0.5486105 0.7093095 0.5159757 -0.4802595 0.5159729 0.7093129 -0.4802575 -0.6123892 -0.612348 -0.5000095 -0.6123473 -0.6123958 -0.5000024 -0.7071015 0.7071121 0 -0.7071033 0.7071104 -8.86459e-6 0.353544 0.3535513 -0.8660301 -0.6123694 -0.6123775 -0.4999977 0.3535783 0.3535602 -0.8660125 0.7070927 -0.707121 -7.09192e-6 -0.6123961 -0.6123535 -0.4999944 0.7071174 -0.7070962 5.31854e-6 -0.6123593 -0.6123877 -0.4999974 -0.6123712 -0.6123757 -0.4999974 -0.6762438 0.7257163 -0.1266106 0.4618012 -0.7904166 0.4024691 0.461809 -0.7904154 0.4024623 -0.6123897 -0.6123619 -0.4999919 -0.6123656 -0.6123832 -0.4999953 -0.6123685 -0.6123781 -0.499998 -0.6123747 -0.6123728 -0.4999968 0.1585263 0.5245142 -0.8365132 0.1585249 0.5245099 -0.8365162 0.5245285 0.1584927 -0.8365107 0.1585519 0.5245105 -0.8365107 0.1585246 0.5245071 -0.836518 0.5245255 0.1584901 -0.8365131 0.1585245 0.5245083 -0.8365172 0.1585261 0.5245155 -0.8365125 0.5245224 0.1584866 -0.8365157 -0.6124174 -0.6123265 -0.5000014 -0.6123272 -0.6123846 -0.5000405 -0.6124526 -0.612314 -0.4999735 0.5245206 0.1584894 -0.8365162 -0.612429 -0.6123424 -0.4999676 -0.6123209 -0.6124071 -0.5000208 -0.6124506 -0.612312 -0.4999784 0.5245208 0.1584961 -0.8365148 -0.6124091 -0.6123225 -0.5000163 -0.6123345 -0.6123824 -0.5000345 -0.6124539 -0.6123153 -0.4999703 0.5245251 0.1584907 -0.8365132 -0.250007 0.749992 -0.6123794 -0.2499978 0.7499934 -0.6123815 0.7500105 -0.249994 -0.612362 -0.6123703 -0.6123703 -0.5000053 -0.2499918 0.750004 -0.6123709 -0.2500131 0.7499969 -0.6123709 0.7500052 -0.250009 -0.6123624 0.749996 -0.250027 -0.6123663 -0.61237 -0.61237 -0.5000061 -0.6123674 -0.6123816 -0.4999951 0.7500179 -0.2499793 -0.612359 -0.6123875 -0.6123591 -0.499998 -0.7651659 0.6181435 0.1800557 -0.895414 0.4427032 0.04741001 -0.8954111 0.4427089 0.0474115 -0.895414 0.4427032 0.04741024 -0.8954031 0.4427252 0.04741191 -0.7651641 0.6181465 0.1800529 -0.8954138 0.4427049 0.04739826 -0.8954249 0.442682 0.0474044 -0.612369 -0.6123752 -0.500001 -0.765164 0.618146 0.1800551 -0.7651603 0.6181514 0.1800525 -0.6123712 -0.6123744 -0.4999993 -0.6123853 -0.6123661 -0.499992 -0.6123776 -0.6123706 -0.4999961 -0.612375 -0.612375 -0.4999938 -0.6123673 -0.6123814 -0.4999954 -0.6123844 -0.6123652 -0.4999942 0.8227609 -0.5679761 -0.0216248 -0.6123687 -0.6123746 -0.500002 0.0560438 0.5972381 -0.8001036 0.0560429 0.5972288 -0.8001107 0.5972353 0.05603235 -0.8001066 -0.6123709 -0.6123754 -0.4999983 0.5972443 0.05602747 -0.8001 -0.6123772 -0.6123772 -0.4999884 -0.6123514 -0.6123719 -0.5000265 -0.6123597 -0.6123844 -0.5000012 -0.6123806 -0.6123657 -0.4999982 0.6123667 0.6123756 0.5000032 0.7142266 -0.6905686 -0.1139973 -0.1584764 -0.5245397 0.8365067 -0.1584939 -0.5245174 0.8365173 -0.5245206 -0.1584807 0.8365178 -0.6123926 -0.6123626 -0.4999874 -0.6123493 -0.6123907 -0.5000061 -0.6123806 -0.612371 -0.4999918 -0.1584935 -0.5245158 0.8365184 -0.1584947 -0.5245217 0.8365146 -0.5245207 -0.1584992 0.8365143 -0.6123918 -0.6123679 -0.499982 -0.6123635 -0.6123801 -0.5000016 -0.6123765 -0.6123765 -0.4999901 -0.1585076 -0.524511 0.8365188 -0.1584956 -0.524521 0.8365148 -0.5245196 -0.1584914 0.8365164 -0.6123889 -0.6123697 -0.4999833 -0.6123812 -0.6123647 -0.4999989 -0.612369 -0.6123785 -0.4999967 -0.6123994 -0.6123444 -0.5000014 -0.5245339 -0.1585053 0.8365048 -0.6123515 -0.6123731 -0.5000249 -0.5245127 -0.1584857 0.8365219 -0.6123492 -0.6123731 -0.5000277 -0.5245167 -0.1584869 0.8365191 -0.7289023 0.6759374 -0.1086747 -0.7320142 0.6721105 -0.1114567 0.700753 -0.7076907 -0.09010696 0.6721014 -0.7320212 -0.111467 0.6721105 -0.732021 -0.1114123 0.8280459 -0.560128 0.02442932 0.9284383 -0.3321971 0.1662751 -0.2500106 0.7500017 -0.612366 -0.2500067 0.7500001 -0.6123695 0.7500132 -0.250001 -0.6123558 -0.2499929 0.7500055 -0.6123688 -0.2500039 0.7499966 -0.6123751 0.7500123 -0.2500075 -0.6123543 -0.2499803 0.7500215 -0.6123542 -0.2499904 0.7500029 -0.612373 0.7500041 -0.2499991 -0.6123677 -0.6124171 -0.6123304 -0.4999968 -0.6123567 -0.6123771 -0.5000137 -0.6123681 -0.6123681 -0.5000107 0.7500142 -0.249998 -0.6123558 -0.6123764 -0.6123591 -0.5000116 -0.6123464 -0.6123812 -0.5000213 -0.6124023 -0.6123503 -0.4999907 0.7500072 -0.2499778 -0.6123728 -0.6123809 -0.6123463 -0.5000216 -0.6123497 -0.6123844 -0.5000132 -0.6123956 -0.6123609 -0.4999858 0.7500169 -0.2499788 -0.6123605 -0.7711734 0.6019462 0.2072498 -0.6123816 -0.6123665 -0.4999962 -0.612378 -0.6123713 -0.4999945 -0.6123799 -0.6123685 -0.4999957 -0.612372 -0.6123764 -0.4999958 -0.7711601 0.6019601 0.207259 -0.6123784 -0.6123672 -0.4999993 -0.6123743 -0.6123721 -0.4999981 -0.6124162 -0.6123471 -0.4999774 -0.7711734 0.6019462 0.2072499 -0.6124157 -0.6123466 -0.4999786 -0.7711662 0.6019561 0.2072482 -0.6123998 -0.6123653 -0.4999754 -0.7711659 0.6019559 0.2072499 -0.7132394 0.6932168 -0.1036342 0.9284321 -0.332219 0.1662659 0.9507315 -0.05172258 0.3056706 -0.6123724 -0.612377 -0.4999946 -0.6107056 0.7680514 -0.1927067 -0.6107061 0.7680481 -0.1927178 0.7680357 -0.6107228 -0.1927145 -0.6123731 -0.6123754 -0.4999957 -0.6107004 0.7680548 -0.1927095 -0.610713 0.7680447 -0.1927099 0.7680398 -0.6107181 -0.1927137 -0.6123668 -0.6123806 -0.499997 -0.6107051 0.7680507 -0.1927105 -0.610704 0.7680535 -0.1927032 0.7680394 -0.6107198 -0.1927096 -0.6123766 -0.6123766 -0.49999 -0.6123557 -0.6123761 -0.5000162 0.768068 -0.6106855 -0.1927043 -0.6123495 -0.6123903 -0.5000063 -0.612348 -0.6123889 -0.5000099 0.7680644 -0.6106906 -0.1927024 -0.6123681 -0.6123681 -0.5000109 -0.6123633 -0.6123633 -0.5000224 0.7680725 -0.6106811 -0.1926999 -0.7586151 0.6371874 -0.1359977 -0.7320443 0.6720842 -0.1114184 0.6370555 -0.75871 -0.1360868 0.6370304 -0.758838 -0.1354893 -0.6123878 -0.6123589 -0.4999978 -0.6123394 -0.6123962 -0.5000115 -0.6123812 -0.6123667 -0.4999964 0.881126 0.2294049 0.4135099 0.9507234 -0.05170899 0.3056982 0.2499808 -0.7500128 0.6123647 0.249989 -0.7500078 0.6123675 -0.6123893 -0.6123606 -0.4999938 -0.6123322 -0.6123942 -0.5000228 -0.7499994 0.2499973 0.6123743 -0.6123744 -0.6123703 -0.5000002 -0.612371 -0.612371 -0.5000035 0.2499916 -0.7500157 0.6123567 0.2500052 -0.7500008 0.6123695 -0.6123892 -0.6123653 -0.4999883 -0.6123269 -0.6124014 -0.5000203 -0.7500079 0.2500125 0.6123576 -0.6123719 -0.6123719 -0.5000016 -0.6123799 -0.6123704 -0.4999933 0.249997 -0.7499985 0.6123755 0.2500159 -0.7499959 0.612371 -0.6123754 -0.6123754 -0.4999927 -0.6123257 -0.6124084 -0.5000132 -0.7500129 0.2499845 0.6123631 -0.612365 -0.6123815 -0.499998 -0.6123791 -0.6123695 -0.4999957 -0.6123357 -0.612374 -0.5000432 -0.7500081 0.2499879 0.6123675 -0.6123692 -0.6123692 -0.500008 -0.7500025 0.2499909 0.6123732 -0.6123605 -0.6123797 -0.5000057 -0.7500006 0.2500051 0.6123698 -0.7814888 0.6036636 -0.1576882 -0.7589435 0.6368841 -0.135586 0.6002215 -0.7836836 -0.1599195 0.6002793 -0.7834866 -0.1606661 -0.7711654 0.6019549 0.2072541 -0.6123581 -0.6123798 -0.5000087 -0.6123718 -0.6123681 -0.5000062 -0.7711718 0.6019479 0.207251 -0.6123726 -0.6123726 -0.4999997 0.7221622 0.4950647 0.4831075 0.8809992 0.2295347 0.413708 -0.6123834 -0.6123572 -0.5000053 -0.6123688 -0.6123688 -0.5000089 -0.7499765 0.2500158 0.6123948 -0.7500221 0.2499908 0.6123492 -0.612356 -0.6123836 -0.5000067 -0.6123719 -0.6123719 -0.5000013 0.2499776 -0.7500038 0.6123771 0.2500467 -0.7499983 0.6123556 -0.7218 0.6891943 -0.06337326 0.6123753 0.6123718 0.4999974 -0.5245028 -0.1584981 0.8365257 -0.1585093 -0.5245157 0.8365156 -0.1584656 -0.5245273 0.8365164 -0.5245053 -0.1584929 0.8365251 -0.1584866 -0.5245271 0.8365126 -0.1584854 -0.5245233 0.8365153 -0.5245341 -0.1584852 0.8365085 -0.6123621 -0.6123923 -0.4999884 -0.6113671 -0.612998 -0.5004636 -0.6123743 -0.6123667 -0.5000047 -0.6122886 -0.6124238 -0.5000397 -0.6123633 -0.6123772 -0.5000054 -0.6123575 -0.6123802 -0.5000089 -0.6123985 -0.6123515 -0.4999937 -0.5245319 -0.158496 0.8365079 -0.5245107 -0.1584839 0.8365234 -0.158517 -0.5245135 0.8365154 -0.1584719 -0.524515 0.8365229 -0.5244951 -0.1584908 0.8365319 -0.1585169 -0.5245072 0.8365193 -0.1584861 -0.5245213 0.8365164 0.4362709 0.2429192 0.8664052 0.2429059 0.4362645 0.8664122 -0.5245355 -0.158481 0.8365084 0.4362398 0.2429432 0.8664142 0.2429362 0.4362493 0.8664113 -0.5245035 -0.1585075 0.8365234 0.7309229 0.4913527 0.4736288 0.6123847 0.612356 0.5000052 0.7071021 -0.7071115 -9.20898e-7 0.7071054 -0.7071082 5.75558e-7 -0.612376 -0.6123703 -0.4999983 -0.7071068 0.7071068 0 -0.6123751 -0.6123707 -0.4999989 -0.6123748 -0.6123704 -0.4999997 -0.7071013 0.7071124 -9.20892e-7 0.1584756 0.5245177 -0.8365206 0.1584849 0.5245169 -0.8365194 0.5244845 0.1584864 -0.8365393 0.1584694 0.5245182 -0.8365215 0.5244995 0.1584833 -0.8365306 0.1585022 0.5245212 -0.8365134 0.1584809 0.5245419 -0.8365044 0.5245207 0.1585011 -0.8365139 0.5245032 0.1584908 -0.8365268 -0.3882749 -0.1648277 -0.9066832 -0.3883068 -0.1648356 -0.9066681 -0.1647883 -0.3882764 -0.9066897 0.5244808 0.1584885 -0.8365414 -0.3882787 -0.1648293 -0.9066814 -0.3883075 -0.1648263 -0.9066696 -0.1647874 -0.3882795 -0.9066886 -0.3882887 -0.1648246 -0.9066779 -0.3883096 -0.1648464 -0.906665 -0.1648282 -0.3883025 -0.9066713 0.5245483 0.1584602 -0.8365043 0.2499933 -0.7500026 0.6123719 0.2499948 -0.7500014 0.6123728 -0.74999 0.2500047 0.6123828 0.2499997 -0.7499992 0.6123735 0.2500162 -0.7499972 0.6123693 -0.7499908 0.2500174 0.6123766 -0.7500028 0.2500104 0.6123649 -0.6123855 -0.6123718 -0.4999849 -0.7500153 0.2499899 0.612358 0.2499916 -0.7499986 0.6123775 0.2500145 -0.7499939 0.612374 0.6124048 0.6123567 0.4999796 -0.7499894 0.2500024 0.6123844 0.2500114 -0.7499988 0.6123694 0.2500123 -0.7500014 0.6123657 -0.7500179 0.2499902 0.6123546 0.6520135 0.1238263 0.7480278 0.1238402 0.6520237 0.7480165 -0.7500027 0.2500107 0.6123648 0.6520322 0.1238238 0.7480118 0.1238246 0.6520246 0.7480183 -0.7500042 0.2500132 0.612362 -0.6123721 -0.6123739 -0.4999986 -0.5914938 0.7745289 -0.2241436 -0.5915101 0.7745147 -0.2241489 0.7745116 -0.5915162 -0.2241441 -0.6123638 -0.6123779 -0.5000041 -0.5915153 0.7745152 -0.224134 -0.5914946 0.7745278 -0.2241447 0.7745217 -0.5915035 -0.2241426 -0.612374 -0.6123709 -0.5000002 -0.591511 0.7745138 -0.2241501 -0.5914975 0.7745316 -0.224124 0.7745165 -0.5915097 -0.2241442 -0.6123937 -0.6123418 -0.5000116 -0.6123986 -0.6123555 -0.4999888 -0.6123706 -0.6123706 -0.5000046 0.7745341 -0.5914891 -0.2241376 -0.6123671 -0.6123844 -0.499992 -0.6123945 -0.6123443 -0.5000076 -0.6123793 -0.6123793 -0.4999833 0.7745338 -0.5914889 -0.2241392 -0.612389 -0.6123543 -0.5000022 -0.6123836 -0.6123644 -0.4999963 0.7745175 -0.5915103 -0.2241389 0.7071076 -0.7071061 -1.4998e-6 0.7071076 -0.7071061 1.4998e-6 0.5287529 -0.8392561 -0.1267668 -0.6123702 -0.6123733 -0.5000017 0.5287533 -0.8392567 -0.126761 0.7071039 -0.7071097 3.9995e-6 0.7071078 -0.7071058 -1.99974e-6 0.5287433 -0.8392621 -0.126766 -0.6123653 -0.6123765 -0.5000038 -0.6123707 -0.6123787 -0.4999945 -0.61238 -0.6123687 -0.4999954 -0.6123693 -0.612375 -0.5000007 -0.6123746 -0.6123701 -0.5000002 -0.6123521 -0.6123934 -0.4999991 -0.517983 0.7885819 -0.3314095 -0.5179583 0.7885936 -0.3314203 0.7885652 -0.5180026 -0.3314189 -0.6123487 -0.6123902 -0.5000074 -0.6123607 -0.612378 -0.5000077 -0.612358 -0.6123827 -0.5000052 0.7885769 -0.5179935 -0.331405 -0.6123684 -0.6123684 -0.5000101 -0.6123697 -0.6123778 -0.4999969 0.5287433 -0.8392629 -0.1267613 -0.6123772 -0.6123718 -0.4999951 0.5287449 -0.839262 -0.1267608 -0.6123771 -0.6123717 -0.4999953 0.5287415 -0.8392634 -0.126766 -0.6123777 -0.6123777 -0.4999873 -0.7938119 0.5922281 -0.1383063 -0.612374 -0.6123691 -0.5000022 -0.6123726 -0.6123673 -0.5000063 -0.2500102 0.7499986 -0.61237 -0.2499956 0.7500029 -0.6123706 0.7499883 -0.2500057 -0.6123844 -0.6123719 -0.6123734 -0.4999995 -0.2499785 0.7500122 -0.6123662 -0.2500088 0.7499849 -0.6123874 0.7499982 -0.2500036 -0.6123732 -0.6123854 -0.6123663 -0.4999918 -0.2499905 0.7500099 -0.6123643 -0.2500079 0.7499949 -0.6123756 0.7500019 -0.2500049 -0.6123682 -0.6376571 -0.02718579 -0.7698406 -0.6376262 -0.02718335 -0.7698662 0.7499912 -0.249997 -0.6123844 -0.1648151 -0.3882696 -0.9066878 -0.02717542 -0.6376452 -0.7698507 -0.6376215 -0.02720236 -0.7698695 -0.6376284 -0.02719306 -0.769864 0.7499977 -0.2499864 -0.6123809 -0.1648251 -0.3882727 -0.9066847 -0.02716565 -0.6376346 -0.7698599 -0.637629 -0.02720755 -0.769863 -0.6376156 -0.02718287 -0.769875 -0.1648311 -0.3882659 -0.9066866 -0.02715474 -0.6376299 -0.7698642 0.7500026 -0.2499498 -0.6123897 0.5915001 -0.7745221 0.2241502 0.5915114 -0.7745175 0.2241359 -0.6123793 -0.6123649 -0.5000009 -0.7745243 0.5915017 0.2241383 -0.6123747 -0.6123706 -0.4999998 -0.6123744 -0.6123721 -0.499998 0.5915049 -0.7745211 0.224141 0.5915111 -0.7745173 0.2241377 -0.6123624 -0.6123768 -0.500007 -0.7745166 0.5915106 0.2241417 -0.612374 -0.6123699 -0.5000013 -0.6123723 -0.6123747 -0.4999974 0.5915207 -0.7745105 0.2241357 0.5914943 -0.7745265 0.2241499 -0.6123904 -0.6123665 -0.4999854 -0.7745426 0.5914784 0.2241365 -0.6123797 -0.6123715 -0.4999924 -0.6123716 -0.612374 -0.4999993 -0.6123827 -0.6123611 -0.5000014 -0.7745214 0.5915051 0.2241396 -0.6123781 -0.6123709 -0.499995 -0.7745203 0.5915043 0.2241449 -0.7745214 0.5915051 0.2241392 0.705551 0.498139 0.5040391 0.7180338 0.4884179 0.4958584 0.6123713 0.6123744 0.4999989 0.7071029 -0.7071107 0 0.7071112 -0.7071024 9.74466e-7 -0.6123776 -0.6123707 -0.499996 0.7071146 -0.707099 0 0.7071078 -0.7071059 0 -0.6123812 -0.6123674 -0.4999955 0.707099 -0.7071146 0 0.7071185 -0.7070951 2.92336e-6 -0.6123755 -0.6123709 -0.4999983 -0.612362 -0.6123899 -0.4999914 -0.612371 -0.6123803 -0.4999921 -0.6123655 -0.6123872 -0.4999904 0.7071031 -0.7071105 0 0.7071031 -0.7071105 -2.4819e-6 -0.6123825 -0.6123642 -0.4999978 -0.612374 -0.6124498 -0.4999033 -0.6123714 -0.6123749 -0.4999984 -0.6123832 -0.6123657 -0.4999952 -0.6123671 -0.6123738 -0.5000051 -0.7214739 0.6905726 -0.05084228 0.612373 0.612373 0.4999986 0.8041779 -0.5927376 0.04427242 -0.6123951 -0.6123561 -0.4999924 0.6123675 0.6123742 0.5000041 0.6831265 -0.7300532 -0.0189889 0.5915184 -0.7745103 0.2241423 0.5915036 -0.7745208 0.2241454 -0.7745272 0.5914933 0.2241504 0.5915021 -0.7745188 0.2241562 0.5914911 -0.7745285 0.2241521 -0.7745265 0.591495 0.2241484 -0.7745131 0.5915094 0.2241569 -0.612349 -0.6123799 -0.5000196 -0.7745075 0.5915222 0.2241424 0.5915138 -0.7745123 0.224148 0.5915045 -0.7745208 0.224143 0.6123713 0.6123736 0.5000002 -0.7745218 0.5915029 0.2241439 0.6123677 0.6123762 0.5000014 0.5915126 -0.7745153 0.2241401 0.5914861 -0.7745352 0.2241421 -0.7745205 0.5915048 0.2241431 0.8324185 0.1108669 0.542944 0.1108558 0.832407 0.5429638 -0.7745221 0.5915004 0.2241489 0.8324166 0.1108805 0.542944 0.1108791 0.8324121 0.5429513 -0.7745257 0.5914968 0.224146 -0.4827393 -0.5628587 -0.6709343 -0.562852 -0.4827603 -0.670925 -0.4827446 -0.5628454 -0.6709417 -0.5628489 -0.4827673 -0.6709225 -0.4827377 -0.5628569 -0.670937 -0.5628539 -0.4827595 -0.6709238 -0.158481 -0.5245217 0.8365172 -0.1584612 -0.5245339 0.8365132 -0.5245175 -0.1584826 0.8365194 -0.6123653 -0.6123653 -0.5000175 -0.6123315 -0.6124042 -0.5000113 -0.6124983 -0.6122558 -0.4999887 -0.5245217 -0.158481 0.8365172 -0.6123474 -0.6123887 -0.5000107 -0.5915192 0.7745109 -0.224138 -0.5914927 0.7745292 -0.224145 0.7745434 -0.591478 -0.224135 -0.6123675 -0.6123757 -0.5000022 -0.5915166 0.774514 -0.2241347 -0.5915015 0.7745233 -0.2241419 0.7745194 -0.591508 -0.2241386 -0.6123493 -0.6123824 -0.5000163 -0.5914999 0.7745255 -0.2241388 -0.5914808 0.7745425 -0.2241309 0.7745357 -0.5914882 -0.2241344 -0.8461076 -0.01223015 -0.532872 -0.8461231 -0.01221549 -0.5328475 0.7745183 -0.5915074 -0.2241437 -0.02720195 -0.6376447 -0.7698503 -0.01222753 -0.8461095 -0.5328689 -0.8461214 -0.01222449 -0.5328501 -0.846123 -0.01223474 -0.5328474 0.7745117 -0.5915153 -0.2241458 -0.02724051 -0.6376464 -0.7698476 -0.01221877 -0.8461173 -0.5328568 -0.8461314 -0.01224511 -0.5328337 -0.8461056 -0.01221638 -0.5328753 -0.02720224 -0.6376569 -0.7698401 -0.01222664 -0.8461174 -0.5328563 0.7745185 -0.5915076 -0.2241426 -0.6522454 -0.4334185 -0.6218717 -0.4333881 -0.6522461 -0.6218921 -0.6522468 -0.4334145 -0.621873 -0.4333854 -0.6522517 -0.6218882 -0.6522312 -0.4334171 -0.6218876 -0.4333984 -0.6522518 -0.621879 0.2499595 -0.7500191 0.6123657 0.2500166 -0.7499796 0.6123908 -0.6124066 -0.6123459 -0.4999906 -0.6124259 -0.6123167 -0.5000028 -0.7500122 0.2500157 0.6123512 -0.6121653 -0.6125063 -0.5000898 -0.6124106 -0.6122893 -0.5000552 -0.7500044 0.2499858 0.6123728 -0.6123751 -0.612379 -0.4999888 -0.7070922 0.7071213 -3.63802e-6 -0.7071195 0.7070941 -7.27579e-6 0.353563 0.3535346 -0.8660293 0.3535385 0.3535527 -0.8660318 0.1584448 0.5245113 -0.8365305 0.1584967 0.5245321 -0.8365076 0.5245096 0.1584942 -0.8365222 0.3535568 0.3535426 -0.8660285 -0.6123965 -0.6123619 -0.4999837 0.3535367 0.3535651 -0.8660275 0.7071141 -0.7070996 0 -0.6123603 -0.6123745 -0.5000125 -0.6123709 -0.612385 -0.4999865 -0.6124237 -0.6123216 -0.4999996 -0.6123638 -0.612372 -0.5000113 -0.6123975 -0.6123571 -0.4999881 -0.6123743 -0.6123743 -0.4999955 -0.6123587 -0.6123763 -0.5000122 0.5245338 0.1585211 -0.8365018 -0.4222877 -0.2196516 -0.8794466 -0.4222564 -0.2195889 -0.8794773 -0.2195915 -0.422245 -0.8794822 -0.6123471 -0.6123897 -0.5000099 -0.6123813 -0.6123671 -0.4999958 -0.6123718 -0.6123778 -0.4999944 -0.612313 -0.6124742 -0.4999482 -0.6123804 -0.612361 -0.5000043 0.7071031 -0.7071104 0 -0.6123421 -0.6123421 -0.5000745 -0.2500757 0.7500022 -0.612339 -0.2499802 0.749997 -0.6123842 0.7499994 -0.2500373 -0.612358 -0.6483576 -0.09480214 -0.7554106 -0.6482654 -0.09481096 -0.7554886 0.7500225 -0.2499887 -0.6123495 -0.2195357 -0.422321 -0.8794596 -0.09490907 -0.6483704 -0.7553861 -0.7269573 -0.4280564 -0.5369367 -0.4280579 -0.7269613 -0.53693 -0.01221585 -0.8461147 -0.532861 -0.7269562 -0.4280607 -0.5369346 -0.4280568 -0.7269594 -0.5369334 -0.01221585 -0.8461185 -0.5328549 -0.7269746 -0.4280515 -0.536917 -0.4280462 -0.7269647 -0.5369348 -0.01221585 -0.8461101 -0.5328683 0.5914843 -0.7745311 0.224161 0.5915141 -0.7745203 0.2241194 -0.6123464 -0.6123767 -0.5000268 -0.7745144 0.5915047 0.2241644 -0.6124452 -0.612336 -0.4999556 -0.7745075 0.5915278 0.2241274 -0.4979771 -0.5695737 -0.6539149 -0.5696231 -0.4979527 -0.6538905 -0.7324748 0.679991 -0.03306072 0.7070846 -0.707129 0 0.7074697 -0.7067438 0 -0.6123148 -0.6123875 -0.5000522 -0.5915434 0.7744975 -0.2241208 -0.5914428 0.7745713 -0.2241314 0.7744981 -0.591529 -0.2241568 -0.8374019 -0.08126085 -0.5405135 -0.8374817 -0.08123219 -0.5403941 0.7745257 -0.5914992 -0.2241402 -0.09470307 -0.6482921 -0.7554793 -0.08123773 -0.8374302 -0.5404732 -0.64931 -0.4539879 -0.610157 -0.4539099 -0.6493707 -0.6101506 -0.7162724 -0.4490988 -0.5341013 -0.4491754 -0.7162253 -0.5341 -0.08118903 -0.8374422 -0.540462 0.7352762 -0.6555004 0.1723028 0.7094752 -0.7047295 0.00118637 -0.6122753 -0.6124462 -0.5000286 -0.7073179 0.7068956 0 -0.7066004 0.7076128 2.5308e-4 0.7694393 -0.6291141 0.1103571 -0.7074465 0.706767 -5.6632e-5 0.7846407 -0.6151192 0.07724994 -0.7071068 0.7071068 1.41421e-4 -0.7387129 0.6737719 -0.01829993 -0.6123319 -0.6124135 -0.4999995 -0.7680629 0.6106918 0.1927045 -0.6123568 -0.6123808 -0.5000091 -0.6123577 -0.6123827 -0.5000055 -0.7680552 0.6107007 0.1927066 -0.7745341 0.5914869 0.2241435 -0.612374 -0.6123616 -0.5000114 -0.6123667 -0.6123763 -0.5000024 -0.7745247 0.5914996 0.2241428 -0.6123946 -0.6123563 -0.4999927 -0.6123756 -0.6123756 -0.4999924 0.7745237 -0.5915013 -0.224141 0.7745251 -0.5914986 -0.2241436 -0.7745123 0.5915133 0.2241488 -0.6123678 -0.6123738 -0.5000041 -0.6123709 -0.6123755 -0.4999981 -0.7745304 0.5914931 0.2241395 -0.6123484 -0.6123892 -0.5000092 -0.7680577 0.6106987 0.1927033 -0.6123598 -0.6123775 -0.5000092 -0.6123611 -0.6123778 -0.5000073 -0.7680553 0.6107008 0.1927059 -0.7745462 0.5914766 0.2241292 -0.6123685 -0.6123726 -0.5000048 -0.6123573 -0.6123812 -0.5000079 -0.7745036 0.5915225 0.2241551 -0.6123468 -0.612385 -0.5000162 -0.6123581 -0.6123927 -0.4999928 0.7745155 -0.5915102 -0.224146 0.7745161 -0.5915106 -0.2241432 -0.774514 0.5915145 0.2241401 -0.6123694 -0.6123744 -0.5000014 -0.6123735 -0.6123689 -0.5000031 -0.7745291 0.5914924 0.2241464 -0.6122927 -0.6124559 -0.4999955 -0.7680628 0.6106914 0.1927055 -0.6123665 -0.6123709 -0.5000092 -0.6123337 -0.6124005 -0.5000132 -0.7680594 0.6106961 0.1927047 -0.774551 0.5914672 0.2241368 -0.6123709 -0.6123668 -0.5000089 -0.7745059 0.5915243 0.2241426 -0.6123917 -0.6123533 -0.4999998 -0.6123856 -0.6123509 -0.5000104 0.7745159 -0.5915101 -0.2241447 0.7745167 -0.5915107 -0.2241412 -0.7745239 0.5915018 0.2241391 -0.6123668 -0.6123749 -0.5000041 -0.6123766 -0.6123628 -0.5000068 -0.774537 0.5914851 0.2241379 -0.7411491 0.6712774 -0.009216427 -0.740296 0.6721588 -0.01282846 0.6124237 0.6123458 0.4999699 0.6123498 0.6123885 0.5000083 0.6123673 0.6123756 0.5000026 0.6123601 0.6123808 0.5000051 0.6123796 0.6123685 0.4999963 0.6123607 0.612379 0.5000066 -0.6123712 -0.6123747 -0.4999988 -0.6123803 -0.6123704 -0.499993 -0.6431052 0.7537001 -0.1354694 -0.6123714 -0.6123714 -0.5000027 -0.6430855 0.7537155 -0.1354777 -0.6123812 -0.6123651 -0.4999983 -0.6123671 -0.6123762 -0.5000022 -0.6123882 -0.6123651 -0.4999899 -0.6123569 -0.6123824 -0.5000069 -0.6123844 -0.6123667 -0.4999923 -0.6123518 -0.6123766 -0.5000204 -0.6123842 -0.6123699 -0.4999889 -0.6123692 -0.6123766 -0.4999989 -0.6123824 -0.6123652 -0.4999969 -0.6123597 -0.6123804 -0.5000059 0.6124119 0.6123532 0.4999753 0.6123612 0.6123808 0.5000036 0.6123761 0.6123677 0.5000014 0.6123834 0.6123653 0.4999955 0.6123751 0.6123711 0.4999984 0.6123699 0.6123738 0.5000014 0.6123696 0.6123747 0.5000008 0.6123722 0.6123704 0.5000029 0.6123793 0.6123674 0.4999978 0.6123601 0.6123817 0.5000038 -0.6123722 -0.6123722 -0.5000007 -0.6123668 -0.6123789 -0.4999989 0.7745178 -0.5915062 -0.2241485 0.9290808 0.2075462 0.3061594 0.7745289 -0.591493 -0.2241453 0.916123 0.3879403 0.1010993 0.3879343 0.9161247 0.1011075 0.6036894 0.7970324 -0.0172829 0.7970343 0.6036868 -0.01728183 0.2075383 0.9290786 0.3061712 -0.7742669 -0.4138174 -0.4788172 -0.8450353 -0.2762845 -0.4578016 -0.8960817 -0.1376852 -0.4219958 -0.9333521 0.05436474 -0.3548218 0.7543673 0.4396635 0.4874691 0.7174364 0.4955309 0.4896267 0.8317755 0.3047351 0.4639893 0.9196556 0.03790235 0.3908929 0.9037059 -0.3704506 0.2146673 0.9081921 -0.3529696 0.2249439 0.8915632 0.1669993 0.4209827 0.932657 -0.06827449 0.3542452 -0.9337367 0.06159108 -0.3526222 -0.8514634 0.5068211 -0.1346949 -0.9001116 0.3805288 -0.2121256 -0.9274954 0.2526924 -0.2754971 0.7776479 -0.6255301 0.06305438 0.8543391 -0.4992107 0.1445453 0.3726245 -0.9015314 -0.2199822 0.4940196 -0.8567481 -0.1480788 0.6123974 -0.7873176 -0.07141906 0.6253851 -0.7777894 -0.06274849 -0.03715997 -0.918914 -0.3927039 -0.02384334 -0.9216105 -0.3873832 0.2862954 -0.9225659 -0.2586644 -0.4383385 -0.7530218 -0.4907318 -0.3330658 -0.818349 -0.4683719 0.6123697 0.6123774 0.4999973 0.7745094 -0.591516 -0.2241516 0.6123774 0.6123709 0.4999959 0.612371 0.6123735 0.5000005 0.7745231 -0.5914994 -0.224148 0.3536019 0.3535292 -0.8660155 0.3535683 0.3535364 -0.8660262 0.3535568 0.3535143 -0.8660401 0.3535196 0.3535611 -0.8660361 -0.591508 0.7745212 -0.2241324 -0.5915189 0.7745116 -0.2241365 -0.5915143 0.7745164 -0.2241322 -0.5915184 0.7745103 -0.2241423 0.6123799 0.6123676 0.4999968 0.6123687 0.6123701 0.5000075 0.6123591 0.6123785 0.5000091 0.6123856 0.6123707 0.4999861 0.6123695 0.6123766 0.4999986 0.6123679 0.6123609 0.5000197 0.6123651 0.6123782 0.500002 0.6123735 0.6123735 0.4999975 0.6123602 0.6123749 0.500012 -0.8357542 0.548148 -0.03238391 -0.8360614 0.5477098 -0.0318644 -0.6123746 -0.6123713 -0.4999988 0.8123783 -0.5831169 -0.004025638 0.7982923 -0.6008722 0.04101258 0.7678792 -0.6242434 0.1438115 0.7667797 -0.6269038 0.1379876 0.828903 -0.5541913 -0.07610499 0.8811968 -0.3794528 0.2819713 0.6473003 -0.7611427 0.04079765 0.6188388 -0.785287 0.01905083 0.6188352 -0.7852913 0.01899629 -0.3537936 -0.3534933 0.8659519 -0.3535763 -0.3535853 0.8660031 -0.3535391 -0.3535301 0.8660408 -0.3534349 -0.3535634 0.8660697 -0.3535607 -0.3535607 0.8660195 -0.3535657 -0.3535657 0.8660154 -0.3535456 -0.3535241 0.8660405 -0.3537945 -0.3535199 0.8659406 -0.5428367 -0.7616403 -0.3538818 -0.4680767 -0.7670192 -0.4388462 -0.7616528 -0.5428221 -0.3538774 -0.7123084 -0.6322088 -0.3048422 -0.6322264 -0.7122952 -0.3048366 -0.7670027 -0.4681071 -0.4388426 -0.1239464 -0.9578387 -0.259196 -0.123969 -0.9578357 -0.2591959 -0.3535741 -0.3535442 0.8660207 -0.3535102 -0.3535885 0.8660287 -0.3536106 -0.3536106 0.8659787 -0.3535357 -0.3535357 0.8660399 -0.3535365 -0.3535838 0.86602 -0.6123712 -0.6123747 -0.4999988 0.6123716 0.6123731 0.5000001 0.6123962 0.6123607 0.4999853 0.3536562 0.3535753 -0.8659745 0.3537456 0.3535783 -0.8659368 0.3535088 0.3536105 -0.8660203 0.3536449 0.3535269 -0.8659988 0.6521051 0.5705587 0.4992211 0.6894939 0.5273318 0.4965072 0.7653408 0.4227278 0.4853401 -0.3533698 -0.3536676 0.8660538 0.3535488 0.3535741 -0.8660188 0.3536579 0.3535127 -0.8659995 -0.3535593 -0.3535078 0.8660416 -0.3534198 -0.3535388 0.866086 -0.5457625 -0.6739298 -0.4979577 -0.6123704 -0.612375 -0.4999994 -0.3534219 -0.3535712 0.8660718 -0.353781 -0.3536831 0.8658796 -0.3535161 -0.3536108 0.8660172 -0.3535616 -0.3536044 0.8660013 -0.3535442 -0.3535649 0.8660244 -0.3535526 -0.3534842 0.866054 -0.3536133 -0.3535408 0.8660061 -0.3531744 -0.3536522 0.8661397 -0.3536002 -0.3534983 0.8660289 -0.8116322 0.5841333 -0.006443083 -0.8113586 0.5845087 -0.006851851 -0.3534426 -0.3535161 0.8660858 -0.3535733 -0.3534987 0.8660396 -0.3537424 -0.353525 0.8659598 -0.3533023 -0.3535814 0.8661164 -0.9578347 -0.1239569 -0.2592055 0.5842586 -0.8115428 -0.006354033 0.584375 -0.8114541 -0.006947219 -0.9578387 -0.1239482 -0.2591947 -0.7853012 0.6188211 0.01904195 -0.7852758 0.6188542 0.01900851 0.3536032 0.3535116 -0.8660222 0.3534452 0.3536241 -0.8660407 0.3536291 0.3534167 -0.8660503 -0.6181457 0.7651638 -0.1800563 -0.7532026 0.5849131 -0.3009363 -0.7532094 0.5849019 -0.300941 -0.612366 -0.6123775 -0.5000017 -0.7532073 0.584908 -0.3009344 -0.7532112 0.5849013 -0.3009374 -0.7704638 0.6372022 0.01895034 -0.7815643 0.6234191 0.02249538 0.5515496 -0.8336013 -0.03003555 0.5579254 -0.8281124 -0.05430799 -0.6123618 -0.6123819 -0.5000016 -0.6019515 0.7711683 -0.2072531 -0.6019493 0.7711702 -0.207253 -0.6123626 -0.6123827 -0.4999997 -0.601948 0.7711715 -0.2072516 -0.6019456 0.7711732 -0.2072522 0.5915247 -0.7745074 0.2241362 0.591493 -0.7745289 0.2241452 -0.1239607 -0.9578348 -0.2592033 0.353314 0.3535599 -0.8661205 0.3533825 0.353563 -0.8660913 0.3534592 0.3535627 -0.86606 0.3535311 0.3535311 -0.8660436 0.3536655 0.353509 -0.8659978 0.3534916 0.3535128 -0.8660672 -0.5915094 0.7745143 -0.2241528 -0.5915035 0.7745209 -0.2241448 -0.6123729 -0.6123729 -0.4999991 -0.5915027 0.7745219 -0.2241438 -0.5914964 0.774527 -0.2241429 0.3535791 0.3535519 -0.8660156 0.3537402 0.3535331 -0.8659575 0.3535517 0.3534999 -0.8660479 0.3535434 0.3535965 -0.866012 0.5915073 -0.774517 0.224149 0.591525 -0.7745036 0.2241481 -0.1825204 -0.9387328 -0.2923478 -0.6123552 -0.612428 -0.4999531 -0.6123902 -0.6123519 -0.5000035 -0.5914919 0.7745308 -0.2241416 -0.5915086 0.7745185 -0.2241401 0.3536092 0.3536264 -0.8659728 0.353602 0.3535192 -0.8660196 -0.5428369 -0.7616405 -0.3538813 -0.4680753 -0.767022 -0.4388425 -0.712304 -0.6322147 -0.3048403 -0.6322305 -0.7122902 -0.3048398 -0.7670016 -0.4681089 -0.4388421 -0.1239464 -0.9578383 -0.2591971 -0.5516484 -0.7472105 -0.3706219 -0.4848517 -0.7519827 -0.4465881 -0.7472088 -0.5516472 -0.3706272 -0.7030982 -0.6315705 -0.3267592 -0.6316187 -0.703067 -0.3267332 -0.7519806 -0.4849241 -0.4465131 -0.1825678 -0.938732 -0.2923206 -0.3535908 -0.3535467 0.866013 -0.353604 -0.3535685 0.8659986 -0.3537741 -0.3533552 0.8660162 -0.3535228 -0.3535228 0.8660504 -0.3535697 -0.3535697 0.8660122 -0.3534494 -0.3535703 0.866061 0.3535785 0.3535057 -0.8660346 -0.3536106 -0.3535872 0.8659883 0.4227472 -0.8862692 -0.1892405 0.3831207 -0.8994551 -0.2102361 0.6245412 -0.7784109 -0.06344193 0.3534805 0.3535289 -0.8660652 0.353573 0.3535324 -0.8660261 0.7071304 -0.7070831 1.17413e-4 0.793892 -0.6031031 0.07747513 -0.7900665 0.6085251 -0.07410991 -0.8599979 0.4895473 -0.1440395 0.6876963 -0.7258334 -0.015486 0.7206127 -0.6932503 0.01102238 0.6123719 0.6123729 0.5000001 -0.5103578 0.8479284 0.1433613 -0.5621646 0.8201559 0.1063728 -0.6816582 0.7313886 0.02032119 0.7443087 -0.6671445 0.03037756 0.8966532 -0.3908919 0.2078861 0.8654289 -0.4750012 0.159395 0.8296662 0.3094534 0.4646427 0.8585177 0.2450904 0.4504199 -0.3535403 -0.3535213 0.866044 -0.6123721 -0.6123733 -0.4999994 -0.6124105 -0.612317 -0.5000214 -0.6123717 -0.6123732 -0.5000001 -0.3535246 -0.3535114 0.8660543 0.6123605 0.6123927 0.4999898 0.6123735 0.6123716 0.4999998 0.6123725 0.6123732 0.4999992 0.6123719 0.6123734 0.4999995 0.3535678 0.353536 -0.8660266 -0.6123675 -0.6123805 -0.4999964 0.5914984 -0.7745262 0.2241403 0.5915099 -0.7745169 0.2241421 -0.6123866 -0.6123603 -0.4999976 0.6106997 -0.768056 0.1927068 0.6107029 -0.7680542 0.1927039 -0.6123795 -0.6123579 -0.5000094 0.5915007 -0.7745224 0.224147 0.5915009 -0.7745226 0.2241463 -0.6123873 -0.612361 -0.4999959 0.6107006 -0.7680551 0.1927075 0.6107082 -0.7680495 0.1927062 -0.6123574 -0.6124483 -0.4999256 -0.6019546 0.7711666 -0.2072504 -0.6123734 -0.6123686 -0.5000035 -0.3534919 -0.35361 0.8660274 -0.3536857 -0.3535602 0.8659687 -0.3534107 -0.3535661 0.8660784 -0.3538036 -0.3535703 0.8659163 -0.9387389 -0.1825731 -0.2922951 0.5915218 -0.7745076 0.2241431 0.5915014 -0.7745231 0.224143 -0.7745455 0.5914793 0.224124 -0.9387394 -0.1825326 -0.2923188 -0.9578345 -0.1239569 -0.2592061 -0.6124644 -0.6122461 -0.5000422 -0.6123577 -0.6124184 -0.4999618 -0.774477 0.5915587 0.2241513 0.7744937 -0.5915392 -0.2241451 0.7745309 -0.5914863 -0.2241557 -0.9578367 -0.1239585 -0.2591975 0.8811996 -0.3794367 0.2819845 0.9131687 -0.08926248 0.3976875 -0.7748448 -0.4088909 -0.4821035 -0.7222725 -0.4851281 -0.4929232 -0.4084925 -0.77451 -0.4829787 0.06701183 -0.9330151 -0.3535428 -0.5341441 -0.6854032 -0.4948863 -0.3161722 -0.8261616 -0.4663606 -0.9333276 0.06663733 -0.3527876 -0.9043986 -0.1071673 -0.4130114 -0.851493 -0.261671 -0.4544097 -0.1655554 -0.8895519 -0.4257803 0.005630552 -0.9271028 -0.3747651 0.2351685 -0.9296644 -0.2835839 -0.9353847 0.1199656 -0.3326617 -0.8862002 0.4228416 -0.189352 -0.8816236 0.4353831 -0.1821576 -0.9215729 0.2902084 -0.2578421 0.588144 -0.8039494 -0.08804565 0.795864 -0.6001915 0.07981693 0.9330126 -0.06701809 0.3535478 -0.5244925 0.8415228 0.1294106 -0.06701666 0.9330128 0.3535479 0.05598258 0.9152255 0.3990342 -0.1868569 0.9338436 0.3049927 0.9277273 -0.2434427 0.282945 0.8903758 0.15599 0.4276658 0.9284377 -0.02061343 0.3709161 0.5720954 0.6484326 0.5022371 0.3962293 0.7817742 0.4814888 0.2125468 0.871205 0.4425221 0.4085589 0.7744929 0.4829497 0.9344111 -0.1053507 0.3402608 0.9304792 -0.05723279 0.3618468 0.8477275 -0.5105559 0.1438432 0.892077 -0.4062883 0.1978099 0.926586 -0.2592465 0.272451 -0.2324868 0.9299817 0.2847528 -0.3666158 0.9041271 0.2194244 -0.05622988 0.9315009 0.3593668 -0.001763522 0.9234899 0.3836187 -0.1570774 0.9344779 0.3194963 0.7705093 0.4100406 0.4880391 0.8026567 0.3576272 0.4773312 0.8499671 0.2651441 0.4552524 0.9162796 0.05209481 0.3971372 0.8992029 0.1266617 0.4187971 0.3103824 0.8291766 0.4648969 0.1577858 0.8900023 0.4277848 0.4512057 0.7418737 0.4960209 0.4101163 0.7705816 0.4878613 -0.6123737 -0.6123718 -0.4999995 -0.6123778 -0.6123671 -0.5 0.6123701 0.6123771 0.4999971 0.7745268 -0.5915005 -0.2241326 0.7745271 -0.5914985 -0.2241371 0.7745156 -0.591511 -0.2241439 0.7745247 -0.5915006 -0.2241399 0.9290764 0.2075424 0.3061753 -0.6123686 -0.6123645 -0.5000145 -0.5428446 -0.7616319 -0.3538882 -0.4680779 -0.7670261 -0.4388328 -0.7616488 -0.5428289 -0.3538755 -0.7123029 -0.6322137 -0.3048447 -0.6322308 -0.7122905 -0.3048387 -0.767002 -0.4681017 -0.4388495 -0.1239456 -0.9578421 -0.2591835 -0.1239589 -0.9578396 -0.2591864 0.9161251 0.3879356 0.101099 0.3879181 0.9161317 0.1011055 0.6036932 0.7970294 -0.01728701 0.7970274 0.6036958 -0.01728695 0.2075539 0.9290779 0.306163 -0.3536033 -0.3535009 0.8660265 -0.3534408 -0.3535437 0.8660754 0.5091475 0.7039235 0.495238 0.4104321 0.7764453 0.4782034 0.6123725 0.6123725 0.4999998 -0.7745292 -0.4084784 -0.4829594 -0.3536198 -0.3535079 0.8660169 -0.353455 -0.3535329 0.866074 -0.6123903 -0.6123436 -0.5000135 -0.6123728 -0.6123722 -0.5 0.712098 0.4986092 0.4942725 0.6123731 0.6123714 0.5000005 0.6123703 0.612375 0.4999997 0.6124429 0.6122879 0.5000172 -0.6123664 -0.6123808 -0.4999973 -0.6123686 -0.6123741 -0.5000028 -0.6123678 -0.6123747 -0.5000031 -0.957832 -0.1239517 -0.259218 -0.5915019 0.7745204 -0.2241509 -0.591515 0.7745125 -0.2241439 -0.5915122 0.7745136 -0.2241471 -0.5914976 0.7745243 -0.2241488 -0.957839 -0.1239588 -0.2591889 0.6123791 0.6123672 0.4999983 -0.4119138 -0.7723768 -0.4834887 -0.5097292 -0.7097771 -0.4862022 -0.3671866 -0.8009425 -0.4729326 -0.2636141 -0.8506357 -0.454892 0.05559504 -0.9321358 -0.3578159 0.3764725 0.7959706 0.4740246 -0.06577354 0.934215 0.3505943 0.1293352 0.8984323 0.4196331 0.2667979 0.8492459 0.4556319 0.5067656 -0.8515178 -0.134559 0.3905339 -0.8970587 -0.2068066 0.2561675 -0.9270212 -0.2738796 -0.1318469 -0.9051681 -0.4040883 0.07312828 -0.9344062 -0.3486222 -0.2613341 0.9262928 0.2714523 -0.06756377 0.9342942 0.3500422 -0.3965345 0.8951593 0.2035934 -0.512872 0.8483307 0.13152 -0.6992775 0.7148215 0.006426811 -0.7705053 0.635029 -0.05531626 -0.7160843 0.6980051 -0.003500461 -0.8466703 0.514553 -0.1355906 -0.9215825 0.2903671 -0.2576291 -0.9330124 0.06697702 -0.3535563 -0.8991076 -0.1014819 -0.4258018 -0.9349583 0.1209942 -0.3334869 -0.7196776 -0.4823227 -0.4994286 -0.851565 -0.2614693 -0.4543907 -0.6123847 -0.6123597 -0.5000007 -0.6123861 -0.6123594 -0.4999994 -0.6123525 -0.6123773 -0.5000185 -0.7785865 0.6243662 -0.06300717 -0.7708068 0.6346586 -0.05536597 0.5426474 0.6765928 0.497751 -0.6123772 -0.6123725 -0.4999942 -0.6123612 -0.612381 -0.5000033 -0.6123698 -0.6123721 -0.5000036 -0.6181504 0.765161 -0.1800522 -0.6181518 0.7651598 -0.1800525 -0.7532093 0.5849042 -0.3009368 -0.7532161 0.584895 -0.3009376 -0.6123847 -0.6123635 -0.4999959 0.5914936 -0.7745306 0.2241377 -0.6123725 -0.6123725 -0.5000001 0.6107145 -0.7680426 0.1927134 0.5914974 -0.7745262 0.2241427 0.5915074 -0.7745183 0.2241438 -0.6019492 0.7711694 -0.2072552 -0.6019425 0.771175 -0.2072543 -0.6123765 -0.6123765 -0.4999901 -0.5914988 0.7745242 -0.224146 -0.5915144 0.7745112 -0.2241501 -0.6123715 -0.6123632 -0.5000126 -0.6123724 -0.6123724 -0.5000002 -0.6123735 -0.6123722 -0.4999991 -0.6123732 -0.6123717 -0.4999999 -0.6125367 -0.6122789 -0.4999134 -0.6123721 -0.612373 -0.5 -0.6123738 -0.6123713 -0.4999997 -0.6123491 -0.6123892 -0.5000081 0.5944651 -0.7997435 -0.08379614 -0.5861395 0.8053088 0.08898514 -0.6931093 0.7207444 0.01127696 -0.6123703 -0.6123751 -0.4999994 -0.6123718 -0.6123827 -0.4999883 0.5915123 -0.7745155 0.2241405 -0.6123493 -0.6124107 -0.4999815 0.6106911 -0.7680631 0.1927056 -0.6123711 -0.6123711 -0.5000034 0.8566477 0.2051995 0.4733369 0.9131767 -0.08930051 0.3976605 -0.7147047 -0.4951967 -0.4939409 0.6123735 0.612371 0.5000005 -0.3392598 0.9102562 0.2373535 -0.5087307 0.8494573 0.1400553 -0.6709836 0.7409246 0.02849018 -0.612378 -0.6123689 -0.4999977 -0.6123735 -0.6123705 -0.5000011 0.7537155 -0.6430855 -0.1354763 0.7537111 -0.6430907 -0.1354765 -0.6123754 -0.6123706 -0.4999988 0.8567817 0.2050464 0.4731609 0.77692 -0.6266004 0.06138026 0.8305743 -0.5435065 0.1214372 -0.8787915 0.4384112 -0.1884712 -0.6123733 -0.6123712 -0.5000006 -0.6181524 0.7651585 -0.1800561 -0.6123617 -0.6123771 -0.5000075 -0.6019433 0.7711751 -0.2072522 -0.6123773 -0.6123698 -0.4999973 -0.7067369 0.7074766 1.23282e-4 -0.7054091 0.7088004 0 -0.9251745 -0.3715521 -0.07746762 -0.3716172 -0.9251532 -0.07740962 -0.3715966 -0.9251639 -0.07738137 0.6123858 0.6123632 0.4999949 -0.8003031 -0.5977768 0.0466693 -0.9251617 -0.3715929 -0.077425 -0.5977069 -0.8003563 0.04665112 -0.5977461 -0.8003273 0.04664629 -0.612354 -0.612354 -0.5000451 -0.6125542 -0.6122662 -0.4999075 -0.7499957 0.2499892 0.6123822 -0.7500331 0.2500251 0.6123218 -0.6124098 -0.6123371 -0.4999977 0.2499824 -0.7500035 0.6123754 0.2500776 -0.7499867 0.6123572 -0.7585069 0.6509151 0.03125649 -0.8003196 -0.5977579 0.04662883 0.7500286 -0.2499978 -0.6123383 0.7499898 -0.2500122 -0.61238 -0.2500047 0.7499908 -0.6123819 -0.612335 -0.612335 -0.5000917 -0.6123744 -0.6123744 -0.4999951 -0.2500517 0.7499912 -0.612362 -0.9428716 -0.3324155 -0.02220493 -0.3324126 -0.9428727 -0.02220612 -0.3324226 -0.9428691 -0.02220594 -0.9428789 -0.3323949 -0.02220541 -0.3324126 -0.9428727 -0.02220559 -0.3324271 -0.9428675 -0.02220624 -0.9428688 -0.3324241 -0.02220004 -0.3324114 -0.9428731 -0.02220588 -0.332419 -0.9428705 -0.022201 -0.7556657 0.652379 0.0580607 0.612362 0.6123824 0.5000007 0.6124209 0.6123465 0.4999726 0.6123687 0.6123941 0.4999781 0.6123761 0.6123661 0.5000034 0.6123725 0.6123725 0.5 0.6123704 0.6123704 0.5000049 -0.6123532 -0.6123532 -0.5000473 -0.6124153 -0.612313 -0.5000203 -0.5244552 -0.1584962 0.8365559 -0.5245515 -0.1584758 0.8364995 -0.612433 -0.6122875 -0.5000299 -0.1584413 -0.5245204 0.8365254 -0.1585487 -0.5245075 0.8365132 -0.6123766 -0.6123766 -0.4999898 -0.6124114 -0.6123468 -0.4999837 -0.6123614 -0.6123804 -0.5000039 -0.3535561 -0.3535561 0.8660232 -0.3535494 -0.3535352 0.8660345 -0.7885712 0.5179874 0.3314282 -0.788572 0.5179818 0.3314349 -0.6123491 -0.6123491 -0.5000573 -0.6123616 -0.612389 -0.499993 -0.6123751 -0.6123751 -0.4999936 -0.353563 -0.3535346 0.8660293 -0.3535324 -0.3535608 0.8660311 0.5179939 -0.7885774 0.3314032 -0.6123741 -0.6123723 -0.4999982 0.5179558 -0.7885932 0.3314251 -0.6123577 -0.6123748 -0.5000153 -0.6123725 -0.6123637 -0.5000108 0.5245217 0.158481 -0.8365172 0.524496 0.1585108 -0.8365276 0.1584746 0.5245338 -0.8365107 -0.6123893 -0.6123563 -0.4999991 -0.6123602 -0.6123879 -0.4999961 0.158503 0.5245171 -0.8365158 -0.805234 -0.5817738 0.1146199 -0.9428682 -0.3324251 -0.02220577 -0.5817945 -0.8052185 0.1146229 -0.5817807 -0.8052279 0.1146267 -0.8052341 -0.5817739 0.1146181 -0.9428628 -0.3324407 -0.0222066 -0.5817947 -0.8052189 0.1146196 -0.5817723 -0.8052345 0.1146228 -0.8052334 -0.5817734 0.1146252 -0.9428595 -0.3324501 -0.02220523 -0.5817902 -0.8052209 0.1146289 -0.5817756 -0.8052318 0.1146256 -0.6123688 -0.612377 -0.4999991 -0.6123812 -0.6123669 -0.4999962 -0.7500041 0.2499992 0.6123676 -0.7499932 0.2500089 0.6123772 -0.6123723 -0.6123765 -0.4999952 0.2500187 -0.7499953 0.6123707 -0.6123731 -0.6123731 -0.4999984 -0.612378 -0.6123732 -0.4999923 -0.7499961 0.250003 0.6123759 -0.7499908 0.2500113 0.6123792 -0.6123708 -0.6123791 -0.499994 0.2500233 -0.749987 0.612379 -0.6123842 -0.612365 -0.499995 -0.7500071 0.2499938 0.6123661 -0.7500157 0.2499946 0.6123554 -0.6123684 -0.6123849 -0.4999899 0.250019 -0.7499996 0.6123652 0.2499821 -0.7500039 0.6123751 0.2499809 -0.7500066 0.6123721 0.2499833 -0.7500011 0.612378 -0.8052331 -0.5817739 0.1146246 -0.8052311 -0.5817777 0.114619 -0.8052358 -0.5817705 0.1146224 0.6123763 0.6123719 0.4999961 0.612369 0.6123752 0.5000009 0.7499916 -0.2500029 -0.6123816 0.7500112 -0.2499999 -0.6123589 0.612373 0.6123721 0.4999998 0.6123734 0.6123734 0.4999977 -0.2499899 0.7500069 -0.6123682 0.6123784 0.6123754 0.4999892 0.7500045 -0.2500053 -0.6123649 0.750004 -0.2499937 -0.6123702 0.6123737 0.6123718 0.4999994 0.6123578 0.6123791 0.5000098 0.6123931 0.6123644 0.4999848 0.6123743 0.6123685 0.5000026 0.6123939 0.6123652 0.4999827 -0.2500025 0.7499932 -0.6123798 -0.6123743 -0.6123672 -0.5000043 -0.6123701 -0.6123798 -0.4999939 -0.2500168 0.7499991 -0.6123666 -0.6123774 -0.6123774 -0.4999878 -0.6123733 -0.6123788 -0.4999912 -0.6123577 -0.6123757 -0.5000141 -0.6123769 -0.612365 -0.5000038 -0.6123601 -0.6123816 -0.500004 -0.6123772 -0.6123712 -0.4999956 -0.6123664 -0.6123742 -0.5000052 -0.6123683 -0.6123769 -0.4999997 -0.6124039 -0.6123551 -0.4999829 -0.6123618 -0.612376 -0.5000088 -0.6123681 -0.6123738 -0.5000039 -0.6124661 -0.6123923 -0.4998609 -0.2500112 0.7500109 -0.6123545 0.6123716 0.6123734 0.4999999 0.6123743 0.6123678 0.5000035 0.7499955 -0.2499965 -0.6123794 0.7499891 -0.2499956 -0.6123875 0.6123727 0.6123719 0.5000003 0.6123372 0.612393 0.500018 -0.249971 0.7500019 -0.612382 0.6123741 0.6123681 0.5000034 0.7499985 -0.2500035 -0.6123729 0.749992 -0.2500032 -0.612381 0.6123579 0.6123832 0.5000048 0.6123734 0.6123734 0.4999979 0.6123824 0.6123665 0.4999952 0.6123777 0.6123686 0.4999983 0.6123656 0.6123765 0.5000035 0.6123813 0.6123677 0.4999951 0.61237 0.6123749 0.5000002 0.6123669 0.6123715 0.5000079 0.6123701 0.6123877 0.4999841 -0.249973 0.749996 -0.6123883 -0.250015 0.7499977 -0.6123692 -0.2500144 0.749996 -0.6123716 0.6389639 -0.7660545 0.06989854 0.7904133 -0.4618095 -0.4024662 0.7904156 -0.4618021 -0.4024698 -0.6123732 -0.6123732 -0.4999981 -0.6123672 -0.6123737 -0.5000049 0.790427 -0.4617983 -0.4024521 0.7903984 -0.4618249 -0.4024778 0.7904351 -0.4617835 -0.402453 0.7903994 -0.4618251 -0.4024754 0.790414 -0.4618128 -0.4024608 0.7904013 -0.4618282 -0.4024683 -0.6123623 -0.612378 -0.5000057 -0.6123764 -0.6123701 -0.499998 -0.6123826 -0.6123576 -0.5000058 0.7500149 -0.2499963 -0.6123557 0.7499888 -0.2500092 -0.6123825 -0.250004 0.7500047 -0.6123652 -0.6123782 -0.6123718 -0.4999938 0.7500201 -0.249987 -0.6123532 0.7500072 -0.2499888 -0.6123682 -0.2500043 0.7500054 -0.612364 -0.6123796 -0.6123706 -0.4999937 0.750021 -0.2499872 -0.6123521 0.7500026 -0.2499947 -0.6123715 -0.2500012 0.7500035 -0.6123676 -0.6123782 -0.6123747 -0.4999902 -0.61229 -0.6124241 -0.5000378 -0.6123734 -0.6123744 -0.4999965 -0.6123853 -0.6123757 -0.4999803 -0.2500169 0.7500063 -0.6123578 -0.6123285 -0.6124051 -0.5000138 -0.6123706 -0.6123685 -0.5000073 -0.2499914 0.7500038 -0.6123715 -0.6123272 -0.6124038 -0.5000169 -0.6123662 -0.6123792 -0.4999993 -0.2499879 0.7500081 -0.6123675 -0.6124106 -0.6123527 -0.4999775 -0.6123778 -0.612373 -0.4999929 -0.524486 -0.1584949 0.8365369 -0.5244855 -0.1584947 0.8365372 -0.6123768 -0.6123737 -0.4999932 -0.1584772 -0.5245166 0.836521 -0.6123652 -0.6123817 -0.4999976 -0.6123806 -0.6123687 -0.4999946 -0.5245213 -0.1584853 0.8365164 -0.5244848 -0.1584897 0.8365386 -0.6124035 -0.6123539 -0.4999848 -0.1584767 -0.5245182 0.8365201 -0.6123701 -0.6123701 -0.5000059 -0.6123895 -0.6123632 -0.4999905 -0.5244845 -0.158496 0.8365376 -0.5244875 -0.1584938 0.8365362 -0.6123786 -0.6123766 -0.4999874 -0.1584776 -0.524521 0.8365182 -0.1585269 -0.5245184 0.8365105 -0.1584998 -0.5245165 0.8365167 -0.1585293 -0.5245103 0.8365151 0.4897052 -0.8693552 0.06641072 -0.612371 -0.6123808 -0.4999917 0.6087001 -0.6410288 -0.4675109 0.6087196 -0.6410194 -0.4674984 0.6087003 -0.641029 -0.4675102 0.6087213 -0.6410196 -0.4674957 0.6087055 -0.6410275 -0.4675055 0.6087099 -0.6410184 -0.4675124 -0.2500163 0.7499922 -0.6123754 -0.2499687 0.7499982 -0.6123874 -0.6123684 -0.6123684 -0.50001 -0.6123744 -0.6123815 -0.4999866 0.7499909 -0.2500182 -0.6123762 -0.6123771 -0.61237 -0.4999972 0.7897762 -0.502174 -0.3522427 0.7897752 -0.502173 -0.3522463 -0.6123721 -0.6123721 -0.5000008 -0.6123762 -0.6123712 -0.4999971 0.7897782 -0.5021687 -0.352246 0.7897784 -0.5021694 -0.3522446 -0.6123723 -0.6123734 -0.499999 -0.6123744 -0.6123704 -0.5000002 -0.6123696 -0.612374 -0.5000017 -0.6123742 -0.6123698 -0.5000012 -0.6123682 -0.6123744 -0.5000028 -0.7499907 0.2500047 0.612382 -0.7500377 0.2499846 0.6123326 -0.6123708 -0.6123708 -0.5000041 0.2499948 -0.7500079 0.6123651 -0.6123608 -0.6123783 -0.5000072 -0.6123737 -0.6123716 -0.4999995 -0.7500093 0.2500031 0.6123598 -0.75001 0.25 0.6123602 -0.6123764 -0.6123725 -0.4999952 0.250009 -0.7499967 0.6123729 -0.6123676 -0.6123676 -0.5000118 -0.6123717 -0.6123738 -0.4999994 -0.7500144 0.2499914 0.6123585 -0.7500113 0.2500038 0.612357 -0.6123797 -0.6123718 -0.499992 0.2500039 -0.7499983 0.612373 -0.6123476 -0.6123735 -0.5000293 0.2499967 -0.7500035 0.6123697 -0.6123732 -0.6123732 -0.499998 0.2500079 -0.749997 0.6123729 0.2499948 -0.749998 0.612377 0.6123734 0.6123723 0.4999992 0.612369 0.6123738 0.5000025 0.5245013 0.1585005 -0.8365262 0.5245507 0.1584891 -0.8364974 0.6123799 0.6123696 0.4999944 0.1585007 0.5245202 -0.8365142 0.612353 0.6123767 0.5000188 0.5244976 0.1584994 -0.8365287 0.5245353 0.1584856 -0.8365076 0.6123669 0.6123789 0.4999989 0.158502 0.5245124 -0.8365188 -0.6123716 -0.6123738 -0.4999995 -0.6123752 -0.6123715 -0.4999979 0.1584646 0.5245182 -0.8365224 -0.6123726 -0.6123719 -0.5000006 -0.6123681 -0.6123856 -0.4999893 -0.6123714 -0.61238 -0.499992 -0.6123781 -0.6123676 -0.4999989 0.1584885 0.5245106 -0.8365226 0.612367 0.6123781 0.4999998 0.6123717 0.6123734 0.5 0.6123746 0.6123684 0.5000025 0.6123735 0.6123711 0.5000004 0.5244969 0.1584854 -0.8365318 0.5245449 0.1584814 -0.8365024 0.6123743 0.6123718 0.4999986 0.612394 0.6123538 0.4999964 0.1584702 0.5245228 -0.8365184 0.6123787 0.6123664 0.4999999 0.524518 0.1584846 -0.8365187 0.5245118 0.1584946 -0.8365207 0.6123611 0.6123779 0.5000073 0.6123726 0.6123726 0.4999998 0.1584793 0.5245214 -0.8365176 0.1585152 0.5245193 -0.8365121 0.1584696 0.5245075 -0.8365281 -0.6123611 -0.6123851 -0.4999985 -0.612356 -0.6123847 -0.5000051 -0.6123618 -0.6123809 -0.5000026 0.7853889 -0.5435372 -0.2961955 0.7853891 -0.5435363 -0.2961966 -0.5435478 0.7853813 -0.2961963 -0.6123774 -0.6123705 -0.4999965 -0.6123774 -0.61237 -0.499997 -0.5435441 0.7853837 -0.2961963 0.7076114 0.4840433 0.5147701 0.6123722 0.6123722 0.5000007 0.6123731 0.6123718 0.5 -0.6123737 -0.6123719 -0.4999992 -0.6123715 -0.6123731 -0.5000004 -0.6123718 -0.6123718 -0.5000016 0.6123719 0.6123738 0.4999991 0.6123719 0.6123727 0.5000005 -0.7829646 0.6095182 0.124315 0.61237 0.6123724 0.500003 -0.7938153 0.5971707 0.1150852 0.702753 0.4808853 0.5242974 0.7022435 0.4812334 0.5246604 -0.6123737 -0.6123672 -0.5000049 -0.6123934 -0.6123542 -0.4999966 -0.7500121 0.2499797 0.612366 -0.7500003 0.2500073 0.6123692 -0.6123587 -0.6123831 -0.5000037 0.2500051 -0.7499937 0.6123781 0.2500073 -0.7500003 0.6123692 0.8250893 0.1887111 0.5325561 0.8256722 0.1879953 0.5319055 -0.8716726 0.4808649 0.09463578 -0.8707162 0.4829884 0.09260559 -0.2948294 0.7637258 -0.574281 -0.6123692 -0.6123758 -0.4999999 -0.6123825 -0.6123679 -0.4999933 -0.612369 -0.6123734 -0.5000032 -0.2948284 0.7637266 -0.5742803 -0.8485521 0.5145516 0.1232728 -0.8475199 0.5167117 0.1213231 0.4814522 -0.8713019 0.09506297 0.5160106 -0.8480218 0.1207981 0.5245358 0.1584883 -0.8365069 0.5245048 0.1584914 -0.8365256 0.1584947 0.5245164 -0.8365179 0.524495 0.1585174 -0.8365269 0.5245574 0.1585072 -0.8364896 0.1584919 0.5245349 -0.8365067 0.5244917 0.1585118 -0.83653 0.1584929 0.5245381 -0.8365046 -0.6124025 -0.612345 -0.4999967 -0.6122879 -0.6124147 -0.5000519 -0.6123507 -0.6123746 -0.5000241 0.1584939 0.5245157 -0.8365184 -0.6123787 -0.6123691 -0.4999965 -0.6123245 -0.6124057 -0.5000182 -0.6123279 -0.6124045 -0.5000152 0.158551 0.5245309 -0.836498 -0.6123975 -0.6123592 -0.4999855 -0.6123372 -0.6124054 -0.500003 -0.6123294 -0.612406 -0.5000116 0.1584937 0.5245371 -0.8365051 0.704544 -0.6699405 0.2340885 0.8647595 -0.1173402 0.4882852 0.8645686 -0.1168769 0.4887342 -0.612411 -0.612356 -0.4999729 -0.6123831 -0.612367 -0.4999935 -0.5972488 -0.05603438 0.8000963 -0.5972345 -0.05604285 0.8001064 0.2500222 -0.7499957 0.6123687 -0.6123661 -0.6123661 -0.5000156 -0.6123676 -0.6123757 -0.5000022 -0.7499961 0.2499963 0.6123787 -0.7499948 0.2500006 0.6123785 -0.05601799 -0.5972347 0.8001079 0.2500216 -0.7499941 0.6123709 -0.05603295 -0.5972321 0.8001089 -0.6123965 -0.612405 -0.4999307 -0.8224248 0.5487532 0.1499589 -0.822263 0.5490754 0.1496664 0.5151936 -0.8480913 0.1237613 0.5489771 -0.8223431 0.1495869 -0.6123998 -0.6123623 -0.4999789 -0.6123657 -0.6123768 -0.5000029 -0.7732596 0.3324093 0.5399757 -0.7732845 0.3323965 0.5399481 -0.6123737 -0.6123709 -0.5000004 0.3324117 -0.7732694 0.5399602 -0.6124143 -0.6123394 -0.4999893 -0.6123612 -0.6123836 -0.5000002 -0.7732586 0.3324128 0.5399749 -0.7732864 0.3323894 0.5399495 -0.6123769 -0.6123657 -0.5000029 0.3324149 -0.7732701 0.5399573 -0.6123993 -0.6123544 -0.4999891 -0.6123621 -0.6123807 -0.5000026 -0.7732576 0.3324124 0.5399767 -0.7732848 0.3323887 0.5399523 -0.6123776 -0.6123664 -0.5000011 0.3324109 -0.7732716 0.5399575 -0.6124188 -0.6123409 -0.4999819 -0.6123634 -0.6123769 -0.5000057 -0.6123684 -0.6123759 -0.5000008 0.3323893 -0.7732769 0.5399632 -0.6124255 -0.6123088 -0.500013 -0.6123456 -0.6123988 -0.5000008 -0.6123786 -0.6123635 -0.5000034 0.3323924 -0.7732721 0.5399681 -0.6123237 -0.6124016 -0.5000241 -0.6123391 -0.6124517 -0.4999439 0.3323839 -0.773279 0.5399634 0.8192377 -0.4149568 0.3958038 0.8191984 -0.4145047 0.3963583 -0.2948268 0.7637245 -0.5742842 -0.6123669 -0.6123748 -0.5000039 -0.2948125 0.7637279 -0.5742868 -0.6123723 -0.6123721 -0.5000007 -0.2948053 0.7637326 -0.5742844 -0.6123648 -0.6123788 -0.5000017 -0.29482 0.763727 -0.5742842 -0.2948315 0.7637242 -0.5742821 -0.294847 0.7637241 -0.5742743 -0.6123689 -0.6123731 -0.5000036 -0.6123654 -0.6123759 -0.5000043 -0.5244979 -0.1584956 0.8365292 -0.5245358 -0.1584877 0.836507 -0.612371 -0.6123715 -0.5000031 -0.1585127 -0.5245119 0.8365173 -0.6123669 -0.6123753 -0.5000033 -0.6123658 -0.6123763 -0.5000033 -0.5244965 -0.1584935 0.8365305 -0.5245355 -0.1584877 0.8365072 -0.612363 -0.6123772 -0.5000058 -0.1584989 -0.5245088 0.8365218 -0.6123663 -0.6123747 -0.5000047 -0.6123647 -0.6123773 -0.5000036 -0.5245157 -0.1584945 0.8365183 -0.5245352 -0.158491 0.8365067 -0.6123694 -0.6123724 -0.5000039 -0.1585262 -0.524504 0.8365196 -0.6123372 -0.6123783 -0.5000361 -0.1585256 -0.524512 0.8365147 -0.6123907 -0.6123604 -0.4999926 -0.1585506 -0.5245061 0.8365138 -0.6123468 -0.6123944 -0.5000047 -0.1585268 -0.5245094 0.8365162 -0.7613 0.591849 0.2648341 -0.8354384 0.537038 0.1167609 0.7065145 -0.6512581 0.2769482 -0.82284 0.5482385 0.1495622 0.578396 -0.797153 0.1732203 0.6119199 -0.7814132 0.1222603 0.5488446 -0.8223487 0.1500415 -0.7071192 0.7070944 0 -0.7070927 0.707121 5.31873e-6 0.7070997 -0.7071139 7.09142e-6 -0.612367 -0.6123741 -0.5000046 0.7071033 -0.7071104 3.54591e-6 -0.612356 -0.6123701 -0.5000231 -0.5076117 0.5991287 -0.6191731 -0.6123749 -0.6123749 -0.499994 -0.507605 0.5991359 -0.6191716 -0.6123732 -0.6123777 -0.4999926 -0.5076131 0.5991291 -0.6191715 -0.6123716 -0.6123805 -0.4999912 -0.3642404 0.779878 -0.5090376 -0.5076015 0.5991436 -0.619167 -0.6123756 -0.6123701 -0.4999991 -0.612369 -0.6123756 -0.5000004 -0.5076 0.5991486 -0.6191634 -0.3642411 0.7798774 -0.509038 -0.5075924 0.5991421 -0.6191758 -0.6123765 -0.6123704 -0.4999976 -0.6123558 -0.6123868 -0.5000029 -0.6123663 -0.6123762 -0.5000031 -0.3642476 0.7798765 -0.5090349 -0.3642476 0.7798765 -0.5090349 -0.6123546 -0.6123839 -0.500008 -0.6123673 -0.6123798 -0.4999973 -0.6123731 -0.6123754 -0.4999957 -0.6123817 -0.6123667 -0.4999958 -0.6123812 -0.6123662 -0.499997 -0.6123802 -0.6123674 -0.4999967 0.5782655 -0.7971532 0.1736545 0.6926538 -0.1107208 -0.7127213 0.6926513 -0.110713 -0.712725 -0.6123682 -0.6123766 -0.5000001 0.688603 0.4803086 0.5432584 0.6904986 0.478674 0.5422942 -0.6123638 -0.6123734 -0.5000095 -0.6123671 -0.6123742 -0.5000045 -0.3535719 -0.3535574 0.8660162 -0.3535525 -0.3535597 0.8660233 0.6926414 -0.1107159 -0.7127341 0.6926444 -0.1107133 -0.7127317 0.6926428 -0.1107084 -0.7127341 0.6926466 -0.1107077 -0.7127304 0.692639 -0.1107156 -0.7127365 0.6926416 -0.1107206 -0.7127332 -0.6123218 -0.6124053 -0.5000219 -0.6123144 -0.6124107 -0.5000243 -0.6123285 -0.6123927 -0.500029 0.7905589 -0.4695174 -0.3931543 0.7905431 -0.4695306 -0.3931703 -0.4695243 0.7905504 -0.393163 -0.6123705 -0.6123731 -0.5000017 -0.6123681 -0.6123737 -0.5000039 -0.6123763 -0.6123715 -0.4999964 -0.6123514 -0.6123887 -0.5000061 -0.6123664 -0.6123765 -0.5000024 -0.6123736 -0.6123716 -0.4999996 -0.4695328 0.7905421 -0.3931698 -0.804793 0.5477908 0.2285467 0.6123534 0.6123853 0.5000078 0.5565952 -0.3587871 -0.7493155 0.5565767 -0.358796 -0.749325 0.5565939 -0.3587863 -0.7493168 0.556577 -0.3587931 -0.7493261 0.5565963 -0.3587878 -0.7493142 0.5565848 -0.3587872 -0.7493231 0.07983243 0.5813229 -0.8097472 -0.6123728 -0.6123706 -0.5000018 -0.612372 -0.612372 -0.5000013 -0.6123755 -0.6123712 -0.4999979 0.07982748 0.5813231 -0.8097475 -0.8911172 0.3975151 0.2188426 -0.8841654 0.4226462 0.1990525 0.43076 -0.8859325 0.171958 0.7358809 -0.2104078 -0.6435898 0.7358983 -0.2104016 -0.643572 -0.6123719 -0.6123753 -0.4999971 -0.6123737 -0.6123717 -0.4999995 -0.612378 -0.6123692 -0.4999973 0.7358818 -0.2104113 -0.6435877 0.7358998 -0.210405 -0.6435693 -0.6123744 -0.6123717 -0.4999986 -0.6123736 -0.6123726 -0.4999984 -0.6127171 -0.6121263 -0.4998793 -0.6123672 -0.6123753 -0.5000029 0.7872822 0.1807649 0.5895006 0.7886215 0.1788119 0.5883048 0.6658576 -0.6791198 0.3089177 -0.6123716 -0.6123756 -0.4999972 -0.6253429 -0.01173335 0.7802621 -0.6253244 -0.01173359 0.7802768 -0.6123759 -0.6123759 -0.4999914 -0.01173937 -0.6253404 0.7802639 -0.6123646 -0.6123782 -0.5000026 -0.6123717 -0.6123756 -0.4999971 -0.6253395 -0.01173126 0.7802647 -0.6253249 -0.01173955 0.7802763 -0.6123755 -0.6123755 -0.4999926 -0.01173931 -0.6253404 0.7802639 -0.6123707 -0.6123707 -0.5000042 -0.6123687 -0.6123765 -0.4999997 -0.6253442 -0.01173931 0.7802608 -0.6253229 -0.01173955 0.7802779 -0.6123777 -0.6123718 -0.4999944 -0.01173943 -0.625346 0.7802594 -0.6124165 -0.6123452 -0.4999796 -0.6123802 -0.6123714 -0.4999917 -0.6123697 -0.6123664 -0.5000109 -0.01170736 -0.6253411 0.7802637 -0.6124204 -0.6123312 -0.4999917 -0.6123729 -0.6123664 -0.5000069 -0.612388 -0.6123577 -0.4999992 -0.01170742 -0.6253392 0.7802654 -0.6124219 -0.6123506 -0.4999662 -0.6123753 -0.6123623 -0.500009 -0.6123997 -0.6123755 -0.4999629 -0.01170736 -0.6253406 0.7802642 0.07979679 0.5813218 -0.8097516 0.07979637 0.5813226 -0.8097511 0.07985961 0.5813209 -0.809746 0.07985997 0.5813158 -0.8097497 0.07985955 0.581313 -0.8097516 0.7689362 -0.3144159 -0.5566684 0.7689358 -0.3144158 -0.5566691 -0.3144085 0.768938 -0.5566704 -0.3144141 0.7689362 -0.5566695 0.4362045 0.2657468 -0.8597118 0.4362171 0.265741 -0.8597071 -0.612375 -0.6123681 -0.5000023 -0.6123741 -0.6123723 -0.4999983 -0.8680669 0.4281396 0.2513099 -0.8665226 0.4335522 0.2473281 0.3995909 -0.8897858 0.2204732 0.3936107 -0.8887549 0.2349163 0.4319862 -0.8676555 0.2460938 0.8064283 -0.1350972 0.5756928 0.8057204 -0.133245 0.5771138 -0.8090851 0.533143 0.2472653 0.5258677 -0.8075274 0.2671381 -0.6123729 -0.6123729 -0.4999989 0.6730845 0.4827584 0.5602694 0.6756721 0.480046 0.5594847 0.7435387 -0.4377344 0.5055086 0.7433462 -0.4356909 0.5075529 -0.8417909 0.4619387 0.2792863 -0.8415992 0.4625707 0.2788177 0.4295615 -0.8670386 0.2524302 0.4623841 -0.841751 0.2786687 -0.2010784 0.4829354 -0.8522563 -0.6123816 -0.6123677 -0.4999947 -0.2011055 0.4829301 -0.8522531 -0.6123794 -0.6123677 -0.4999972 -0.2010799 0.4829424 -0.8522521 -0.6123805 -0.6123677 -0.499996 0.436192 0.2657417 -0.8597198 0.4361822 0.2657419 -0.8597245 0.4361928 0.2657417 -0.8597193 0.436184 0.265742 -0.8597236 0.4361935 0.2657425 -0.8597187 0.4361914 0.2657398 -0.8597205 -0.6123479 -0.6123864 -0.5000131 -0.6123458 -0.6123859 -0.5000163 -0.6123489 -0.6123823 -0.5000168 0.6232687 -0.6721351 0.3997133 0.6410523 -0.6848676 0.3464221 -0.04736578 0.6597399 -0.7499998 -0.201056 0.4829279 -0.8522659 -0.6123672 -0.6123757 -0.5000026 -0.6123659 -0.6123763 -0.5000033 -0.2010566 0.4829326 -0.8522632 -0.0473656 0.65974 -0.7499998 -0.2010543 0.482927 -0.8522668 -0.6123736 -0.6123736 -0.4999972 -0.6123715 -0.6123736 -0.4999998 -0.04736965 0.6597411 -0.7499986 -0.04736965 0.6597398 -0.7499997 -0.8437568 0.4527198 0.2883042 -0.8331022 0.4724095 0.2876983 0.4900903 -0.8176974 0.3019646 0.4621188 -0.8416467 0.2794229 -0.6123052 -0.6123965 -0.500053 -0.6123821 -0.6123464 -0.50002 -0.6123836 -0.6123439 -0.5000212 -0.8924862 0.3734746 0.252953 -0.6123878 -0.6123641 -0.4999914 -0.6123687 -0.6123769 -0.4999993 -0.3535792 -0.3535453 0.8660182 -0.3535513 -0.3535493 0.866028 -0.6123886 -0.6123601 -0.4999952 -0.6123687 -0.6123748 -0.5000019 -0.3535494 -0.3535475 0.8660295 -0.612387 -0.6123617 -0.4999955 -0.6123631 -0.6123794 -0.5000031 -0.3535788 -0.3535429 0.8660193 -0.3535521 -0.3535481 0.8660281 0.3813493 -0.04135352 -0.9235057 0.3813866 -0.04135745 -0.9234901 0.3813502 -0.04135364 -0.9235053 0.3813927 -0.04135817 -0.9234875 0.3813524 -0.04134863 -0.9235045 0.3814325 -0.04135906 -0.923471 0.5871928 -0.6988543 0.4084208 -0.8920787 0.3012201 0.3368414 -0.8930502 0.2910481 0.3431507 -0.6123809 -0.6123678 -0.4999952 0.3108299 -0.8927521 0.3261574 -0.6123684 -0.6123777 -0.4999986 0.6124209 0.6123446 0.4999747 -0.8192544 0.4812544 0.3117957 0.5547585 0.1177439 -0.8236379 0.5547587 0.1177414 -0.8236381 -0.6123721 -0.6123706 -0.5000028 -0.6123713 -0.6123713 -0.500003 0.5547573 0.1177441 -0.8236386 0.5547587 0.1177424 -0.8236381 -0.6123692 -0.6123732 -0.5000032 -0.6123725 -0.6123725 -0.5 -0.6123783 -0.6123731 -0.4999921 0.7441597 0.1813834 0.6429047 0.7463861 0.1776533 0.6413634 -0.8100666 0.4778698 0.3397535 0.1133691 0.2563719 -0.9599068 0.1133695 0.2563711 -0.9599069 0.1133681 0.2563706 -0.9599073 0.656804 0.4873677 0.5753966 0.6612604 0.4819926 0.5748199 0.2777147 0.4255268 -0.8612791 0.1134172 0.2563778 -0.9598996 -0.6123837 -0.6123657 -0.4999946 -0.6123585 -0.6123808 -0.5000071 0.1133633 0.2563793 -0.9599055 0.2777156 0.4255276 -0.8612783 0.1133642 0.2563762 -0.9599061 -0.6123697 -0.6123743 -0.5000012 0.2776927 0.4255309 -0.8612841 -0.6123734 -0.6123738 -0.4999971 0.2776935 0.4255292 -0.8612847 -0.8683621 0.3272503 0.372632 -0.8670879 0.3369942 0.3668698 0.3040643 -0.8901996 0.3392487 0.334464 -0.8689579 0.364755 0.4531111 -0.8130485 0.3655715 0.7389438 -0.1421307 0.6586053 0.7376312 -0.1380903 0.6609323 -0.6123733 -0.6123725 -0.4999989 -0.6123766 -0.6123701 -0.4999977 -0.6123332 -0.6123917 -0.5000246 -0.6123756 -0.612371 -0.4999979 0.659732 -0.04736596 -0.7500068 0.6597408 -0.04736781 -0.7499989 -0.04737442 0.6597393 -0.7499998 -0.04736328 0.6597401 -0.7499999 0.7500033 -0.2499901 -0.6123725 0.750022 -0.2499849 -0.6123517 -0.2499958 0.7499983 -0.6123764 -0.6123784 -0.612369 -0.499997 -0.6123756 -0.61237 -0.4999992 -0.6123701 -0.6123736 -0.5000016 -0.6123763 -0.612368 -0.5000007 -0.6123768 -0.6123698 -0.499998 -0.2499871 0.7500053 -0.6123712 -0.4096708 -0.7757047 -0.4800541 -0.5308213 -0.6864732 -0.4969742 -0.6526021 -0.5700311 -0.4991744 -0.7753636 -0.4093234 -0.4809008 -0.3535553 -0.3535915 0.866009 -0.4096632 -0.7757083 -0.4800549 -0.5308564 -0.6864417 -0.4969803 -0.6527194 -0.5699551 -0.4991078 -0.7753593 -0.409334 -0.4808988 -0.353644 -0.3535867 0.8659747 -0.4096567 -0.7757112 -0.4800558 -0.5308852 -0.686424 -0.496974 -0.6525627 -0.57013 -0.4991129 -0.7753692 -0.4093096 -0.4809036 -0.3536362 -0.3535758 0.8659825 -0.4096713 -0.7757061 -0.4800516 -0.5309422 -0.6863794 -0.4969745 -0.6526121 -0.570028 -0.4991649 -0.7753615 -0.4093393 -0.4808908 -0.3536362 -0.3535758 0.8659825 -0.4096848 -0.775699 -0.4800515 -0.5309477 -0.6863865 -0.4969589 -0.6526288 -0.5700539 -0.4991134 -0.7753548 -0.4093369 -0.4809039 -0.353644 -0.3535836 0.8659761 -0.4096673 -0.7757097 -0.4800494 -0.5309662 -0.6863629 -0.4969717 -0.6525786 -0.5700656 -0.4991657 -0.7753716 -0.409316 -0.4808946 -0.3535495 -0.3535917 0.8660114 -0.409673 -0.7757086 -0.4800462 -0.530953 -0.6863736 -0.4969711 -0.6527168 -0.5699288 -0.4991413 -0.7753626 -0.4093348 -0.4808928 -0.3535607 -0.3535909 0.8660072 -0.4096788 -0.7757017 -0.4800522 -0.5309666 -0.6863774 -0.4969512 -0.6525971 -0.5700148 -0.4991996 -0.7753577 -0.4093396 -0.4808967 -0.3536409 -0.3535866 0.8659762 -0.4096837 -0.7756936 -0.4800614 -0.5309729 -0.6863831 -0.4969367 -0.6527584 -0.5698329 -0.4991964 -0.775343 -0.4093659 -0.4808979 -0.3534944 -0.3535125 0.8660662 -0.40971 -0.7756857 -0.4800515 -0.5309032 -0.6864169 -0.4969646 -0.6526404 -0.5699982 -0.4991621 -0.7753443 -0.4093642 -0.4808974 -0.3533239 -0.3535472 0.8661216 -0.4096713 -0.7756971 -0.4800661 -0.5308794 -0.6864254 -0.4969783 -0.6527748 -0.5698728 -0.4991295 -0.7753451 -0.4093549 -0.4809039 -0.3533165 -0.3535398 0.8661276 -0.2455946 -0.8592169 -0.4488092 -0.2980538 -0.8349425 -0.4626393 -0.5747279 -0.6484038 -0.4992598 -0.613038 -0.6130145 -0.4983953 -0.3535546 -0.3535827 0.866013 -0.7234523 -0.483527 -0.492766 -0.812648 -0.3424043 -0.4715535 -0.8594239 -0.2458211 -0.4482887 -0.3536033 -0.3535469 0.8660078 -0.3535747 -0.3535579 0.8660149 -0.245584 -0.8592223 -0.4488047 -0.2982867 -0.8348386 -0.4626767 -0.5749533 -0.6482005 -0.4992643 -0.6130194 -0.6130312 -0.4983975 -0.3535632 -0.3535914 0.8660059 -0.7235878 -0.4833469 -0.4927439 -0.8126847 -0.3423177 -0.471553 -0.8594283 -0.2458077 -0.4482874 -0.3535573 -0.3535573 0.8660223 -0.3535752 -0.3535483 0.8660186 -0.2456031 -0.8592126 -0.4488127 -0.2984179 -0.8347789 -0.4626997 -0.5749935 -0.6481654 -0.4992636 -0.6130267 -0.6130267 -0.498394 -0.3536982 -0.3535665 0.865961 -0.3535758 -0.3535892 0.8660017 -0.7235035 -0.4834709 -0.492746 -0.8127203 -0.3422629 -0.4715313 -0.8594267 -0.2458226 -0.4482824 -0.2456043 -0.8592195 -0.448799 -0.2984784 -0.8347483 -0.4627159 -0.5750349 -0.6481191 -0.499276 -0.613035 -0.6130115 -0.4984025 -0.3534384 -0.3536078 0.8660503 -0.7235253 -0.483454 -0.4927306 -0.8127487 -0.342222 -0.4715123 -0.8594278 -0.2458129 -0.4482857 -0.3536027 -0.3535496 0.8660069 -0.3535751 -0.353555 0.8660159 -0.2456163 -0.8592149 -0.4488012 -0.2984036 -0.8347759 -0.4627142 -0.5750615 -0.6481059 -0.4992626 -0.613035 -0.6130115 -0.4984025 -0.3535121 -0.3534744 0.8660745 -0.3535376 -0.3535621 0.8660284 -0.3536235 -0.353549 0.8659987 -0.7235013 -0.4834707 -0.4927495 -0.8127582 -0.3422212 -0.4714966 -0.8594208 -0.245821 -0.4482944 -0.3535783 -0.3535448 0.8660188 -0.2455947 -0.8592175 -0.4488078 -0.2984009 -0.8347811 -0.4627069 -0.5750897 -0.6480867 -0.4992551 -0.6130106 -0.6130341 -0.4984047 -0.3536903 -0.3535585 0.8659674 -0.3535709 -0.3535844 0.8660057 -0.7234522 -0.4835025 -0.4927904 -0.8127388 -0.3422588 -0.4715026 -0.859434 -0.2457945 -0.4482839 -0.2455917 -0.8592193 -0.4488061 -0.2984566 -0.8347625 -0.4627044 -0.5750296 -0.6481205 -0.4992804 -0.6130275 -0.6130275 -0.4983919 -0.3536966 -0.3535837 0.8659546 -0.353577 -0.3535905 0.8660006 -0.7235377 -0.4833648 -0.4927999 -0.8127396 -0.3422663 -0.4714957 -0.8594334 -0.2457876 -0.4482889 -0.2456009 -0.8592169 -0.448806 -0.2984344 -0.8347688 -0.4627072 -0.5750733 -0.6480876 -0.4992727 -0.6130239 -0.6130239 -0.4984008 -0.3535591 -0.3535968 0.8660054 -0.7235854 -0.4833967 -0.4926984 -0.812766 -0.3422149 -0.4714874 -0.8594213 -0.2458143 -0.4482972 -0.3536036 -0.3535439 0.8660089 -0.3535684 -0.3535684 0.8660131 -0.2456124 -0.8592173 -0.4487987 -0.2984058 -0.8347769 -0.4627111 -0.575054 -0.6481114 -0.499264 -0.6130103 -0.6130338 -0.4984055 -0.3535788 -0.3535976 0.8659971 -0.723513 -0.4834444 -0.4927582 -0.8127621 -0.3422132 -0.4714955 -0.85942 -0.2458204 -0.4482963 -0.3535544 -0.3535478 0.8660273 -0.3535664 -0.3535664 0.8660148 -0.245587 -0.8592225 -0.4488027 -0.2983951 -0.834797 -0.462682 -0.5749909 -0.648149 -0.4992879 -0.6130392 -0.6130157 -0.4983922 -0.3534274 -0.3536156 0.8660516 -0.7235452 -0.4834001 -0.4927542 -0.8127406 -0.3422498 -0.4715059 -0.8594207 -0.2458171 -0.4482969 -0.3536047 -0.353545 0.8660079 -0.3535782 -0.3535581 0.8660135 -0.161026 -0.8890042 -0.4286516 0.01181751 -0.9276911 -0.3731616 0.06598532 -0.9340079 -0.3511058 -0.3134911 -0.827499 -0.465799 -0.3536175 -0.3535391 0.8660051 -0.3535392 -0.3535541 0.8660309 -0.787115 -0.3891493 -0.4785529 -0.9342282 0.06576651 -0.3505603 -0.9167855 -0.05284166 -0.3958688 -0.872664 -0.2086935 -0.4414801 -0.3535743 -0.3535381 0.8660231 -0.1608719 -0.8890771 -0.4285584 0.01175683 -0.9276859 -0.3731765 0.06597703 -0.9340092 -0.3511037 -0.3135046 -0.8274827 -0.4658191 -0.3536166 -0.3535382 0.8660058 -0.3535168 -0.3535542 0.8660401 -0.7871378 -0.3890978 -0.4785574 -0.9342244 0.06577479 -0.350569 -0.9168044 -0.05279672 -0.3958311 -0.8725968 -0.2088176 -0.4415544 -0.3536485 -0.3535519 0.8659872 -0.1607175 -0.8889977 -0.428781 0.01182943 -0.927694 -0.3731542 0.06597506 -0.9340103 -0.3511013 -0.3134952 -0.8275014 -0.4657921 -0.3536193 -0.3535372 0.8660051 -0.3535403 -0.3535552 0.86603 -0.7871119 -0.3891581 -0.4785507 -0.9342218 0.0657649 -0.3505775 -0.9167929 -0.05286848 -0.3958483 -0.8726682 -0.208763 -0.4414389 -0.353568 -0.3535197 0.8660333 -0.1609093 -0.8889933 -0.428718 0.0117439 -0.9276768 -0.3731997 0.06598496 -0.9340134 -0.3510913 -0.3135355 -0.8274787 -0.4658054 -0.3536168 -0.3535385 0.8660056 -0.3535163 -0.3535537 0.8660404 -0.787202 -0.3889976 -0.4785333 -0.9342306 0.06573897 -0.3505588 -0.9167897 -0.05276626 -0.3958693 -0.8726667 -0.2087791 -0.4414343 -0.3536467 -0.3535501 0.8659886 -0.1608659 -0.8890604 -0.4285952 0.01174432 -0.9276782 -0.3731962 0.06598889 -0.9340109 -0.3510972 -0.3135054 -0.8274906 -0.4658045 -0.3536179 -0.3535395 0.8660047 -0.3535164 -0.3535537 0.8660404 -0.7871798 -0.3890332 -0.4785407 -0.9342308 0.0657404 -0.3505585 -0.9168005 -0.05280166 -0.3958394 -0.8727177 -0.2085267 -0.4414528 -0.3536486 -0.3535521 0.8659871 -0.161153 -0.8889507 -0.4287149 0.01174479 -0.9276849 -0.3731793 0.0659511 -0.9340145 -0.3510948 -0.3134567 -0.827498 -0.465824 -0.3536192 -0.3535445 0.8660022 -0.3535386 -0.3535535 0.8660314 -0.7871624 -0.3890867 -0.4785261 -0.9342246 0.06576877 -0.3505695 -0.9167954 -0.0528497 -0.3958449 -0.8727082 -0.2084886 -0.4414893 -0.3535584 -0.3535222 0.8660362 -0.1615527 -0.8888472 -0.428779 0.0117771 -0.9276827 -0.3731839 0.06599974 -0.9340124 -0.3510911 -0.3134496 -0.8275015 -0.4658226 -0.3536199 -0.3535378 0.8660047 -0.3535151 -0.3535525 0.8660415 -0.7871648 -0.3890559 -0.4785469 -0.9342262 0.06575578 -0.3505676 -0.9168052 -0.05281549 -0.3958266 -0.8726418 -0.2086948 -0.4415233 -0.3536286 -0.3535562 0.8659936 -0.1610077 -0.888922 -0.4288288 0.01174509 -0.9276795 -0.3731926 0.06599313 -0.9340132 -0.3510903 -0.3135173 -0.8274875 -0.4658017 -0.3536168 -0.3535346 0.8660072 -0.7871763 -0.3890311 -0.4785482 -0.9342261 0.06578487 -0.3505625 -0.9167992 -0.05279928 -0.3958428 -0.8727142 -0.2087121 -0.441372 -0.3536462 -0.3535737 0.8659793 -0.1612655 -0.8889572 -0.4286592 0.01170563 -0.9276728 -0.373211 0.06599074 -0.9340089 -0.3511023 -0.3134784 -0.8274943 -0.4658161 -0.3535602 -0.3535452 0.8660259 -0.3535693 -0.3535544 0.8660186 -0.7872259 -0.3889353 -0.4785444 -0.9342308 0.06574988 -0.3505565 -0.9168143 -0.05270218 -0.3958208 -0.8726714 -0.2087737 -0.4414273 -0.3536034 -0.3535068 0.8660241 -0.1613119 -0.888899 -0.4287621 0.01181763 -0.9276862 -0.3731737 0.06596875 -0.9340132 -0.351095 -0.3134725 -0.827497 -0.4658151 -0.353609 -0.3535344 0.8660106 -0.3535432 -0.3535581 0.8660277 -0.7871664 -0.3890352 -0.4785611 -0.9342241 0.06577932 -0.3505688 -0.9168055 -0.05281341 -0.3958264 -0.8726921 -0.2086481 -0.441446 -0.353637 -0.3534922 0.8660163 -0.1604821 -0.889083 -0.4286924 0.01171559 -0.9276778 -0.3731982 0.06597214 -0.9340096 -0.3511035 -0.3136333 -0.8274389 -0.4658102 -0.3536246 -0.353535 0.8660039 -0.3535374 -0.3535524 0.8660324 -0.7872442 -0.3889085 -0.4785363 -0.9342233 0.06576591 -0.3505734 -0.9168398 -0.05263119 -0.3957712 -0.8727275 -0.2086009 -0.4413984 -0.3536446 -0.3535239 0.8660002 0.1701247 -0.9355393 -0.3095543 0.06611919 -0.93294 -0.3539085 -0.09179627 -0.908257 -0.408219 -0.3535327 -0.3535493 0.8660356 -0.8953515 -0.1401309 -0.42274 -0.9280926 0.01701205 -0.3719607 -0.9353349 0.1703405 -0.3100531 -0.3535763 -0.3535198 0.8660297 0.1701327 -0.9355388 -0.3095512 0.06602847 -0.9329358 -0.3539364 -0.09185731 -0.9082361 -0.4082517 -0.3535273 -0.3535438 0.8660399 -0.8953984 -0.1399821 -0.42269 -0.9281054 0.01704698 -0.371927 -0.935336 0.1703346 -0.3100528 -0.3535587 -0.3535399 0.8660287 0.1701452 -0.9355372 -0.3095496 0.06592696 -0.9329422 -0.3539387 -0.0917229 -0.9082476 -0.4082567 -0.3535287 -0.3535494 0.8660371 -0.3535737 -0.3535401 0.8660227 -0.3535318 -0.3535551 0.8660336 -0.8953831 -0.1400142 -0.4227117 -0.9281263 0.0171017 -0.3718726 -0.9353361 0.170335 -0.310052 0.170118 -0.9355445 -0.3095424 0.06596684 -0.93294 -0.353937 -0.09156143 -0.9082645 -0.4082551 -0.353532 -0.3535486 0.8660361 -0.8954153 -0.139958 -0.4226621 -0.9281044 0.01719206 -0.3719232 -0.9353404 0.1703295 -0.3100424 -0.3535809 -0.3535245 0.8660261 0.1701362 -0.9355397 -0.3095468 0.0660609 -0.9329332 -0.3539374 -0.09200012 -0.9082068 -0.4082847 -0.8954092 -0.1399241 -0.4226865 -0.9281129 0.01709657 -0.3719063 -0.9353378 0.1703397 -0.3100446 -0.3534431 -0.3535748 0.8660617 0.1701421 -0.9355389 -0.3095459 0.06594991 -0.9329364 -0.3539494 -0.09170633 -0.9082646 -0.4082224 -0.3535308 -0.3535473 0.8660371 -0.3536248 -0.3535354 0.8660036 -0.3535338 -0.3535493 0.8660351 -0.8954057 -0.1399266 -0.4226928 -0.92812 0.01718407 -0.3718846 -0.9353367 0.170333 -0.3100515 0.170119 -0.9355418 -0.3095499 -0.0917958 -0.9082528 -0.4082285 -0.3535298 -0.3535546 0.8660346 -0.3535758 -0.3535386 0.8660223 -0.3536028 -0.3535358 0.8660124 -0.8954125 -0.1399276 -0.4226781 -0.9281176 0.01709502 -0.3718947 -0.935341 0.1703252 -0.3100431 0.170121 -0.9355417 -0.3095493 0.06603801 -0.9329409 -0.3539212 -0.09185624 -0.9082256 -0.4082753 -0.3535346 -0.3535512 0.8660341 -0.8954164 -0.1399611 -0.4226588 -0.9281079 0.01717728 -0.3719151 -0.9353387 0.1703333 -0.3100457 -0.3535657 -0.3534904 0.8660461 0.1700997 -0.9355446 -0.3095524 0.06596112 -0.9329395 -0.3539395 -0.09179228 -0.9082275 -0.4082855 -0.3535283 -0.3535448 0.8660392 -0.8954367 -0.1398701 -0.4226459 -0.9280979 0.01715075 -0.3719412 -0.9353346 0.1703472 -0.3100503 -0.353688 -0.3534998 0.8659923 0.1701433 -0.9355359 -0.3095548 0.06592738 -0.9329345 -0.3539591 -0.09169489 -0.9082509 -0.4082553 -0.3535234 -0.3535482 0.8660398 -0.8954183 -0.1399613 -0.4226546 -0.9280869 0.01715713 -0.3719682 -0.9353373 0.1703476 -0.3100419 -0.3535956 -0.3535579 0.8660064 0.5234177 -0.8426085 -0.1266695 0.2383417 -0.9293119 -0.282086 0.386927 -0.8981791 -0.2087152 -0.3534988 -0.3535683 0.8660417 -0.9106699 0.3416471 -0.2322883 -0.9336146 0.190707 -0.3033065 -0.8471332 0.5142173 -0.1339627 -0.8422852 0.5237382 -0.1274909 0.5234078 -0.8426142 -0.1266712 0.2383743 -0.929301 -0.2820944 0.3869314 -0.8981793 -0.2087057 -0.3535441 -0.3535618 0.8660258 -0.910636 0.3416993 -0.2323445 -0.9336209 0.1907091 -0.3032855 -0.8471165 0.5142483 -0.1339495 -0.8422968 0.52372 -0.12749 0.5233825 -0.8426293 -0.1266763 0.2381915 -0.9293407 -0.2821182 0.3870385 -0.8981336 -0.2087036 -0.353497 -0.3535666 0.8660431 -0.9107287 0.3414745 -0.2323111 -0.9336109 0.1907143 -0.3033131 -0.8471608 0.5141659 -0.133985 -0.8422791 0.5237489 -0.1274884 0.5234107 -0.8426133 -0.1266652 0.2382433 -0.9293287 -0.282114 0.3869252 -0.8981748 -0.2087365 -0.3535439 -0.35356 0.8660266 -0.9106695 0.3416147 -0.2323373 -0.9336156 0.1907356 -0.3032854 -0.8471156 0.5142543 -0.1339319 -0.8422889 0.5237331 -0.1274882 0.5233934 -0.8426242 -0.1266646 0.2382431 -0.929328 -0.2821165 0.3869549 -0.8981692 -0.2087063 -0.3535414 -0.3535608 0.8660273 -0.9106695 0.3416472 -0.2322893 -0.933615 0.1907112 -0.3033023 -0.84713 0.5142319 -0.1339269 -0.8422796 0.5237476 -0.1274896 0.5234073 -0.8426146 -0.1266714 0.2383245 -0.9293068 -0.282118 0.386947 -0.8981689 -0.2087219 -0.3534989 -0.3535636 0.8660435 -0.9106376 0.3417002 -0.2323366 -0.9336227 0.190696 -0.3032884 -0.847118 0.5142502 -0.133932 -0.8422912 0.5237318 -0.1274778 0.5233832 -0.8426294 -0.1266724 0.2382274 -0.9293292 -0.2821258 0.3869419 -0.8981752 -0.2087037 -0.3534985 -0.3535664 0.8660425 -0.910641 0.3417015 -0.2323213 -0.9336123 0.1907358 -0.3032953 -0.8471297 0.5142272 -0.1339468 -0.8422905 0.5237336 -0.1274753 0.5233783 -0.8426329 -0.1266696 0.2381936 -0.9293357 -0.2821334 0.3869669 -0.8981587 -0.2087291 -0.353498 -0.3535659 0.8660429 -0.9106283 0.3417615 -0.2322829 -0.9336183 0.1907286 -0.3032813 -0.8471224 0.5142406 -0.1339415 -0.8422889 0.5237331 -0.1274873 0.5234016 -0.8426176 -0.1266747 0.238207 -0.9293389 -0.2821109 0.3870027 -0.8981512 -0.2086949 -0.9106876 0.3416212 -0.2322564 -0.9336068 0.1907814 -0.3032838 -0.847092 0.5143048 -0.1338867 -0.8422935 0.5237233 -0.127498 0.5233709 -0.8426347 -0.1266883 0.238218 -0.9293333 -0.2821202 0.387046 -0.8981273 -0.2087173 -0.3535 -0.3535679 0.8660414 -0.9106426 0.3417176 -0.2322915 -0.9336265 0.1906572 -0.3033006 -0.8471173 0.5142511 -0.1339338 -0.8422831 0.5237451 -0.1274769 0.5234041 -0.8426167 -0.1266703 0.2383297 -0.9293205 -0.2820683 0.3869696 -0.8981571 -0.2087302 -0.3535436 -0.3535566 0.8660281 -0.9106622 0.3417402 -0.2321808 -0.9336056 0.1908484 -0.3032447 -0.8470295 0.5144225 -0.1338308 -0.8422809 0.5237473 -0.1274822 0.5524367 -0.8263145 -0.1096278 0.4185199 -0.8877795 -0.1915434 0.2720309 -0.9246645 -0.2664484 -0.3535184 -0.3535556 0.8660388 -0.9305119 0.227326 -0.287177 -0.8466073 0.5147096 -0.1353886 -0.8262943 0.5524566 -0.1096787 0.5524455 -0.8263089 -0.1096249 0.4184273 -0.8878145 -0.1915827 0.2719646 -0.9246796 -0.2664642 -0.3535193 -0.3535584 0.8660373 -0.9304929 0.2274781 -0.2871183 -0.84654 0.5148401 -0.1353138 -0.8262832 0.5524747 -0.1096724 0.5524351 -0.8263165 -0.1096205 0.4184973 -0.8877846 -0.1915691 0.2718728 -0.9247013 -0.2664823 -0.3535745 -0.353554 0.8660166 -0.9304812 0.2275475 -0.2871011 -0.8465514 0.5148235 -0.1353055 -0.8262931 0.5524595 -0.109674 0.5524353 -0.8263159 -0.109623 0.4185618 -0.8877553 -0.1915633 0.2719113 -0.9246841 -0.2665027 -0.3535195 -0.3535568 0.8660379 -0.930477 0.2275674 -0.2870985 -0.8465307 0.5148637 -0.1352818 -0.8262888 0.5524652 -0.1096776 0.5524328 -0.8263168 -0.1096291 0.4184843 -0.8877915 -0.1915652 0.2718867 -0.9246932 -0.266496 -0.3535156 -0.3535566 0.8660395 -0.9304863 0.2275627 -0.2870727 -0.8465042 0.5149101 -0.1352717 -0.8262965 0.5524544 -0.1096749 0.5524572 -0.8263022 -0.1096171 0.4185672 -0.8877553 -0.1915521 0.271892 -0.9246924 -0.2664933 -0.3535683 -0.3535459 0.8660224 -0.9304846 0.2275789 -0.2870652 -0.8465224 0.5148764 -0.1352859 -0.8262934 0.5524599 -0.1096703 0.5524548 -0.8263031 -0.1096217 0.4186022 -0.8877353 -0.1915681 0.2718665 -0.9246987 -0.2664974 -0.3535202 -0.3535612 0.8660358 -0.9304664 0.2276287 -0.2870845 -0.8465372 0.5148529 -0.1352828 -0.8262926 0.5524593 -0.1096791 0.5524236 -0.8263236 -0.1096248 0.4184504 -0.8878023 -0.1915891 0.2719274 -0.9246832 -0.2664893 -0.3535749 -0.3535451 0.8660201 -0.9304795 0.2276179 -0.2870507 -0.8465211 0.5148798 -0.1352809 -0.8262867 0.5524708 -0.109665 0.5524909 -0.8262798 -0.1096158 0.4184797 -0.8877957 -0.1915556 0.2719218 -0.9246915 -0.2664662 -0.353574 -0.3535516 0.8660178 -0.9304801 0.2276241 -0.2870438 -0.8464906 0.5149404 -0.1352413 -0.8262724 0.5524907 -0.109673 0.5524567 -0.8263027 -0.1096158 0.4184876 -0.8877895 -0.1915672 0.2719185 -0.9246896 -0.2664764 -0.3535236 -0.3535646 0.866033 -0.9304841 0.2275876 -0.2870597 -0.8465222 0.5148824 -0.1352638 -0.8262999 0.5524457 -0.1096925 0.5942109 -0.7999126 -0.08398437 0.7071066 -0.707107 -4.99324e-7 0.7071049 -0.7071088 9.91398e-7 -0.3535596 -0.3535498 0.8660243 -0.3535531 -0.3535531 0.8660257 -0.7071046 0.707109 3.73128e-7 -0.707113 0.7071006 0 -0.7071215 0.7070921 1.47243e-5 -0.7071024 0.7071112 -5.51039e-7 -0.7385016 0.6737338 -0.02642202 0.5941346 -0.7999659 -0.08401614 0.7071078 -0.7071058 0 0.7071068 -0.7071068 5.23814e-7 -0.3535533 -0.3535517 0.8660261 -0.3535529 -0.3535546 0.8660252 -0.7071038 0.7071098 -3.73128e-7 -0.7071068 0.7071068 2.65219e-7 -0.7071068 0.7071068 3.71642e-7 -0.7384731 0.6737672 -0.02636599 0.5941546 -0.799952 -0.08400636 0.707106 -0.7071077 -3.33009e-7 0.7071079 -0.7071057 2.673e-7 -0.3535536 -0.3535504 0.8660266 -0.3535531 -0.3535547 0.866025 -0.7071046 0.707109 -3.73128e-7 -0.7071025 0.7071111 -2.6936e-7 -0.7071141 0.7070995 -3.64522e-7 -0.7383916 0.6738569 -0.02635866 0.594192 -0.7999255 -0.08399462 0.7071073 -0.7071063 -9.15604e-7 0.7071036 -0.7071101 -2.72584e-7 -0.3535592 -0.3535495 0.8660247 -0.7071046 0.707109 4.6641e-7 -0.7071068 0.7071068 -4.15502e-7 -0.7071096 0.707104 -1.7656e-7 -0.7384658 0.6737754 -0.02636444 0.5941491 -0.7999567 -0.08400154 0.7071049 -0.7071086 0 0.7071125 -0.7071012 0 -0.3535585 -0.3535504 0.8660245 -0.3535413 -0.3535559 0.8660293 -0.7071046 0.707109 4.19769e-7 -0.7070999 0.7071137 -2.88068e-7 -0.7071095 0.7071041 -1.69431e-7 -0.7385731 0.6736567 -0.02639091 0.5941848 -0.7999303 -0.08399999 0.7071058 -0.7071078 6.24382e-7 0.7071045 -0.7071092 -1.57762e-6 -0.3535538 -0.3535538 0.8660251 -0.3535542 -0.353551 0.8660262 -0.7071046 0.707109 0 -0.7071068 0.7071068 0 -0.7071055 0.7071081 0 -0.7384556 0.6737872 -0.02634936 0.5941437 -0.7999604 -0.08400458 0.7071065 -0.7071071 -3.01742e-7 0.707108 -0.7071056 3.00899e-7 -0.3535534 -0.3535534 0.8660255 -0.7071117 0.707102 -1.06059e-6 -0.7383778 0.6738719 -0.02636128 0.5941682 -0.7999417 -0.08401 0.7071062 -0.7071075 -2.91267e-7 0.7071019 -0.7071117 1.52294e-7 -0.3535532 -0.3535532 0.8660257 -0.3535533 -0.3535533 0.8660255 -0.7071092 0.7071043 1.52988e-7 -0.7071061 0.7071075 -1.66421e-7 -0.7384268 0.6738169 -0.02639728 0.594148 -0.7999566 -0.08400964 0.7071065 -0.7071071 0 -0.3535596 -0.35355 0.8660243 -0.3535542 -0.353551 0.8660261 -0.7071068 0.7071068 1.23765e-6 -0.7071015 0.7071121 6.6563e-7 -0.7385179 0.6737182 -0.02636849 0.5941674 -0.7999418 -0.08401435 0.7071055 -0.7071081 3.32812e-7 0.7071043 -0.7071093 0 -0.3535541 -0.3535509 0.8660261 -0.7071043 0.7071093 -1.25047e-6 -0.7071055 0.7071081 9.98443e-7 -0.7383816 0.6738668 -0.02638679 0.5941723 -0.7999389 -0.0840063 0.7071032 -0.7071105 1.66409e-7 0.7071143 -0.7070993 6.26892e-7 -0.3535591 -0.3535527 0.8660234 -0.7071043 0.7071093 0 -0.7071055 0.7071081 6.65639e-7 -0.7384361 0.673808 -0.0263611 0.594172 -0.7999384 -0.08401405 0.7071042 -0.7071095 -1.00036e-6 0.7071638 -0.7070497 4.75296e-6 0.7070993 -0.7071143 0 -0.3535581 -0.3535516 0.8660243 -0.3535407 -0.3535568 0.8660292 -0.707104 0.7071097 -1.42297e-6 -0.7071462 0.7070674 0 -0.7071018 0.7071118 6.22383e-7 -0.7384322 0.6738132 -0.02633869 0.5942136 -0.799909 -0.08399981 0.7071045 -0.7071092 -6.66808e-7 0.7070994 -0.7071142 -1.23769e-6 -0.3535404 -0.3535566 0.8660294 -0.707104 0.7071096 1.42258e-6 -0.7071501 0.7070634 -1.08299e-5 -0.738427 0.6738171 -0.02638483 0.5941122 -0.7999818 -0.08402168 0.7071045 -0.7071092 -6.6676e-7 0.7071068 -0.7071068 -1.13551e-5 0.7071093 -0.7071044 1.22393e-6 -0.3535431 -0.3535528 0.8660299 -0.3535546 -0.3535513 0.8660259 -0.7071046 0.707109 7.46256e-7 -0.707104 0.7071096 0 -0.7071306 0.7070831 -1.18566e-5 -0.7071092 0.7071043 2.43673e-6 0.5941329 -0.7999675 -0.08401238 0.7071088 -0.7071048 3.33407e-7 0.7070819 -0.7071318 0 0.7071117 -0.707102 0 -0.3535544 -0.3535512 0.866026 -0.7071038 0.7071098 1.49251e-6 -0.7071154 0.7070983 -2.84586e-6 -0.7070799 0.7071337 0 -0.7070996 0.707114 1.80546e-6 -0.7384682 0.6737725 -0.02636671 0.5941685 -0.7999408 -0.08401536 0.7071045 -0.7071091 0 0.7071676 -0.707046 0 0.7071045 -0.7071092 1.19136e-6 -0.3535548 -0.3535581 0.8660229 -0.3535537 -0.3535537 0.8660251 -0.7071053 0.7071083 -1.4925e-6 -0.7071125 0.7071011 2.84456e-6 -0.7071441 0.7070695 -3.72652e-5 -0.7071068 0.7071068 2.34826e-6 -0.7383292 0.6739273 -0.02630656 0.5941444 -0.7999577 -0.08402401 0.7071025 -0.7071111 -6.66464e-7 0.7071596 -0.707054 -2.6426e-5 0.7071091 -0.7071045 1.15238e-6 -0.3535526 -0.3535558 0.8660247 -0.353558 -0.3535548 0.866023 -0.7071053 0.7071083 0 -0.707104 0.7071096 1.42025e-6 -0.7072044 0.7070091 4.88131e-5 -0.7071068 0.7071068 -1.1294e-6 -0.7383741 0.6738772 -0.02632951 0.594163 -0.7999454 -0.08401113 0.7071048 -0.7071088 3.3298e-7 0.7065729 -0.7076402 -2.66833e-4 0.7071112 -0.7071024 1.1081e-6 -0.3535552 -0.3535519 0.8660254 -0.3535658 -0.3535529 0.8660206 -0.7071068 0.7071068 7.46252e-7 -0.7071046 0.707109 0 -0.7071154 0.7070981 -2.8759e-6 -0.7384421 0.6738011 -0.02636933 0.5941537 -0.7999507 -0.08402574 0.7071055 -0.7071081 6.6592e-7 0.7071046 -0.7071089 0 -0.3535575 -0.3535543 0.8660234 -0.3535528 -0.3535561 0.8660246 -0.7071111 0.7071025 0 -0.7071039 0.7071098 -1.47188e-6 -0.7383298 0.6739238 -0.02637958 0.5941495 -0.7999548 -0.08401632 0.7071061 -0.7071075 -9.992e-7 0.7071089 -0.7071047 -1.06091e-6 -0.3535571 -0.3535538 0.8660238 -0.3535624 -0.3535527 0.866022 -0.7071083 0.7071053 1.49251e-6 -0.7071026 0.707111 2.0954e-6 -0.7071129 0.7071008 -4.52975e-6 -0.7384661 0.6737756 -0.02634888 0.5941419 -0.79996 -0.08402025 0.7071071 -0.7071065 9.99164e-7 0.7071068 -0.7071068 -2.20414e-6 -0.353555 -0.353555 0.8660241 -0.7071108 0.7071028 -1.98314e-6 -0.7071068 0.7071068 3.24153e-6 -0.7383718 0.6738799 -0.02632421 0.7071046 -0.707109 -5.49636e-7 0.8415101 -0.5245126 0.1294121 -0.3535864 -0.3535524 0.8660124 -0.5245144 0.8415089 0.1294115 -0.524526 0.841502 0.1294102 -0.3535674 -0.3535071 0.8660387 -0.353547 -0.3535683 0.866022 0.7071068 -0.7071068 4.98817e-7 0.8414936 -0.5245394 0.1294106 -0.3535856 -0.35355 0.8660137 -0.5245147 0.8415094 0.1294073 -0.524531 0.8414986 0.1294114 -0.3535177 -0.3535574 0.8660384 -0.3535239 -0.3535392 0.8660433 -0.3535637 -0.3535749 0.8660123 0.7071087 -0.7071049 2.41338e-7 0.8414922 -0.5245414 0.1294115 -0.3535867 -0.3535495 0.8660134 -0.5245144 0.8415091 0.1294108 -0.5245259 0.8415019 0.1294116 -0.353524 -0.3535593 0.8660351 -0.3535307 -0.3535409 0.8660398 -0.3535627 -0.3535777 0.8660117 0.7071087 -0.7071049 -1.17113e-6 0.8415013 -0.5245258 0.1294153 -0.3535892 -0.3535521 0.8660113 -0.5245146 0.8415094 0.129408 -0.5245212 0.841506 0.1294036 -0.3535184 -0.3535714 0.8660324 -0.3535254 -0.3535509 0.8660379 -0.3535597 -0.3535671 0.8660174 0.7071104 -0.7071033 0 0.8415074 -0.5245174 0.1294099 -0.3535863 -0.3535507 0.866013 -0.5244975 0.8415188 0.1294161 -0.5245156 0.8415085 0.1294091 -0.3535619 -0.3535015 0.8660432 -0.3535385 -0.3535717 0.866024 0.7071068 -0.7071068 1.24422e-6 0.8414945 -0.5245392 0.1294056 -0.3535876 -0.3535504 0.8660128 -0.5245147 0.8415094 0.1294077 -0.524526 0.8415021 0.1294087 -0.3535649 -0.3535166 0.8660358 -0.3535624 -0.3535695 0.8660153 0.7071052 -0.7071084 0 0.8414934 -0.5245393 0.1294115 -0.3535866 -0.353551 0.8660129 -0.7071036 0.7071101 8.14898e-7 -0.52452 0.8415066 0.129405 -0.524526 0.8415021 0.1294094 -0.3535185 -0.3535627 0.8660359 -0.3535217 -0.3535421 0.866043 -0.3535646 -0.3535758 0.8660117 0.7071117 -0.707102 2.02497e-7 0.8414917 -0.5245429 0.129408 -0.3535889 -0.3535501 0.8660122 -0.7071068 0.7071068 8.05706e-7 -0.5245196 0.8415057 0.1294121 -0.5245258 0.8415018 0.1294123 -0.353524 -0.3535506 0.8660385 -0.3535308 -0.3535462 0.8660376 -0.3535462 -0.3535761 0.8660191 0.7071036 -0.70711 0 0.8415132 -0.524507 0.1294139 -0.3535442 -0.3535605 0.8660264 -0.7071132 0.7071004 1.98887e-7 -0.5245367 0.8414962 0.1294041 -0.3535281 -0.3535634 0.8660317 -0.3535185 -0.3535338 0.8660477 -0.3535761 -0.3535687 0.8660099 0.70711 -0.7071036 3.95267e-7 0.8415075 -0.5245171 0.12941 -0.3535413 -0.3535575 0.8660287 -0.7071099 0.7071037 1.17983e-6 -0.5245267 0.8415032 0.1294002 -0.3535549 -0.3535066 0.866044 -0.3535475 -0.3535711 0.8660206 0.8414945 -0.5245389 0.129406 -0.7071068 0.7071068 3.9214e-7 -0.5245364 0.8414956 0.1294098 -0.3535611 -0.3535369 0.8660291 -0.353563 -0.3535677 0.8660157 0.7071105 -0.7071031 -1.38069e-6 0.8415058 -0.5245186 0.1294151 -0.5245262 0.8415024 0.1294073 -0.3535677 -0.3535194 0.8660334 -0.3535622 -0.353567 0.8660163 0.8415097 -0.5245124 0.1294158 -0.5244923 0.8415221 0.1294161 -0.5245255 0.8415014 0.1294158 -0.3535208 -0.3535737 0.8660305 -0.3535318 -0.3535267 0.8660451 -0.3535621 -0.3535771 0.8660122 0.8414971 -0.5245336 0.1294113 -0.5245196 0.8415058 0.1294114 -0.5245366 0.8414959 0.129407 -0.353533 -0.3535507 0.8660349 -0.3535188 -0.3535443 0.8660433 0.7071031 -0.7071105 0 0.8415075 -0.5245171 0.1294099 -0.3535433 -0.3535594 0.8660271 -0.5245265 0.841503 0.1294016 -0.3535344 -0.3535521 0.8660337 -0.35352 -0.3535354 0.8660464 -0.3535729 -0.3535729 0.8660095 0.7071105 -0.7071031 0 0.8414945 -0.5245389 0.129407 -0.5245202 0.8415068 0.1294029 -0.5245192 0.8415052 0.1294171 -0.3535519 -0.3535784 0.8660158 -0.353541 -0.353536 0.8660376 -0.3535799 -0.3535426 0.8660191 0.7071105 -0.7071031 1.84122e-6 0.8414984 -0.5245308 0.1294137 -0.3535543 -0.3535543 0.8660247 -0.3535935 -0.3535414 0.866014 0.7071105 -0.7071031 0 0.8414998 -0.524531 0.1294049 -0.3535417 -0.3535546 0.8660297 -0.5244988 0.8415187 0.129412 -0.3536114 -0.3535631 0.8659978 -0.3535825 -0.3535446 0.8660172 0.707103 -0.7071107 1.90762e-6 0.8415032 -0.5245238 0.1294109 -0.3534956 -0.3535668 0.8660436 -0.3535684 -0.3535684 0.8660133 -0.3535822 -0.3535349 0.8660212 0.8415074 -0.5245128 0.1294279 -0.3534996 -0.3535707 0.8660404 -0.5244826 0.8415295 0.129408 -0.3535438 -0.3535703 0.8660224 -0.3535245 -0.3535347 0.8660449 -0.3535938 -0.3535341 0.8660168 0.7071027 -0.707111 0 0.8414918 -0.5245441 0.1294037 -0.3534968 -0.3535583 0.8660466 -0.3535546 -0.3535811 0.8660136 -0.3535975 -0.3535453 0.8660107 0.9330119 -0.06700724 0.3535521 0.8415175 -0.524501 0.1294111 -0.353539 -0.3535522 0.8660318 -0.3537291 -0.3535481 0.8659558 -0.067007 0.9330121 0.3535513 -0.06698411 0.933015 0.3535481 0.933012 -0.06700253 0.3535524 0.8415241 -0.5244908 0.1294085 -0.06700628 0.933014 0.3535463 -0.3535894 -0.3536135 0.8659862 0.9330126 -0.06699794 0.3535518 0.8415242 -0.5244908 0.1294078 -0.06700849 0.9330103 0.3535558 -0.0669834 0.933016 0.3535456 -0.3535833 -0.3535954 0.8659961 0.9330126 -0.06700456 0.3535504 0.841514 -0.5245075 0.129407 -0.06700772 0.9330105 0.3535555 -0.06698256 0.9330163 0.3535449 -0.3535832 -0.3536194 0.8659863 0.9330125 -0.06700044 0.3535518 0.8415077 -0.524518 0.1294062 -0.3535357 -0.3535534 0.8660327 -0.3537302 -0.3535371 0.86596 -0.067007 0.9330122 0.3535511 -0.06698471 0.9330119 0.353556 0.9330119 -0.06699532 0.3535543 -0.3534153 -0.3535655 0.8660769 -0.3537323 -0.3535633 0.8659483 0.9330121 -0.06699103 0.3535544 0.841524 -0.5244906 0.1294111 -0.06700688 0.9330109 0.3535545 -0.06698405 0.9330135 0.3535519 -0.3535863 -0.3535983 0.8659937 0.9330127 -0.0669862 0.3535537 0.8415127 -0.5245096 0.1294068 -0.06698328 0.9330151 0.3535481 -0.3535851 -0.3536213 0.8659849 0.9330129 -0.06700479 0.3535498 0.8415019 -0.5245259 0.1294116 -0.06703084 0.9330116 0.3535483 -0.3535912 -0.3536153 0.8659847 0.9330131 -0.06698894 0.3535521 0.8415124 -0.5245094 0.1294103 -0.3535398 -0.3535574 0.8660294 -0.3537251 -0.353532 0.865964 -0.06698465 0.9330111 0.3535583 0.9330112 -0.06699544 0.3535559 0.8415191 -0.5244992 0.1294078 -0.3534158 -0.353566 0.8660764 -0.3537295 -0.3535605 0.8659506 0.9330143 -0.06697928 0.3535506 0.8415116 -0.5245088 0.1294174 -0.3534164 -0.3535622 0.8660778 -0.3537191 -0.3535743 0.8659493 -0.06700634 0.9330146 0.3535451 0.9330133 -0.06698644 0.3535521 -0.06702941 0.9330151 0.3535395 -0.3535875 -0.3536117 0.8659878 0.9330133 -0.06699329 0.353551 0.8415132 -0.5245098 0.1294032 0.9330121 -0.06700038 0.3535525 0.8415122 -0.5245092 0.1294117 -0.06700474 0.9330156 0.3535425 -0.06698459 0.9330101 0.3535608 -0.3536123 -0.3536123 0.8659773 0.9330149 -0.0669831 0.3535485 -0.06700778 0.9330116 0.3535526 -0.06700927 0.9330095 0.3535577 -0.3535228 -0.3535711 0.8660308 0.9330159 -0.06696265 0.3535499 0.8415119 -0.524509 0.1294145 -0.353407 -0.3535307 0.8660945 -0.3535654 -0.3535654 0.8660157 -0.06703239 0.9330099 0.3535521 -0.06698501 0.9330159 0.3535456 0.9330165 -0.06699144 0.3535428 -0.3534259 -0.3535496 0.866079 -0.3535432 -0.3535432 0.8660337 -0.06702911 0.9330102 0.3535521 -0.06698644 0.9330128 0.3535532 0.9330163 -0.06695312 0.3535503 0.8415107 -0.5245082 0.1294259 -0.3534221 -0.3535546 0.8660786 -0.3535647 -0.3535406 0.8660261 -0.06702935 0.933014 0.353542 -0.0669859 0.9330052 0.3535734 0.9330166 -0.06697916 0.3535446 0.841495 -0.524536 0.1294155 -0.06700599 0.9330098 0.3535577 -0.06698632 0.933011 0.3535583 -0.3535585 -0.3535706 0.8660163 0.9330165 -0.0669856 0.3535435 0.8414956 -0.5245364 0.1294098 -0.3535258 -0.35355 0.8660381 0.7745096 0.4085023 0.4829708 0.4085093 0.7745068 0.4829696 0.4085248 0.774504 0.4829607 0.7745079 0.4085046 0.4829716 0.9330138 -0.06699472 0.3535491 0.408479 0.7745279 0.4829612 0.7745055 0.4085096 0.4829713 0.933016 -0.0669949 0.3535434 0.4084796 0.7745289 0.482959 0.4085283 0.7744991 0.4829656 0.7744997 0.4085227 0.4829697 0.9330133 -0.06698483 0.3535525 0.408529 0.7745006 0.4829629 0.7745038 0.4085166 0.4829679 0.9330135 -0.06700628 0.3535479 0.4084834 0.7745245 0.4829629 0.4085027 0.7745174 0.4829578 0.7745094 0.4085011 0.4829722 0.9330152 -0.06699484 0.3535456 0.408479 0.7745279 0.4829614 0.4085056 0.7745115 0.4829652 0.7745078 0.4085049 0.4829716 0.9330145 -0.06700634 0.3535454 0.4084799 0.7745295 0.4829578 0.4085099 0.7745081 0.4829668 0.7745055 0.4085099 0.482971 0.9330143 -0.06699478 0.3535478 0.4085254 0.7745052 0.4829585 0.7745054 0.4085132 0.4829684 0.9330174 -0.06698346 0.3535418 0.4085013 0.7745149 0.4829632 0.4085016 0.7745154 0.482962 0.774506 0.4085065 0.482973 0.9330136 -0.06700628 0.3535475 0.4084841 0.774526 0.48296 0.4085106 0.7745094 0.482964 0.774502 0.4085221 0.4829663 0.4084751 0.774532 0.482958 0.4085095 0.7745074 0.4829685 0.7745097 0.4084949 0.482977 0.9330155 -0.0670064 0.3535425 0.7745142 0.4084917 0.4829723 0.7745009 0.4085225 0.4829676 0.4084898 0.7745136 0.4829753 0.774503 0.4085166 0.4829694 0.4084666 0.7745366 0.4829579 0.4085372 0.7744929 0.4829681 0.7745044 0.4085124 0.4829706 0.933016 -0.0669834 0.3535456 0.4084937 0.7745235 0.4829556 0.4085208 0.7745081 0.4829575 0.7745177 0.4084938 0.4829649 0.9330096 -0.06700766 0.3535577 0.408501 0.7745143 0.4829643 0.4084915 0.7745193 0.4829645 0.7745014 0.4085199 0.4829691 0.9330142 -0.06693708 0.3535593 0.4085287 0.7744999 0.4829639 0.7745068 0.4085116 0.4829675 0.9330145 -0.06700801 0.3535451 0.4085022 0.7745165 0.4829598 0.7745035 0.4085072 0.4829762 0.933014 -0.06698489 0.3535507 0.4084661 0.7745354 0.4829601 0.4085299 0.7745022 0.4829595 0.7744989 0.4085214 0.4829719 0.9330146 -0.06696021 0.3535537 0.7745039 0.4085083 0.482975 0.7745239 0.408483 0.4829644 0.7745229 0.4084824 0.4829663 0.7745249 0.4084836 0.4829624 0.7745245 0.4084834 0.482963 0.7745244 0.4084833 0.4829633 0.774524 0.4084831 0.4829639 0.7745257 0.4084949 0.4829512 0.774526 0.4084841 0.48296 0.7745187 0.4085034 0.4829555 0.7745246 0.4084943 0.4829534 0.7745143 0.408501 0.4829643 0.7745156 0.4084908 0.4829708 0.7745211 0.4084937 0.4829598 0.7745219 0.4084711 0.4829776 0.774524 0.4084722 0.4829732 0.6553263 -0.4469621 0.6089109 0.6549169 -0.4424928 0.6126043 -0.8416443 0.3606605 0.4019442 -0.8415072 0.3616271 0.4013622 0.3295285 -0.8666742 0.3745489 0.3613709 -0.8417176 0.401152 -0.8269331 0.4402928 0.3497487 0.6121942 0.6124777 0.5000894 -0.826482 0.4071629 0.3887749 0.5191535 -0.686264 0.5094326 0.6393945 0.4971173 0.586557 0.6440985 0.4900839 0.5873287 -0.8254086 0.4015519 0.3968083 -0.841138 0.3612716 0.4024548 0.3895764 -0.8166044 0.425896 0.3608977 -0.8414451 0.4021481 0.612434 0.6123399 0.4999645 0.6123576 0.6123805 0.5000084 0.6123622 0.6123785 0.5000053 0.6123089 0.6124088 0.5000333 0.612412 0.6123574 0.4999701 0.6124067 0.6123519 0.4999833 0.6123853 0.6123669 0.499991 0.6123843 0.6123627 0.4999974 0.6967728 0.1903982 0.6915608 0.6996772 0.1846289 0.6901913 0.2122061 -0.8775505 0.4299697 0.5193973 -0.6860967 0.5094093 -0.8076147 0.399382 0.4338808 -0.87098 0.2004097 0.4485866 -0.8707063 0.1971438 0.4505607 0.4709666 0.2253949 -0.8528702 0.4709668 0.2253941 -0.8528704 0.2253936 0.4709668 -0.8528705 -0.6123708 -0.6123726 -0.5000019 0.2253898 0.4709693 -0.8528701 0.3794484 -0.8122213 0.443075 -0.8490469 0.2157143 0.4822725 -0.8490228 0.2305731 0.4753909 0.2000102 -0.8712645 0.4482121 0.2270513 -0.8516981 0.4722903 0.6632524 -0.1378903 0.7355831 0.6615313 -0.1313679 0.7383217 0.6227692 0.5054082 0.5972614 0.6283656 0.4959888 0.5992928 0.3535514 0.3535521 -0.8660268 0.3535536 0.3535519 -0.866026 -0.612379 -0.6123687 -0.4999966 -0.8045843 0.3368938 0.4890262 -0.8032712 0.3380289 0.4903997 -0.8178092 0.298727 0.4918844 0.1220282 -0.8518753 0.5093307 -0.8543357 0.1303712 0.5031042 -0.6123518 -0.6123822 -0.5000134 0.6460936 0.2074778 0.7345175 0.6492678 0.1998203 0.7338414 0.5563058 -0.4419159 0.7037288 0.5557953 -0.4347214 0.7085965 0.63602 -0.006002724 -0.7716493 0.6360524 -0.005990624 -0.7716227 -0.006019234 0.6360375 -0.7716347 -0.612381 -0.612369 -0.4999938 -0.6123795 -0.6123691 -0.4999955 -0.6123649 -0.6123773 -0.5000033 -0.612378 -0.6123721 -0.4999938 -0.612389 -0.6123601 -0.4999949 -0.6123727 -0.6123727 -0.4999994 -0.6123772 -0.6123665 -0.5000016 -0.005997121 0.636028 -0.7716428 -0.8215956 0.2485253 0.5130458 -0.8215804 0.2500774 0.5123155 0.2189069 -0.8466207 0.485091 0.2497072 -0.8219 0.5119832 0.4352185 -0.6907805 0.5774143 0.606258 0.5208926 0.6009345 0.6110097 0.5098215 0.6055983 0.4095194 -0.6276752 0.6620557 0.4022158 -0.6845365 0.6079739 0.3067401 -0.7965145 0.5210328 -0.8208828 0.2493678 0.5137774 0.2781769 -0.7955214 0.5382966 0.2488844 -0.8212918 0.513358 -0.8346468 0.08982598 0.5434116 -0.8319031 0.07848346 0.5493431 0.007855057 -0.8090272 0.5877189 0.08997321 -0.834533 0.5435619 -0.8114175 0.09886682 0.5760445 -0.8134974 0.1176572 0.5695427 0.1135531 -0.8167209 0.5657497 0.5804368 -0.1215199 0.8051871 0.5787367 -0.1132493 0.8076129 -0.7875539 -0.03204429 0.6154121 -0.7909054 -0.01736402 0.6116922 0.5894666 0.5319365 0.607925 0.594546 0.5181556 0.6148414 0.5942519 0.2314999 0.7702419 0.5971 0.222863 0.7705866 -0.7966266 0.2458218 0.5522298 -0.7905335 0.2522267 0.5580669 -0.7910498 0.2494204 0.5585961 0.5689808 0.5973488 0.5651862 -0.7070813 0.7071322 0 -0.7071182 0.7070955 -2.26159e-6 -0.7071118 0.7071018 -4.9763e-6 0.5769722 0.5493763 0.6043913 0.5786325 0.5396547 0.6115205 0.4598534 0.2385745 -0.8553462 0.4598055 0.2385792 -0.8553707 0.2385744 0.4598166 -0.8553659 -0.6123611 -0.6123768 -0.5000088 -0.6123931 -0.6123605 -0.4999893 -0.6123764 -0.6123693 -0.4999991 -0.6123655 -0.6123763 -0.5000038 -0.612367 -0.612367 -0.5000135 -0.6123733 -0.6123716 -0.5000001 0.2385764 0.4598231 -0.855362 0.4488028 -0.42161 0.7879222 0.4483918 -0.412694 0.7928611 -0.7830617 0.1309173 0.6080092 -0.7832906 0.1330444 0.6072522 0.102604 -0.8084735 0.5795197 0.1325603 -0.7837154 0.6068096 0.5627789 0.543342 0.6229441 0.5437996 0.5736572 0.6125354 0.553592 0.5692523 0.607855 0.2185196 -0.7687789 0.6010227 0.5613622 0.56066 0.6087142 0.5603947 0.5527661 0.6167718 0.5570025 0.5569934 0.6160411 0.5598332 0.5605307 0.6102395 0.5634784 0.5605659 0.6068428 0.5549598 0.5532959 0.6211951 0.5477485 0.5477513 0.6324083 0.5570025 0.5569937 0.6160408 0.5468283 0.548667 0.6324108 0.5569911 0.5569984 0.6160469 0.5605633 0.5634837 0.6068401 0.3535774 0.3535512 -0.8660166 0.3535307 0.3535707 -0.8660276 -0.6123684 -0.6123714 -0.5000063 -0.6123735 -0.6123676 -0.5000047 -0.6123676 -0.6123709 -0.5000079 -0.6123704 -0.6123704 -0.5000052 -0.6123707 -0.6123752 -0.4999987 -0.612366 -0.6123752 -0.5000045 -0.6123752 -0.6123672 -0.5000032 -0.6123687 -0.6123731 -0.5000038 0.3291653 -0.6601069 0.6752104 0.3050038 -0.6312623 0.7130783 -0.08367615 -0.7558196 0.6494114 -0.02609246 -0.7830149 0.6214555 0.5403068 0.2631525 0.7992618 0.5425031 0.2540968 0.8007031 -0.7694983 0.1630807 0.6174764 -0.7758231 0.1392375 0.6153955 0.1608499 -0.7562724 0.6341761 0.1313765 -0.7826573 0.6084308 -0.7568722 -0.02137857 0.6532132 -0.7616161 7.56259e-4 0.6480281 -0.003752231 -0.7653101 0.6436508 -0.7726174 0.2082088 0.5997595 0.4935212 -0.0939632 0.8646432 0.4921551 -0.08443206 0.8664033 -0.7687598 0.1635953 0.6182596 -0.7203117 -0.1396022 0.6794574 -0.7244017 -0.1287496 0.6772487 -0.2059639 -0.6888495 0.695029 -0.1381851 -0.7191645 0.6809607 0.477769 0.5608704 0.676137 -0.7071134 0.7071003 1.31161e-5 -0.7071232 0.7070904 0 0.2596005 -0.6473985 0.7165771 -0.7393327 0.1514183 0.6560942 -0.6504774 -0.2489976 0.7175509 -0.6603028 -0.2252071 0.716437 0.4852097 0.3015931 0.8207394 0.486454 0.2928642 0.8231604 0.3364551 -0.387709 0.8581839 0.3362694 -0.3771939 0.8629297 0.1446863 -0.7452872 0.6508554 -0.7275421 0.01014208 0.6859881 -0.7280523 0.01245313 0.6854085 -0.01723927 -0.7534626 0.6572648 0.0119614 -0.7284911 0.684951 0.3603856 0.5069898 0.7829965 -0.707087 0.7071265 -1.03825e-5 -0.691313 -0.1345793 0.7099118 -0.6980291 -0.1129838 0.7070998 -0.1171079 -0.7015602 0.7029218 -0.5653313 -0.357248 0.743488 -0.5528683 -0.3807864 0.7411736 -0.2457708 -0.6476875 0.7211781 -0.2956064 -0.612239 0.7333351 0.4012466 -0.05296808 0.9144373 0.4006209 -0.04487115 0.9151446 -0.3838055 -0.5371055 0.7511399 0.3823856 0.3875527 0.8387993 0.3875592 0.3823782 0.8387997 0.383486 0.3776807 0.8427906 0.377671 0.3834845 0.8427956 -0.7445542 0.104723 0.6592968 0.1863327 -0.5996618 0.7782583 0.1849923 -0.5873104 0.7879369 -0.7122488 0.08330905 0.6969658 -0.7208836 0.0403285 0.6918819 0.3588629 0.4152566 0.8359303 0.3389871 0.4375098 0.8328704 0.4351623 0.3411155 0.8332311 0.4353963 0.3360525 0.835164 0.1106879 -0.7279317 0.6766563 -0.7203486 0.05730569 0.691241 -0.7243109 0.01377868 0.6893359 0.04445004 -0.6960523 0.7166139 0.01061582 -0.7271202 0.6864281 0.3921444 0.3818545 0.8369051 0.3908871 0.3795849 0.8385241 0.3800227 0.3903725 0.8385655 -0.458836 -0.458836 0.7608804 -0.3638029 -0.5713844 0.7356407 -0.4610717 -0.4610731 0.7581719 -0.4621551 -0.4599953 0.758167 -0.4620631 -0.4620595 0.7569667 -0.462714 -0.4613337 0.757012 -0.464421 -0.4644193 0.7540742 -0.4637276 -0.465111 0.7540748 -0.4620597 -0.4620605 0.7569683 -0.4609286 -0.4630828 0.7570331 -0.4610714 -0.4610732 0.7581719 -0.4559144 -0.4662287 0.7581378 -0.4646754 -0.4543545 0.7600256 0.3384107 0.4331809 0.8353638 0.3852372 0.3876041 0.8374698 0.3876541 0.3851913 0.8374677 0.3876894 0.3853079 0.8373977 0.3852577 0.387734 0.8374001 0.3814067 0.3926504 0.8368719 0.04848897 -0.700384 0.7121174 -0.6197685 -0.2376767 0.7479283 -0.6263636 -0.2216138 0.747366 -0.2244753 -0.6289225 0.7443571 -0.1307114 -0.687982 0.7138595 0.2575625 0.4196808 0.8703618 -0.7071338 0.7070797 5.07668e-5 0.2198652 -0.3375368 0.9152749 0.2199749 -0.3296096 0.9181331 0.3056843 0.001825094 0.9521312 0.3056553 0.005647957 0.9521256 -0.6609657 -0.1046289 0.7430863 -0.661992 -0.1014332 0.7426156 -0.1020779 -0.6625877 0.7419958 -0.6743584 -0.01202774 0.7383064 -0.6744742 -0.01239019 0.7381946 0.1227699 -0.581745 0.8040525 0.09476554 0.3535039 0.9306205 -0.7070913 0.7071223 -1.23566e-5 -0.7072574 0.7069562 0 -0.534962 -0.3434612 0.7719134 -0.5411878 -0.3314339 0.7728309 -0.3335121 -0.5431525 0.7705551 -0.2349187 -0.6172769 0.7508545 -0.5776199 -0.04997158 0.8147749 -0.6968943 -0.07376205 0.7133705 0.07607108 -0.5524725 0.8300527 0.06809604 -0.5228734 0.8496861 0.1530541 0.1437132 0.9777122 0.1833621 0.1776859 0.9668537 0.1777078 0.1833582 0.9668504 0.1437085 0.1530553 0.9777126 -0.6516985 -0.09454315 0.7525628 -0.07192516 -0.6303873 0.7729417 -0.04390239 -0.6412408 0.7660828 -0.1040086 -0.6603981 0.7436777 0.07821464 0.1904692 0.9785724 0.06069064 0.2174395 0.9741852 0.2174524 0.06071108 0.974181 0.217469 0.06067228 0.9741798 -0.4428338 -0.4414986 0.7803699 -0.4452717 -0.4348915 0.7826892 -0.4369253 -0.4472991 0.7803972 -0.3414088 -0.533015 0.7741673 -0.4402089 -0.4401168 0.7826324 -0.4402136 -0.4380432 0.7837923 -0.439062 -0.4412343 0.7826474 -0.439485 -0.4408244 0.7826409 -0.4393621 -0.4389833 0.783744 -0.4380611 -0.4366681 0.785763 -0.4384496 -0.4398453 0.7837718 -0.4391319 -0.4392249 0.7837377 -0.4371768 -0.4375542 0.7857627 0.1400675 0.1211615 0.9827009 0.1540632 0.1426636 0.9777074 0.1390247 0.1575266 0.9776797 -0.5879927 -0.2097973 0.7811848 -0.5899332 -0.2051992 0.7809432 -0.2060762 -0.5907583 0.7800881 0.1026036 -0.2704257 0.9572578 0.1026355 -0.269576 0.957494 0.06070804 0.2174928 0.9741722 0.1232122 0.1273599 0.9841739 0.1343078 0.1301976 0.9823493 0.1303409 0.1211577 0.9840387 -0.6241092 -0.09686952 0.775309 0.1280342 0.1371487 0.982241 0.1253402 0.1369687 0.9826136 -0.01513743 0.2087829 0.977845 0.01397967 -0.5221161 0.8527599 -0.5875806 -0.1156581 0.8008573 0.7071315 -0.7070822 -1.54315e-6 -0.353863 -0.3534526 0.8659402 -0.7070915 0.7071221 3.05687e-6 -0.7071225 0.707091 -1.6383e-6 -0.353211 -0.3536697 0.8661177 0.7071099 -0.7071037 1.55242e-6 -0.3537818 -0.3534469 0.8659756 -0.7070938 0.7071198 1.95037e-6 -0.7071467 0.7070669 1.53397e-6 -0.3532214 -0.3536559 0.866119 0.7071192 -0.7070944 1.54858e-6 -0.3537811 -0.3534492 0.865975 -0.7071158 0.7070978 0 -0.707122 0.7070916 -3.03684e-6 0.7071176 -0.707096 -2.70537e-6 -0.3537781 -0.3534704 0.8659675 -0.707117 0.7070965 0 -0.7071099 0.7071038 0 -0.3532253 -0.3536357 0.8661257 0.7071192 -0.7070944 0 -0.3538753 -0.3534258 0.865946 -0.7071132 0.7071005 0 -0.7071037 0.7071099 0 -0.3533744 -0.35364 0.8660631 0.7071161 -0.7070975 1.93545e-6 -0.3538683 -0.3534247 0.8659493 -0.7071156 0.707098 -1.57785e-7 -0.3532184 -0.353677 0.8661117 0.7071053 -0.7071084 -7.73164e-7 -0.3537677 -0.3534901 0.8659637 -0.7071343 0.7070793 -1.22097e-5 -0.7071018 0.7071118 2.03783e-6 -0.3532239 -0.3536826 0.8661071 0.7071114 -0.7071022 -7.71444e-7 -0.3537878 -0.353462 0.865967 -0.7071462 0.7070674 -1.21244e-5 -0.7070968 0.7071168 2.18338e-6 -0.3532159 -0.3536504 0.8661236 0.7071192 -0.7070945 0 -0.3538809 -0.3534163 0.8659476 -0.7071159 0.7070977 6.04952e-6 -0.7071018 0.7071117 3.10817e-7 -0.353208 -0.3536908 0.8661103 0.7071161 -0.7070975 0 -0.3538696 -0.3534352 0.8659445 -0.7071371 0.7070765 6.05633e-6 -0.7071018 0.7071118 2.79194e-6 -0.3532117 -0.3536944 0.8661072 0.707116 -0.7070975 0 -0.3538685 -0.3534341 0.8659455 -0.707128 0.7070856 0 -0.7071068 0.7071068 -1.8606e-6 0.7071037 -0.7071099 -1.568e-6 -0.3537853 -0.3534232 0.8659839 -0.7071371 0.7070766 -6.05177e-6 -0.707112 0.7071017 -4.8565e-6 -0.3532227 -0.3537055 0.8660983 0.7071037 -0.7071099 -3.13155e-6 -0.3537845 -0.3534286 0.865982 -0.707125 0.7070887 0 -0.7071145 0.707099 2.58743e-6 -0.3531895 -0.3536723 0.8661254 0.7071037 -0.7071099 0 -0.3537944 -0.3534625 0.8659642 -0.7070947 0.707119 1.21636e-5 -0.7071172 0.7070965 1.29508e-6 0.7071256 -0.7070881 0 -0.3538728 -0.3534444 0.8659394 -0.7071129 0.7071007 6.12622e-6 -0.7071224 0.7070912 -6.48684e-6 -0.3532043 -0.3536871 0.8661133 0.7071099 -0.7071037 0 -0.3536646 -0.3535319 0.8659888 -0.7071007 0.707113 -6.14016e-6 -0.7071171 0.7070965 3.23888e-6 -0.3534075 -0.3536006 0.8660657 0.707113 -0.7071006 9.35005e-6 -0.3536518 -0.3535371 0.8659919 -0.7071373 0.7070763 6.0998e-6 -0.7071093 0.7071042 9.01039e-6 -0.3533987 -0.3535436 0.8660925 0.7071223 -0.7070913 0 -0.353674 -0.3535292 0.8659861 -0.7070914 0.7071222 -3.85538e-6 -0.7071493 0.7070643 -1.21328e-5 -0.3533914 -0.3535362 0.8660985 0.7071068 -0.7071068 -3.0931e-6 -0.353649 -0.3535464 0.8659893 -0.707099 0.7071146 -6.47313e-7 -0.7071373 0.7070763 1.22038e-5 -0.3533927 -0.3535858 0.8660778 0.707113 -0.7071006 -3.10235e-6 -0.3536485 -0.3535822 0.8659749 -0.7071068 0.7071068 -7.1819e-6 -0.7071253 0.7070884 -1.22978e-5 -0.3533974 -0.353494 0.8661134 0.7071192 -0.7070944 0 -0.353668 -0.3535714 0.8659713 -0.7071095 0.7071042 -6.56916e-7 -0.7071188 0.7070948 0 -0.3534001 -0.3535932 0.8660718 -0.3535215 -0.3535671 0.8660328 -0.3535834 -0.3535445 0.8660169 -0.3535206 -0.3535754 0.8660299 -0.3535857 -0.3535371 0.8660188 -0.3535163 -0.3535746 0.8660319 -0.3535881 -0.3535297 0.8660209 -0.3535158 -0.3535692 0.8660343 -0.3535844 -0.3535358 0.86602 -0.3535203 -0.3535763 0.8660297 -0.3535853 -0.353527 0.8660233 -0.3535237 -0.3535736 0.8660293 -0.3535847 -0.353536 0.8660199 -0.3535225 -0.3535773 0.8660283 -0.3535824 -0.3535338 0.8660216 -0.3535196 -0.3535791 0.8660287 -0.3535826 -0.3535438 0.8660174 -0.3535181 -0.3535704 0.8660329 -0.3535918 -0.3535335 0.8660178 -0.3535203 -0.3535665 0.8660336 -0.3535208 -0.3535719 0.8660312 -0.3535858 -0.3535275 0.8660227 -0.3535167 -0.3535811 0.8660292 -0.3535163 -0.353576 0.8660314 -0.3535879 -0.353549 0.8660132 -0.3535218 -0.3535535 0.8660383 -0.3535223 -0.3535588 0.8660359 -0.3535804 -0.3535416 0.8660193 -0.3535975 -0.3535343 0.8660153 -0.3535129 -0.3535712 0.8660346 -0.3535902 -0.353544 0.8660143 -0.3535189 -0.3535772 0.8660299 -0.3535919 -0.3535335 0.8660178 -0.3535075 -0.3535853 0.8660312 -0.3535938 -0.3535136 0.8660251 -0.3535183 -0.3535572 0.8660382 -0.3535957 -0.3535398 0.8660138 -0.353504 -0.3535623 0.866042 -0.3535898 -0.3535509 0.8660116 -0.3535178 -0.3535372 0.8660466 -0.3535303 -0.3535588 0.8660327 -0.3535971 -0.3535403 0.866013 -0.3535705 -0.3535547 0.8660179 -0.3535292 -0.3535577 0.8660336 -0.3535481 -0.3535624 0.866024 -0.3535719 -0.3535403 0.8660233 -0.35351 -0.3535631 0.8660392 -0.3535678 -0.3535566 0.8660182 -0.3535289 -0.3535609 0.8660324 -0.3535473 -0.3535495 0.8660296 -0.3535735 -0.3535418 0.8660219 -0.3535313 -0.3535562 0.8660333 -0.3535454 -0.3535737 0.8660204 -0.3535196 -0.3535433 0.8660434 -0.3535314 -0.3535599 0.8660318 -0.3535465 -0.3535689 0.8660219 -0.3535709 -0.3535472 0.8660209 -0.3535421 -0.3535509 0.8660311 -0.3535454 -0.3535683 0.8660227 -0.3535721 -0.3535484 0.8660198 -0.3535311 -0.3535596 0.866032 -0.3535717 -0.3535495 0.8660196 -0.3535732 -0.3535414 0.8660222 -0.3535459 -0.3535693 0.866022 -0.3535691 -0.3535454 0.8660223 -0.3535681 -0.3535596 0.8660169 -0.3535766 -0.353537 0.8660227 -0.3535315 -0.3535528 0.8660347 -0.3535481 -0.3535727 0.8660197 -0.3535268 -0.3535552 0.8660356 -0.3535224 -0.3535669 0.8660326 -0.3535699 -0.3535541 0.8660184 -0.3535549 -0.3535549 0.8660241 -0.3535507 -0.3535632 0.8660225 -0.3535165 -0.3535482 0.8660426 -0.3535306 -0.353559 0.8660325 -0.3535684 -0.3535615 0.866016 -0.3535317 -0.3535601 0.8660315 -0.3535407 -0.3535666 0.8660252 -0.3535799 -0.3535324 0.8660231 -0.3535445 -0.3535533 0.8660291 -0.3535434 -0.3535763 0.8660202 -0.3535687 -0.3535529 0.8660194 -0.3535507 -0.3535584 0.8660244 -0.3535695 -0.3535379 0.8660253 -0.3535501 -0.3535578 0.8660249 -0.3535767 -0.3535451 0.8660193 -0.3535461 -0.3535744 0.8660199 -0.3535295 -0.353558 0.8660334 -0.3535385 -0.3535603 0.8660287 -0.3535772 -0.3535614 0.8660125 -0.3535499 -0.3535519 0.8660275 -0.3535651 -0.3535493 0.8660224 -0.3535417 -0.3535578 0.8660284 -0.3535652 -0.3535491 0.8660224 -0.3535403 -0.3535543 0.8660304 -0.3535656 -0.3535527 0.8660207 -0.3535859 -0.3535471 0.8660147 -0.3535664 -0.3535437 0.8660241 -0.3535405 -0.3535488 0.8660326 -0.3535638 -0.3535509 0.8660222 -0.3535655 -0.3535493 0.8660222 -0.3535653 -0.3535524 0.866021 -0.3535661 -0.3535467 0.866023 -0.353584 -0.3535452 0.8660163 -0.3535657 -0.3535495 0.8660219 -0.3535671 -0.3535477 0.8660222 -0.3535411 -0.3535466 0.8660333 -0.3535656 -0.3535462 0.8660234 -0.353585 -0.3535462 0.8660156 -0.3535648 -0.3535519 0.8660213 0.707067 -0.7071465 2.66056e-6 0.8259487 -0.5388849 0.1655659 0.7387643 -0.6734368 0.02665191 -0.3535643 -0.3535401 0.8660265 -0.3535382 -0.3535559 0.8660306 -0.5936092 0.8003167 0.08438915 -0.545807 0.8174708 0.1839463 -0.3535979 -0.3535449 0.8660107 0.7071023 -0.7071113 0 0.7386749 -0.6735386 0.0265575 0.8255954 -0.5391861 0.166345 -0.3535596 -0.3535355 0.8660302 -0.3535375 -0.3535552 0.8660312 -0.5935516 0.8003568 0.08441329 -0.5458965 0.8173708 0.1841249 -0.3535982 -0.3535452 0.8660104 0.7070958 -0.7071178 8.93987e-7 0.8248069 -0.5539536 0.113265 0.8245217 -0.5550284 0.1100341 -0.3537057 -0.3535175 0.865978 -0.3536751 -0.3535408 0.8659809 -0.5935963 0.8003259 0.08439147 -0.5659257 0.8118619 0.1435564 -0.3535578 -0.3535503 0.8660249 0.7070851 -0.7071285 -5.67793e-6 0.7386656 -0.6735497 0.02653229 0.8258247 -0.5389915 0.1658368 -0.3535594 -0.3535352 0.8660304 -0.3535345 -0.3535521 0.8660337 -0.5936077 0.8003188 0.08437961 -0.5456539 0.8176736 0.1834985 -0.3535977 -0.3535535 0.8660074 0.7071176 -0.707096 0 0.7386366 -0.673581 0.02654725 0.825737 -0.5390609 0.1660479 -0.3535617 -0.3535376 0.8660285 -0.3535374 -0.3535551 0.8660312 -0.5936394 0.8002955 0.08437699 -0.5457838 0.817494 0.1839123 -0.3535965 -0.3535302 0.8660174 0.7070972 -0.7071164 1.10563e-5 0.738644 -0.6735716 0.02657842 0.8256387 -0.5391492 0.16625 -0.353549 -0.353549 0.866029 -0.3534141 -0.3535732 0.8660743 -0.5936279 0.8003041 0.08437669 -0.5458753 0.8174055 0.1840339 -0.3535974 -0.3535488 0.8660094 0.7071173 -0.7070962 5.26657e-7 0.8127713 -0.5651327 0.1415206 0.7385132 -0.6737172 0.02652186 -0.3537057 -0.3534799 0.8659932 -0.3536821 -0.3535478 0.8659753 -0.5936483 0.8002928 0.08433991 -0.5659617 0.8118126 0.1436936 -0.3535729 -0.3535542 0.8660171 -0.3535816 -0.353501 0.8660353 -0.3535644 -0.3535832 0.8660089 0.7071074 -0.7071063 5.20472e-7 0.7384882 -0.6737458 0.02649337 0.825806 -0.5390098 0.165871 -0.3535592 -0.3535351 0.8660306 -0.3535374 -0.3535551 0.8660313 -0.5936048 0.8003244 0.084347 -0.5455658 0.8177838 0.1832697 -0.3535986 -0.3535588 0.8660047 0.707129 -0.7070846 3.87031e-7 0.7385926 -0.6736307 0.0265066 0.8258833 -0.5389425 0.1657044 -0.3535712 -0.353547 0.8660207 -0.3535372 -0.3535549 0.8660314 -0.5936474 0.8002908 0.08436459 -0.5455288 0.8178424 0.183118 -0.353592 -0.3535566 0.8660084 0.707094 -0.7071197 1.10495e-5 0.7385913 -0.6736295 0.02657783 0.8258928 -0.5389341 0.1656842 -0.3535629 -0.3535388 0.8660276 -0.3535395 -0.3535395 0.8660368 -0.5937004 0.8002517 0.08436238 -0.5454992 0.8178477 0.1831827 -0.3535935 -0.3535405 0.8660143 0.7071222 -0.7070914 -1.28327e-6 0.7385345 -0.6736956 0.02647823 0.8258501 -0.538981 0.1657451 -0.3535469 -0.3535469 0.8660308 -0.5936402 0.8002971 0.08435732 -0.5455712 0.8177923 0.1832159 -0.3535965 -0.3535523 0.8660083 0.7071294 -0.7070842 -8.34974e-6 0.7387022 -0.6735091 0.02654528 0.8258962 -0.5389235 0.1657019 -0.3535636 -0.3535636 0.8660172 -0.3535337 -0.3535513 0.8660343 -0.5936812 0.8002679 0.08434396 -0.5454976 0.817858 0.1831415 -0.3535987 -0.3535368 0.8660138 0.7071122 -0.7071014 -4.84261e-6 0.7386671 -0.6735476 0.02654385 0.8259022 -0.5389251 0.1656668 -0.3534181 -0.3535771 0.866071 -0.5936164 0.8003132 0.08437186 -0.5455133 0.817844 0.1831573 -0.3535981 -0.3535627 0.8660034 0.7071251 -0.7070885 -3.77464e-6 0.7385572 -0.6736692 0.02651774 0.8258753 -0.5389363 0.1657642 -0.3535562 -0.3535562 0.8660232 -0.353413 -0.3535721 0.866075 -0.5936362 0.8002986 0.08437001 -0.545683 0.817668 0.1834374 -0.353594 -0.3535587 0.8660067 0.7071014 -0.7071123 2.71507e-7 0.7386536 -0.6735628 0.02653652 0.8257472 -0.5390515 0.1660272 -0.3535617 -0.3535617 0.8660187 -0.3534141 -0.3535731 0.8660743 -0.5936709 0.8002757 0.08434391 -0.5458151 0.8174781 0.18389 -0.3535926 -0.3535573 0.8660079 0.7071112 -0.7071024 7.91912e-6 0.8126993 -0.5652113 0.1416201 0.7386314 -0.6735873 0.02653259 -0.3537107 -0.3534849 0.8659892 -0.3534922 -0.3535728 0.8660425 -0.5937087 0.8002477 0.08434313 -0.5660496 0.8117117 0.1439162 -0.3535588 -0.3535588 0.8660209 0.7071155 -0.7070981 -8.17114e-6 0.7386229 -0.6735964 0.0265361 0.8257126 -0.5390733 0.1661291 -0.3534271 -0.3535684 0.8660709 -0.593606 0.8003181 0.08439809 -0.5457515 0.8175638 0.183698 -0.3535881 -0.3535351 0.8660187 0.7071198 -0.7070938 -4.86562e-6 0.7385946 -0.6736267 0.02655434 0.825854 -0.5389411 0.1658548 -0.3535506 -0.3535506 0.8660278 -0.3534188 -0.3535778 0.8660705 -0.5936655 0.8002767 0.08437156 -0.5455904 0.8177307 0.1834334 -0.3536005 -0.3535563 0.8660051 0.7071188 -0.7070948 3.27426e-6 0.7386438 -0.6735736 0.02653121 0.8258315 -0.5389638 0.1658931 -0.3535631 -0.3536114 0.8659978 -0.3534149 -0.3535563 0.8660808 -0.5936291 0.8003037 0.08437281 -0.5457487 0.8175454 0.1837882 -0.3535967 -0.3535614 0.8660045 0.7071412 -0.7070724 3.88564e-6 0.7385848 -0.6736365 0.02658027 0.8256657 -0.5391049 0.1662594 -0.3535566 -0.3535084 0.8660425 -0.3535335 -0.3535688 0.8660272 -0.5935779 0.8003376 0.08441042 -0.5459361 0.8173177 0.1842432 -0.3535924 -0.3535482 0.8660116 0.707109 -0.7071046 -5.61583e-7 0.7386876 -0.6735297 0.02642709 0.8256912 -0.5391298 0.1660515 -0.3537307 -0.3535376 0.8659595 -0.3534242 -0.3535832 0.866066 -0.5934973 0.8003932 0.08445018 -0.5454778 0.8179169 0.1829373 -0.353587 -0.3535428 0.866016 0.9354792 -0.1701902 0.3096997 -0.4178628 0.8880044 0.1919348 -0.171021 0.9346382 0.3117746 -0.1099017 0.8906348 0.4412384 -0.2703739 0.9249403 0.2671769 -0.3535768 -0.3535029 0.8660365 0.9354777 -0.1701756 0.3097122 0.8460553 -0.5151359 0.1372064 -0.4179049 0.8879867 0.1919248 -0.1710193 0.9346374 0.3117777 -0.1097963 0.8905463 0.4414432 -0.2705287 0.9249069 0.2671357 0.9354599 -0.1702361 0.3097331 0.8461282 -0.5150118 0.1372221 -0.4178261 0.8880193 0.1919462 -0.1710404 0.9346305 0.311787 -0.1100662 0.8901885 0.4420972 -0.270609 0.9248858 0.2671276 -0.3535706 -0.3534967 0.8660416 0.9108426 -0.3409032 0.2327032 0.9336411 -0.1904428 0.3033906 0.9039024 -0.09328514 0.4174429 0.8329206 -0.5286387 0.1636599 -0.3863449 0.8983489 0.209062 -0.2367256 0.9295067 0.2828048 -0.04242515 0.896012 0.4419985 -0.07279205 0.9270591 0.3677809 -0.3534399 -0.3535305 0.8660812 0.9032101 -0.09385967 0.4188101 0.9336075 -0.1908335 0.3032488 0.8322569 -0.5294589 0.164383 0.910782 -0.3411741 0.2325432 -0.3863349 0.8983495 0.209078 -0.07279217 0.9270424 0.3678231 -0.04265391 0.8958965 0.4422106 -0.2367528 0.9295036 0.2827922 -0.3534417 -0.3535323 0.8660796 0.903813 -0.09334886 0.4176222 0.9336183 -0.1907631 0.3032597 0.8325646 -0.5291131 0.1639378 0.9107742 -0.3411987 0.2325384 -0.3863352 0.8983559 0.2090502 -0.07277691 0.9270858 0.3677167 -0.04222452 0.8964018 0.4412267 -0.2367367 0.9295166 0.2827627 -0.3534376 -0.3535341 0.8660806 0.9036239 -0.09352225 0.4179924 0.9336267 -0.1907152 0.3032638 0.8325082 -0.5291493 0.1641068 0.9107681 -0.3412159 0.2325363 -0.3863444 0.8983551 0.2090364 -0.07285493 0.9270167 0.3678753 -0.04246026 0.8961886 0.4416369 -0.2367684 0.9295043 0.2827765 -0.3534582 -0.3535306 0.8660736 0.903446 -0.09365361 0.4183472 0.9336209 -0.1907734 0.3032451 0.832368 -0.5293166 0.1642794 0.9108071 -0.3411427 0.2324914 -0.3863281 0.8983592 0.2090492 -0.07286965 0.9269996 0.3679155 -0.04255771 0.8961216 0.4417634 -0.2368736 0.9294852 0.2827513 -0.353441 -0.3535376 0.8660778 0.9039058 -0.09328758 0.4174348 0.9336296 -0.1908247 0.3031858 0.8325148 -0.5291812 0.1639704 0.9107326 -0.3413119 0.2325347 -0.3863112 0.8983674 0.2090448 -0.0727806 0.9270858 0.3677158 -0.04202544 0.8966705 0.4406993 -0.2369679 0.9294719 0.282716 -0.3534392 -0.3535357 0.8660793 0.9040973 -0.09313392 0.4170542 0.9335997 -0.190805 0.3032904 0.8326399 -0.529036 0.163804 0.9107658 -0.3412196 0.23254 -0.3863846 0.8983405 0.2090243 -0.07276308 0.9271002 0.3676832 -0.04190462 0.8967791 0.4404898 -0.2369569 0.9294763 0.2827104 -0.3535248 -0.3535007 0.8660587 0.904094 -0.09312915 0.4170625 0.9336223 -0.1906968 0.3032892 0.8326596 -0.5290067 0.1637988 0.9106978 -0.3414269 0.2325024 -0.3864833 0.8982987 0.2090216 -0.07275873 0.9270797 0.3677354 -0.04198801 0.8967614 0.440518 -0.2367954 0.9295073 0.2827438 -0.353462 -0.3535223 0.8660753 0.9040654 -0.09315562 0.4171186 0.9336087 -0.1907898 0.3032721 0.832636 -0.5290307 0.1638409 0.9107828 -0.3412045 0.2324959 -0.3863544 0.8983502 0.2090389 -0.0727806 0.9270841 0.3677201 -0.04205554 0.8967431 0.4405489 -0.2368589 0.9294878 0.2827547 0.9040801 -0.09313738 0.4170908 0.9336054 -0.1907869 0.3032843 0.8325894 -0.5291094 0.1638236 0.9108057 -0.3411498 0.2324866 -0.3863355 0.8983592 0.2090356 -0.0727595 0.92709 0.3677094 -0.04200237 0.8967729 0.4404934 -0.236968 0.9294694 0.2827242 -0.3534432 -0.3535518 0.866071 0.9040902 -0.0931279 0.4170709 0.9336239 -0.1907957 0.3032218 0.8326597 -0.5290108 0.1637845 0.9108563 -0.3409785 0.2325392 -0.3863639 0.8983519 0.2090143 -0.07279193 0.9270908 0.367701 -0.04196929 0.8967627 0.4405171 -0.2369278 0.9294791 0.2827256 -0.3535211 -0.353497 0.8660616 0.9040027 -0.09319168 0.4172463 0.9336309 -0.1907438 0.3032329 0.8326402 -0.529016 0.1638672 0.9108152 -0.3410668 0.2325707 -0.3863654 0.8983492 0.2090232 -0.07278954 0.9270583 0.3677835 -0.04213482 0.8965756 0.4408819 -0.2369276 0.9294653 0.2827715 -0.3535032 -0.3534911 0.8660714 0.9037001 -0.09345543 0.4178423 0.9336178 -0.1907221 0.303287 0.8325255 -0.5291261 0.1640951 0.9107214 -0.3413491 0.2325237 -0.3862653 0.898385 0.2090539 -0.07286345 0.9269995 0.3679171 -0.0424239 0.8962568 0.4415022 -0.2369489 0.9294803 0.282704 -0.3534531 -0.3535255 0.8660778 0.9035314 -0.09357464 0.4181805 0.9336162 -0.1908302 0.3032239 0.8323304 -0.5293994 0.1642024 0.9107238 -0.3413925 0.2324511 -0.3863044 0.8983703 0.2090452 -0.07281178 0.9270598 0.3677754 -0.04239028 0.896267 0.4414846 -0.2368876 0.9294776 0.2827642 -0.3535075 -0.3535196 0.8660579 0.9037793 -0.09338021 0.4176878 0.9336315 -0.1908127 0.3031878 0.8324349 -0.5293058 0.1639745 0.9107918 -0.3411627 0.2325217 -0.3862368 0.8983882 0.2090931 -0.0727443 0.9270987 0.3676905 -0.04212552 0.8964307 0.4411776 -0.2369277 0.9294788 0.2827267 -0.3534546 -0.3535149 0.8660814 0.903718 -0.09345656 0.4178035 0.9336169 -0.1907346 0.3032817 0.8325507 -0.5291177 0.1639938 0.9108423 -0.3410092 0.2325491 -0.3863677 0.8983393 0.2090609 -0.07279145 0.9270595 0.3677801 -0.04230767 0.8961907 0.4416475 -0.2368299 0.9294891 0.2827748 -0.353459 -0.3535435 0.866068 0.9032854 -0.09377813 0.4186661 0.9336333 -0.1907521 0.3032203 0.8322885 -0.5294367 0.1642944 0.9107912 -0.3411132 0.2325968 -0.3863525 0.8983579 0.2090097 -0.07284992 0.9270061 0.3679031 -0.04273349 0.8958017 0.4423948 -0.2367399 0.9294962 0.2828271 0.9034526 -0.09363454 0.4183373 0.9335978 -0.1911665 0.3030689 0.8321857 -0.5296285 0.1641971 0.9107454 -0.3413364 0.2324485 -0.3861809 0.8984077 0.2091124 -0.07261049 0.9272371 0.3673679 -0.04205411 0.8965276 0.4409875 -0.2365695 0.9295168 0.2829021 0.836318 0.2237169 0.5005228 0.9068617 -0.2535025 0.3366575 0.9281377 -0.0172941 0.3718349 0.8957758 0.1387194 0.4223063 0.2468459 0.8604225 0.4458029 0.2780423 0.8100156 0.5163016 0.09423387 0.907669 0.4089707 -0.3536283 -0.3535813 0.8659836 0.9281169 -0.01728671 0.3718872 0.8957139 0.1388098 0.4224081 0.8363519 0.2237666 0.5004438 0.9069479 -0.2532662 0.3366035 0.2467448 0.8603422 0.4460138 0.2779144 0.8102115 0.516063 0.09402453 0.9077266 0.408891 0.9281098 -0.0171988 0.3719093 0.8957308 0.1389105 0.4223392 0.8361902 0.2236706 0.5007569 0.9068539 -0.253343 0.3367989 0.2467682 0.860342 0.4460014 0.2777057 0.8100101 0.5164912 0.09400969 0.9076969 0.4089607 -0.3536216 -0.3535651 0.8659928 0.7613474 0.3955745 0.5136838 0.9167284 0.05308187 0.3959687 0.8730504 0.2078167 0.4411296 0.1632763 0.8882077 0.4294509 0.3159868 0.8262722 0.4662903 0.3791702 0.7441414 0.5499851 0.7612281 0.3954458 0.5139595 0.8731232 0.2074405 0.4411624 0.916814 0.05265539 0.3958277 0.3789067 0.7438104 0.5506139 0.3160989 0.8262002 0.466342 0.1629529 0.8883053 0.4293718 0.7614489 0.3956975 0.5134385 0.8730681 0.207578 0.4412071 0.9168079 0.05272877 0.3958322 0.3795068 0.744426 0.5493676 0.3158986 0.8262918 0.4663153 0.1630523 0.8883008 0.4293434 0.7613854 0.3955599 0.5136387 0.8730625 0.2075914 0.4412117 0.916803 0.05282086 0.3958311 0.3792588 0.7442069 0.5498353 0.3158659 0.8263124 0.4663012 0.1635147 0.8882412 0.4292908 0.7612989 0.3955287 0.5137909 0.8731018 0.2075828 0.441138 0.9167836 0.0527125 0.3958905 0.3791635 0.7441135 0.5500274 0.3158259 0.8263162 0.4663214 0.163841 0.8882043 0.4292427 0.7615543 0.3957437 0.5132468 0.8731067 0.2075779 0.4411306 0.9168048 0.0526973 0.3958435 0.3796929 0.7446756 0.5489002 0.3158699 0.8263275 0.4662715 0.1629922 0.8883585 0.4292467 0.7616124 0.3957986 0.5131181 0.873052 0.2075933 0.4412316 0.9167972 0.05276411 0.3958522 0.3798677 0.74482 0.5485833 0.3157527 0.8263735 0.4662692 0.163421 0.8882566 0.4292947 0.7616219 0.3957664 0.5131289 0.873021 0.2076486 0.441267 0.9168112 0.0527094 0.395827 0.3798006 0.7448252 0.5486228 0.3157879 0.8263494 0.4662885 0.1628006 0.8883686 0.4292986 0.7616056 0.3957592 0.5131585 0.8730334 0.2078025 0.4411698 0.9168055 0.05274516 0.3958355 0.3798006 0.7447847 0.5486778 0.3157657 0.8263733 0.466261 0.164038 0.8881201 0.4293419 0.761601 0.3957973 0.5131361 0.8730328 0.2077503 0.4411957 0.9168187 0.05269163 0.395812 0.3798493 0.7448188 0.5485977 0.3157435 0.8263663 0.4662883 0.1638628 0.8881767 0.4292917 0.7615852 0.3957919 0.5131634 0.8731302 0.2075706 0.4410876 0.9167973 0.05277264 0.3958507 0.3799164 0.7447978 0.5485799 0.3158038 0.8263502 0.4662762 0.1634299 0.8883045 0.4291921 0.7615286 0.3957382 0.5132889 0.8730733 0.2075823 0.4411947 0.9168001 0.05276906 0.3958447 0.3797116 0.7446299 0.5489495 0.315804 0.8263586 0.4662612 0.1634349 0.8882661 0.4292696 0.7613896 0.3955825 0.5136153 0.8731098 0.207762 0.4410378 0.9167851 0.05276155 0.3958806 0.3793448 0.7443132 0.5496321 0.3157409 0.8263746 0.4662754 0.164475 0.8879601 0.4295052 0.7614355 0.3955641 0.5135612 0.872973 0.2077228 0.441327 0.9168246 0.05264496 0.3958047 0.3793777 0.7442329 0.5497182 0.3160089 0.8262556 0.466305 0.1634687 0.8882143 0.4293639 0.7615122 0.3956426 0.5133871 0.8730136 0.2076488 0.4412816 0.91682 0.05268305 0.3958103 0.3795084 0.7444481 0.5493364 0.3159802 0.8262416 0.466349 0.1629155 0.8883019 0.4293931 0.7614217 0.3955801 0.5135694 0.8730148 0.2077655 0.4412243 0.9167999 0.05282622 0.3958377 0.3793402 0.7442264 0.5497529 0.3159138 0.8262888 0.4663105 0.1635249 0.8882262 0.429318 0.7611839 0.3954523 0.5140202 0.8731671 0.2075098 0.4410431 0.9167969 0.05274266 0.3958558 0.3788544 0.7437686 0.5507066 0.3160269 0.8262384 0.466323 0.1640761 0.8881282 0.4293105 0.7614528 0.3957278 0.5134096 0.8733794 0.2068111 0.4409509 0.9168589 0.05250185 0.395744 0.3793925 0.7443202 0.5495896 0.3163814 0.8260424 0.46643 0.1634516 0.8881403 0.4295235 0.5967821 0.5967559 0.5364081 0.8133617 0.3411001 0.4712682 0.7250066 0.4814131 0.4925515 0.5774146 0.6431436 0.5029501 0.5967909 0.5967561 0.5363981 0.813284 0.3412045 0.4713267 0.7249243 0.4815568 0.492532 0.5772062 0.6434301 0.5028228 0.5967231 0.5966177 0.5366274 0.8132882 0.341228 0.4713022 0.7247232 0.4817651 0.4926242 0.577139 0.6434345 0.5028944 0.5332312 0.6845482 0.4970496 0.7642843 0.3593484 0.5354797 0.6540375 0.5684544 0.4990937 0.6542017 0.5682889 0.499067 0.533209 0.684512 0.4971233 0.7639172 0.3585526 0.5365357 0.6541025 0.56837 0.4991047 0.5330431 0.6846634 0.4970927 0.7644174 0.3594834 0.5351989 0.6540445 0.5684342 0.4991077 0.5331615 0.6845881 0.4970695 0.7641774 0.3595241 0.5355142 0.6541338 0.5683702 0.4990634 0.5330252 0.6846755 0.4970952 0.7640972 0.3593525 0.5357438 0.6540071 0.5684557 0.499132 0.5330148 0.6846892 0.4970877 0.7645196 0.3598791 0.5347868 0.6540322 0.5684786 0.4990732 0.5329939 0.6846965 0.4971 0.7646511 0.3601307 0.5344293 0.6539977 0.5684924 0.4991026 0.5330166 0.68469 0.4970844 0.7645779 0.3602554 0.5344501 0.6540409 0.5684636 0.4990789 0.5328519 0.6847941 0.4971176 0.7646158 0.3601348 0.5344769 0.6540434 0.5684552 0.4990851 0.5328621 0.6847871 0.4971164 0.7646115 0.3601747 0.5344563 0.6539809 0.5685275 0.4990848 0.5328698 0.6847562 0.4971509 0.7646477 0.360182 0.5343998 0.6539819 0.5685219 0.4990897 0.532912 0.6847625 0.4970967 0.7645241 0.360078 0.5346465 0.6540227 0.5684551 0.4991124 0.5329689 0.6847119 0.4971054 0.7642554 0.3597255 0.5352676 0.6542466 0.5682496 0.4990529 0.53297 0.6846637 0.4971706 0.7641935 0.3592795 0.5356554 0.6540918 0.5683639 0.4991257 0.5330448 0.6846393 0.4971241 0.7643662 0.3594262 0.5353104 0.6540839 0.568427 0.4990642 0.5329777 0.6846848 0.4971334 0.7642855 0.3593535 0.5354744 0.6541367 0.568406 0.4990189 0.5332679 0.6844666 0.4971227 0.7639583 0.3586627 0.5364034 0.6544305 0.5680252 0.4990672 0.5335054 0.684301 0.4970957 0.7643749 0.3582 0.5361192 -0.1971624 0.1343478 0.971122 -0.5030881 -0.3146702 0.8049132 -0.5045951 -0.3117685 0.8050988 -0.3123027 -0.5051292 0.8045569 -0.2089565 -0.5872005 0.7820056 -0.03292471 -0.4882559 0.8720793 -0.05077719 -0.44857 0.8923041 -0.1277953 -0.5841565 0.8015171 -0.5724554 -0.1933944 0.796802 -0.1758769 -0.5555656 0.8126588 -0.2016288 -0.00763452 0.9794324 -0.1499133 -0.08695906 0.9848676 -0.006351828 -0.2002002 0.9797344 -0.006502211 -0.2023429 0.9792931 -0.007343232 -0.01433527 0.9998704 0.04119187 0.0394138 0.9983736 0.04277026 0.04435229 0.9981 -0.01580673 -0.008798897 0.9998365 -0.4261001 -0.4226645 0.799871 -0.4273669 -0.4249438 0.7979853 -0.4276075 -0.426245 0.797162 -0.4296665 -0.4291688 0.7944815 -0.4280723 -0.4267133 0.7966619 -0.4201872 -0.4045186 0.8122853 -0.4249657 -0.4196147 0.8020772 -0.421356 -0.4255827 0.8008362 -0.4007796 -0.4189086 0.8147953 -0.4243916 -0.4269569 0.7984983 -0.4261915 -0.4278321 0.79707 -0.4269164 -0.4282446 0.7964603 -0.4093582 -0.4154195 0.8123131 -0.3141644 -0.5025804 0.8054277 -0.5587427 -0.1936798 0.8064086 -0.4226198 -0.4223804 0.8018649 -0.4240309 -0.4239351 0.8002981 -0.4220806 -0.4217694 0.8024702 -0.4228804 -0.4223489 0.8017442 -0.4221788 -0.4239477 0.80127 -0.4219846 -0.4234951 0.8016114 -0.4232628 -0.4296182 0.7976697 -0.422676 -0.424548 0.8006897 -0.4233431 -0.4297074 0.7975791 -0.4232768 -0.429486 0.7977334 -0.2254562 -0.1789166 0.9576839 -0.4159119 -0.4174231 0.8079451 -0.4213796 -0.4224931 0.802458 -0.4232299 -0.4296746 0.7976568 -0.4230154 -0.4296508 0.7977833 -0.4295995 -0.4232586 0.7976821 -0.4295377 -0.4232023 0.7977451 -0.4297234 -0.4232026 0.797645 -0.4165455 -0.416653 0.8080162 -0.4200173 -0.4183392 0.8053432 -0.4251943 -0.4233152 0.8000088 -0.4287495 -0.4243128 0.7975792 -0.4298225 -0.4232098 0.7975877 -0.4262482 -0.4241276 0.7990172 -0.4267391 -0.4241656 0.798735 -0.427042 -0.4270011 0.7970605 -0.4261907 -0.4258359 0.7981387 -0.425355 -0.4246411 0.7992203 -0.4247099 -0.4238234 0.7999969 -0.4244049 -0.4231418 0.8005195 -0.4251493 -0.4245635 0.7993711 -0.4242351 -0.4255792 0.7993165 -0.425384 -0.424463 0.7992994 -0.4221073 -0.4232003 0.8017025 -0.422989 -0.4249997 0.8002847 -0.4228602 -0.4254061 0.8001369 -0.4229863 -0.4247898 0.8003975 -0.4241524 -0.4262893 0.7989821 -0.4239257 -0.4264212 0.7990319 -0.4241907 -0.4292819 0.7973577 -0.4241872 -0.4265006 0.7988506 -0.4243071 -0.4256185 0.7992573 -0.4253252 -0.4249251 0.7990852 -0.4254739 -0.4243726 0.7992997 -0.4208757 -0.4233287 0.802282 -0.4250535 -0.4246872 0.7993564 -0.4219524 -0.4237639 0.8014863 -0.422852 -0.4242791 0.8007394 -0.4218447 -0.4249783 0.8008998 -0.4243973 -0.4250566 0.7995086 -0.4258522 -0.4265176 0.7979553 -0.4371883 -0.431699 0.7889882 -0.4274319 -0.4260189 0.7973769 -0.4309023 -0.4299843 0.7933705 -0.4203954 -0.4208534 0.8038346 -0.4291277 -0.4283803 0.795198 -0.4105697 -0.4114484 0.8137216 -0.3960351 -0.3982837 0.8273612 -0.4188349 -0.419622 0.8052917 -0.4243195 -0.424713 0.7997325 -0.4166906 -0.4172744 0.8076207 -0.4408217 -0.4411082 0.7817288 -0.4246717 -0.4239879 0.7999302 -0.5604467 -0.1957608 0.8047218 -0.5635744 -0.1852493 0.8050259 -0.4222832 -0.4225299 0.8019635 -0.4232324 -0.4221324 0.8016724 -0.42133 -0.4222008 0.8026379 -0.4221352 -0.4223626 0.8021295 -0.4228168 -0.4228516 0.8015127 -0.4230123 -0.4230061 0.8013278 -0.4249609 -0.4251265 0.7991719 -0.430333 -0.4293977 0.7939969 -0.427068 -0.4275262 0.7967649 -0.4414798 -0.4394528 0.7822895 -0.4297752 -0.4284705 0.7947996 -0.3899035 -0.39163 0.8334275 -0.4188817 -0.4177592 0.8062354 -0.4224492 -0.4215434 0.8023952 -0.3721377 -0.3742809 0.8493689 -0.4218898 -0.4217714 0.8025696 -0.4218733 -0.4215445 0.8026974 -0.42157 -0.421193 0.8030412 -0.4213492 -0.4206588 0.8034371 -0.4222612 -0.4222849 0.8021042 -0.4220592 -0.4233789 0.8016336 -0.4224175 -0.4225916 0.8018603 -0.4154946 -0.4093419 0.8122829 -0.4241483 -0.421773 0.8013775 -0.4237294 -0.4222736 0.8013354 -0.4228736 -0.4207257 0.8026006 -0.4214756 -0.4195653 0.8039423 -0.4255445 -0.423433 0.7997602 -0.4239147 -0.4215536 0.8016164 -0.4220947 -0.4211865 0.8027691 -0.4214003 -0.4207924 0.8033404 -0.4186585 -0.4174079 0.8065333 -0.4218611 -0.4209878 0.8029959 -0.4223129 -0.4206674 0.8029264 -0.4132795 -0.4145988 0.8107452 -0.4212307 -0.4218001 0.8029007 -0.4210009 -0.4217626 0.8030408 -0.4212602 -0.4203097 0.8036664 -0.4264652 -0.424459 0.7987253 -0.4224447 -0.4220699 0.8021206 -0.4227687 -0.4238653 0.8010024 -0.421712 -0.4219805 0.8025532 -0.4225006 -0.4217594 0.8022546 -0.4220962 -0.4213595 0.8026775 -0.4212223 -0.4200693 0.8038119 -0.4227026 -0.4222123 0.8019099 -0.4213445 -0.4223128 0.8025713 -0.4207327 -0.4224971 0.8027952 -0.4211137 -0.4222638 0.8027184 -0.4211395 -0.4218732 0.8029102 -0.4077918 -0.4153892 0.813116 -0.4209577 -0.4229097 0.80246 -0.4221838 -0.4219632 0.8023142 -0.4212788 -0.4220291 0.802755 -0.4221398 -0.4229601 0.8018123 -0.4246163 -0.4230735 0.8004435 -0.4236019 -0.4225822 0.8012402 -0.4235171 -0.4228145 0.8011625 -0.424423 -0.4237772 0.8001738 -0.4204828 -0.4212729 0.8035693 -0.4213764 -0.4228001 0.8022981 -0.4228187 -0.4213017 0.8023274 -0.4226831 -0.4209523 0.8025822 -0.4220135 -0.4205191 0.8031615 -0.4227234 -0.4213115 0.8023726 -0.4266653 -0.4223403 0.799741 -0.4231525 -0.4236288 0.8009248 -0.4221751 -0.4231357 0.801701 -0.4233967 -0.4249112 0.8001162 -0.4282685 -0.4252444 0.7973413 -0.4233899 -0.4241167 0.8005412 -0.4218224 -0.4228872 0.8020177 -0.4278794 -0.4221581 0.7991882 -0.4245111 -0.4248372 0.7995647 -0.4277706 -0.4226531 0.7989849 -0.4203725 -0.4229421 0.8027498 -0.4207944 -0.4221897 0.8029248 -0.4212258 -0.4228334 0.8023596 -0.4226963 -0.421907 0.8020737 -0.422674 -0.4210915 0.802514 -0.4216602 -0.4208322 0.8031831 -0.4228935 -0.4221327 0.8018512 -0.4214309 -0.4217569 0.8028184 -0.4219346 -0.4218869 0.8024855 -0.4239869 -0.4214214 0.8016479 -0.421417 -0.4215546 0.8029319 -0.4206542 -0.4208441 0.8037041 -0.4209171 -0.4208593 0.8035585 -0.4216676 -0.4216243 0.8027636 -0.4211032 -0.4210285 0.8033723 -0.4216271 -0.4215904 0.8028027 -0.4218486 -0.422375 0.8022739 -0.4209364 -0.4217793 0.8030659 -0.4216217 -0.4226027 0.8022732 -0.4214968 -0.4214245 0.8029583 -0.42102 -0.4209481 0.803458 -0.4218965 -0.4221042 0.8023912 -0.4235192 -0.4235886 0.8007524 -0.4237895 -0.4220688 0.8014116 -0.4246907 -0.4226232 0.800642 -0.4215164 -0.4236204 0.8017917 -0.4225062 -0.422262 0.8019871 -0.4234729 -0.4228991 0.8011413 -0.422219 -0.4241442 0.8011448 -0.4232193 -0.4253827 0.7999595 -0.4219675 -0.4212638 0.8027953 -0.4218677 -0.4211548 0.8029049 -0.4236552 -0.4223207 0.8013498 -0.4203497 -0.4221659 0.8031701 -0.4215392 -0.4223412 0.8024542 -0.4221925 -0.4244773 0.8009822 -0.4230334 -0.4218091 0.8019476 -0.4206875 -0.4218419 0.8031635 -0.4229897 -0.4243229 0.8006434 -0.4227737 -0.4208642 0.8025807 -0.422404 -0.4233913 0.8014455 -0.4203738 -0.4224231 0.8030222 -0.4212418 -0.4217596 0.8029162 -0.4202532 -0.4218491 0.8033869 -0.4192255 -0.4210943 0.8043193 -0.4202896 -0.4211358 0.8037421 -0.4223515 -0.4219734 0.8022205 -0.4207527 -0.421163 0.8034855 -0.4215859 -0.4207575 0.8032611 -0.4213392 -0.4213762 0.8030663 -0.4216333 -0.4210829 0.8030658 -0.4208218 -0.420409 0.8038441 -0.4204633 -0.4207155 0.8038714 -0.4206558 -0.4213485 0.803439 -0.4207748 -0.420664 0.8037353 -0.4207498 -0.420844 0.8036541 -0.4218497 -0.4203017 0.8033613 -0.4237059 -0.4231593 0.8008806 -0.4218592 -0.4237824 0.8015256 -0.4218278 -0.4236693 0.8016019 -0.4220084 -0.4240517 0.8013047 -0.4219818 -0.4241567 0.8012631 -0.4210293 -0.4232921 0.8022208 -0.4215877 -0.4238587 0.8016282 -0.4207857 -0.4214677 0.8033086 -0.4204133 -0.4211899 0.803649 -0.4208772 -0.4216487 0.8031656 -0.4241533 -0.4221649 0.8011683 -0.4233901 -0.4215306 0.8019058 -0.4237344 -0.4218539 0.8015538 -0.4220619 -0.4210653 0.8028499 -0.4205575 -0.4201446 0.8041206 -0.4213629 -0.4204723 0.8035275 -0.4214694 -0.4223921 0.8024641 -0.4208029 -0.4220946 0.8029702 -0.421369 -0.422651 0.8023805 -0.4199472 -0.4214335 0.8037651 -0.418891 -0.4206498 0.8047261 -0.4199211 -0.4211902 0.8039062 -0.4228436 -0.4231422 0.8013451 -0.4230329 -0.4216228 0.8020459 -0.4217338 -0.4206804 0.803224 -0.4220525 -0.4212411 0.8027627 -0.4220019 -0.4217382 0.8025282 -0.4230213 -0.4222554 0.8017191 -0.4229494 -0.4222515 0.8017591 -0.4213837 -0.4197775 0.8038799 -0.4201954 -0.4192488 0.8047772 -0.4212017 -0.419641 0.8040465 -0.4238781 -0.4218991 0.801454 -0.4202998 -0.4208743 0.8038738 -0.4192376 -0.4200845 0.8048409 -0.4198812 -0.420576 0.8042485 -0.4200262 -0.4200606 0.8044421 -0.4191662 -0.4194715 0.8051978 -0.4198277 -0.4199861 0.8045846 -0.4201988 -0.4199689 0.8043999 -0.4192152 -0.4192419 0.8052919 -0.4198502 -0.419806 0.804667 -0.4213606 -0.4203683 0.8035832 -0.4206781 -0.420015 0.8041253 -0.4200698 -0.4194421 0.8047421 -0.4207164 -0.4200032 0.8041114 -0.4201269 -0.4201576 0.8043389 -0.4194017 -0.4196345 0.8049903 -0.4200709 -0.4201544 0.8043698 -0.4203701 -0.4201861 0.8041969 -0.419402 -0.4195012 0.8050596 -0.4200877 -0.4199256 0.8044806 -0.4200967 -0.421085 0.8038695 -0.421559 -0.4234007 0.8018852 -0.4235466 -0.4212306 0.8019807 -0.4216052 -0.4236222 0.801744 -0.4201197 -0.4210405 0.8038809 -0.420884 -0.4197505 0.8041557 -0.4241331 -0.4218935 0.8013221 -0.4211689 -0.4204876 0.8036211 -0.419583 -0.4204741 0.8044574 -0.4206967 -0.421917 0.8031192 -0.4196672 -0.4208486 0.8042176 -0.422047 -0.4226761 0.8020108 -0.4221407 -0.4210585 0.802812 -0.4224157 -0.4216734 0.8023445 -0.4209108 -0.4229622 0.802457 -0.4208239 -0.4191313 0.8045099 -0.420752 -0.4228485 0.8026002 -0.4196572 -0.4202316 0.8045454 -0.4194422 -0.4203341 0.8046041 -0.4192286 -0.4196617 0.8050662 -0.4191477 -0.4201347 0.8048615 -0.4200317 -0.4193121 0.8048298 -0.4201583 -0.4195088 0.8046612 -0.4232296 -0.4212796 0.8021222 -0.4193202 -0.4197317 0.8049821 -0.4196025 -0.4196025 0.8049022 -0.4205688 -0.4197676 0.8043117 -0.4197771 -0.4190341 0.8051072 -0.4223201 -0.4202951 0.8031175 -0.4198122 -0.421133 0.803993 -0.4186146 -0.4200758 0.8051697 -0.4210391 -0.4216591 0.8030752 -0.421389 -0.4202095 0.8036512 -0.4213429 -0.4208624 0.8033338 -0.4198601 -0.4184808 0.8053518 -0.4186643 -0.4194482 0.805471 -0.4185698 -0.4187917 0.8058617 -0.4188045 -0.4185989 0.8058398 -0.4193117 -0.4186189 0.8055656 -0.4187108 -0.4188439 0.8057612 -0.4189828 -0.4188064 0.8056392 -0.4227023 -0.4205223 0.8027975 -0.4224537 -0.420354 0.8030166 -0.4200513 -0.4189916 0.8049863 -0.4197587 -0.4188063 0.8052354 -0.4209014 -0.4229692 0.8024583 -0.4192738 -0.4202499 0.8047357 -0.4186326 -0.4194681 0.8054771 -0.4200624 -0.4221619 0.8033224 -0.4207249 -0.4193837 0.8044301 -0.4196735 -0.4181576 0.8056167 -0.4212349 -0.4206385 0.8035077 -0.4196994 -0.4210047 0.8041191 -0.4180972 -0.4194533 0.8057628 -0.4204084 -0.4208713 0.8038185 -0.4190546 -0.4182644 0.8058835 -0.4183317 -0.4181478 0.8063196 -0.4181912 -0.4183894 0.8062672 -0.4182325 -0.4188342 0.8060145 -0.4184139 -0.4182158 0.8062416 -0.4184285 -0.41845 0.8061125 -0.4200475 -0.422352 0.8032304 -0.419834 -0.4219549 0.8035506 -0.4188395 -0.4195538 0.8053249 -0.4185921 -0.4191988 0.8056382 -0.418984 -0.4182842 0.80591 -0.4195852 -0.4188606 0.8052977 -0.4223516 -0.4204824 0.803003 -0.4177217 -0.4191961 0.8060913 -0.2200095 -0.04898524 0.9742671 -0.4190211 -0.4203446 0.8048178 -0.4190607 -0.4175565 0.8062473 -0.4206975 -0.419128 0.8045778 -0.4204155 -0.4206351 0.8039386 -0.4202998 -0.4199571 0.8043533 -0.4180029 -0.4184805 0.8063173 -0.4177643 -0.4178591 0.8067633 -0.4180433 -0.4176791 0.8067119 -0.4184363 -0.4177764 0.8064576 -0.4176996 -0.4180182 0.8067143 -0.418025 -0.417824 0.8066463 -0.4113887 -0.4070211 0.8155325 -0.4105959 -0.408481 0.8152019 -0.4084782 -0.4106056 0.8151986 -0.4070085 -0.4113927 0.8155367 -0.4077128 -0.4067366 0.8175181 -0.4055471 -0.4082995 0.8178161 -0.4066839 -0.4076651 0.817568 -0.4070933 -0.4062683 0.8180595 -0.4072443 -0.4068547 0.8176926 -0.406455 -0.4072881 0.8178697 -0.4099213 -0.4078474 0.8158584 -0.4075435 -0.4096047 0.8161693 -0.4089079 -0.4088566 0.8158619 -0.4060902 -0.4068367 0.8182755 -0.408441 -0.4063326 0.8173553 -0.4069632 -0.4055513 0.8184798 -0.4058265 -0.4072526 0.8181993 -0.4065292 -0.4068638 0.818044 -0.4085612 -0.4085915 0.8161683 -0.4082295 -0.406882 0.8171877 -0.4070288 -0.4083887 0.817035 -0.4058243 -0.4090546 0.817301 -0.4061625 -0.4060125 0.8186488 -0.4090418 -0.4064386 0.8170021 -0.4084789 -0.4080646 0.8164731 -0.4077785 -0.4081998 0.8167556 -0.4090617 -0.4074969 0.8164649 -0.4072326 -0.4087572 0.8167491 -0.4062611 -0.4055917 0.8188085 -0.4064499 -0.4063674 0.8183301 -0.4059667 -0.4066267 0.8184411 -0.4053283 -0.4057474 0.8191936 -0.4054608 -0.4056782 0.8191623 -0.4056578 -0.4054264 0.8191894 -0.4083877 -0.4038723 0.8186004 -0.4062332 -0.4060911 0.8185748 -0.4052566 -0.40597 0.8191189 -0.4056265 -0.4057663 0.8190366 -0.4056623 -0.4059282 0.8189387 -0.4064937 -0.4059528 0.8185141 -0.1202716 -0.1188434 0.9856019 -0.06166684 -0.06539684 0.9959521 -0.0335595 -0.039384 0.9986605 -0.01527148 -0.02220749 0.9996368 -0.008650302 -0.0154531 0.9998432 -0.08984792 -0.0929566 0.991608 -0.08951026 -0.0933364 0.9916029 -0.1106329 -0.1250378 0.9859645 -0.03794497 -0.0320695 0.9987652 -0.06398713 -0.05999875 0.9961456 -0.09197944 -0.09076404 0.9916157 -0.0987125 -0.08451318 0.9915208 -0.01635086 -0.009473145 0.9998215 -0.4126823 -0.4070605 0.814859 -0.09189581 -0.4502043 0.8881843 -0.1286627 -0.1173676 0.9847187 -0.2009131 -0.005227863 0.9795952 -0.1096417 -0.1209197 0.9865887 -0.1139442 -0.1309259 0.9848224 -0.1232031 -0.1062539 0.9866769 -0.1187404 -0.1148535 0.9862604 -0.4439152 0.005391657 0.8960526 -0.2094942 -0.5179278 0.8293751 -0.1418333 -0.1322236 0.98102 -0.07515728 -0.07138377 0.9946134 -0.0319581 -0.03047657 0.9990245 -0.1315577 -0.1432104 0.9809095 -0.1843146 -0.2097076 0.9602348 -0.09725272 -0.09543812 0.9906733 -0.01992088 -0.02160221 0.9995682 -0.05066943 -0.0535652 0.997278 -0.07870823 -0.08398926 0.9933534 -0.03805047 -0.04729676 0.998156 -0.06727647 -0.05123639 0.9964179 -0.5517549 -0.1994497 0.8098065 -0.5393725 -0.206359 0.8163905 -0.3887459 -0.1797949 0.9036319 -0.2683416 -0.3114024 0.9116039 -0.1714903 -0.3822723 0.9079973 -0.171384 -0.3800001 0.9089705 -0.4915627 -0.3028128 0.816499 -0.5008857 -0.2789418 0.8193322 -0.5148608 -0.2534986 0.8189365 -0.2790587 -0.4682565 0.8383687 -0.5327849 -0.2105925 0.8196287 -0.5239207 -0.2166141 0.8237631 -0.5056048 -0.2309144 0.8312895 -0.5038204 -0.2058467 0.8389232 -0.5229943 -0.1779331 0.8335567 -0.5033851 -0.2325909 0.8321689 -0.4914145 -0.1527802 0.8574206 -0.1201555 -0.1172401 0.9858081 -0.5013853 -0.2346726 0.8327915 -0.4502665 -0.2333654 0.8618589 -0.4393624 -0.2281517 0.8688542 -0.4297628 -0.2229792 0.8749768 -0.4663481 -0.236768 0.8523265 -0.4684046 -0.2368529 0.8511744 -0.389276 -0.183382 0.9026824 -0.4929052 -0.2425341 0.8355967 -0.4860402 -0.2479614 0.8380215 -0.4789282 -0.2529529 0.8406204 -0.4758254 -0.253361 0.8422579 -0.4809203 -0.2518793 0.8398052 -0.4900594 -0.303192 0.8172615 -0.4764546 -0.307542 0.8236559 -0.3941746 -0.3936837 0.8304454 -0.3940818 -0.3936369 0.8305118 -0.3946972 -0.3943579 0.8298771 -0.3939427 -0.3943977 0.8302166 -0.3943388 -0.3945114 0.8299745 -0.3942524 -0.3936474 0.8304257 -0.3948614 -0.3944831 0.8297395 -0.393991 -0.393971 0.8303963 -0.3941352 -0.3940514 0.8302897 -0.3959923 -0.3937291 0.8295587 -0.3957909 -0.3939002 0.8295736 -0.3960116 -0.3938512 0.8294914 -0.3926457 -0.3882008 0.8337443 -0.3981979 -0.3946776 0.8280508 -0.3887947 -0.3920457 0.8337499 -0.394635 -0.3982102 0.8280652 -0.3877417 -0.3922578 0.8341405 -0.3904541 -0.3900912 0.8338913 -0.3898628 -0.3902664 0.8340858 -0.3904197 -0.3901638 0.8338733 -0.3899715 -0.390182 0.8340745 -0.390527 -0.3886404 0.8345343 -0.388597 -0.3905584 0.8345398 -0.3886756 -0.3905485 0.8345078 -0.3905713 -0.3886342 0.8345165 -0.389379 -0.3896511 0.8345994 -0.3898103 -0.3892191 0.8345996 -0.3895311 -0.3892551 0.8347132 -0.3973357 -0.3944987 0.8285501 -0.3907653 -0.3884664 0.8345037 -0.3884868 -0.3907917 0.8344818 -0.3884509 -0.3907997 0.8344948 -0.3894101 -0.3903167 0.8342737 -0.3901947 -0.3892629 0.8343996 -0.390502 -0.3892031 0.8342837 -0.3908373 -0.3884556 0.834475 -0.3891028 -0.3896911 0.8347095 -0.3890563 -0.3903813 0.8344086 -0.3894479 -0.3890876 0.8348301 -0.3889501 -0.3893165 0.8349553 -0.3892657 -0.3892776 0.8348265 -0.3892322 -0.3912162 0.8339354 -0.391232 -0.3892273 0.8339302 -0.3891143 -0.3891323 0.8349647 -0.3889935 -0.3890446 0.8350619 -0.3891232 -0.3889037 0.8350671 -0.388984 -0.3889207 0.8351241 -0.3888133 -0.3890641 0.8351368 -0.3890364 -0.3887378 0.8351848 -0.3887291 -0.3890308 0.8351914 -0.3887302 -0.3890299 0.8351914 -0.3890184 -0.388742 0.8351913 -0.3891098 -0.3886524 0.8351903 -0.3891545 -0.3886469 0.8351721 -0.38867 -0.3891321 0.8351717 -0.3886243 -0.3891379 0.8351904 -0.391636 -0.3883799 0.8341356 -0.3885743 -0.3602662 0.8480675 -0.459791 -0.3164181 0.8297421 -0.3582741 -0.3875578 0.8493756 -0.4271148 -0.3378912 0.838691 -0.4491631 -0.322836 0.8330844 -0.3883243 -0.3604739 0.8480937 -0.3748987 -0.389771 0.8411478 -0.2887933 -0.4559442 0.8418512 -0.3582662 -0.3883696 0.8490079 -0.4710482 -0.2742352 0.8383964 -0.1792851 -0.1763305 0.9678659 -0.3297796 -0.2464555 0.9113205 -0.2832664 -0.2653216 0.9216098 -0.3504238 -0.2305808 0.9077641 -0.2253811 -0.3443102 0.9114022 -0.2797096 -0.2977185 0.9127576 -0.1771159 -0.1800168 0.9675866 -0.2866916 -0.3058378 0.9078939 -0.2934048 -0.3169332 0.9019241 -0.304893 -0.3342484 0.8918063 -0.2346821 -0.2180359 0.9473039 -0.2476907 -0.2488196 0.936343 -0.2723205 -0.2843857 0.9192206 -0.2804901 -0.2804826 0.9179624 -0.2272997 -0.2290531 0.9465038 -0.2953591 -0.2915721 0.9098069 -0.29052 -0.294664 0.9103689 -0.2804392 -0.2803296 0.9180246 -0.2804822 -0.2804679 0.9179692 -0.2255436 -0.2236436 0.948216 -0.2661705 -0.2679954 0.9259221 -0.2783513 -0.2810608 0.9184364 -0.2837501 -0.2796325 0.9172195 -0.4133094 -0.3234662 0.8512021 -0.3845555 -0.3840764 0.839406 -0.3835985 -0.383949 0.8399022 -0.3841463 -0.3843309 0.8394769 -0.3837677 -0.383634 0.8399688 -0.3844736 -0.38391 0.8395197 -0.3833749 -0.3839977 0.8399818 -0.3837174 -0.3843641 0.8396579 -0.383771 -0.3834241 0.8400629 -0.3843353 -0.3840094 0.8395375 -0.3834539 -0.3838045 0.8400341 -0.3841872 -0.3842119 0.8395127 -0.3843007 -0.3842318 0.8394516 -0.3844193 -0.3842275 0.8393993 -0.3838161 -0.3838595 0.8398435 -0.3837563 -0.3835624 0.8400065 -0.3836885 -0.3837493 0.8399522 -0.3846185 -0.3841048 0.8393643 -0.3835853 -0.3842369 0.8397765 -0.3842481 -0.3847293 0.8392477 -0.290303 -0.2849369 0.913529 -0.2497254 -0.2841963 0.9256727 -0.2903155 -0.2903661 0.9118139 -0.2902867 -0.2904526 0.9117954 -0.384198 -0.3836427 0.8397681 -0.3836019 -0.3832046 0.8402405 -0.3850901 -0.3833184 0.8395075 -0.382894 -0.3848471 0.8398124 -0.3829781 -0.3852037 0.8396106 -0.3832564 -0.3834187 0.8403003 -0.3835998 -0.383005 0.8403323 -0.3830168 -0.3834658 0.8403881 -0.3833226 -0.3830358 0.8404449 -0.3831785 -0.383322 0.84038 -0.3834265 -0.3833677 0.8402461 -0.3832751 -0.3832516 0.840368 -0.3846622 -0.3827037 0.8399839 -0.3837932 -0.3831397 0.8401826 -0.3832294 -0.3837019 0.8401834 -0.3843037 -0.3824229 0.8402759 -0.3850861 -0.3827192 0.8397827 -0.3821438 -0.38502 0.8400748 -0.3823114 -0.3846128 0.8401851 -0.3822239 -0.3840929 0.8404628 -0.384383 -0.3820606 0.8404043 -0.3816418 -0.3820697 0.8416487 -0.3828139 -0.3829461 0.8407173 -0.3818272 -0.3827248 0.8412668 -0.3840613 -0.3817619 0.8406872 -0.3830572 -0.3827558 0.8406934 -0.3811877 -0.3820763 0.8418512 -0.3824728 -0.3827428 0.8409653 -0.3823783 -0.382647 0.8410518 -0.3840206 -0.3829656 0.8401582 -0.3823455 -0.3838038 0.8405395 -0.3831774 -0.3843017 0.839933 -0.3827874 -0.3823757 0.8409891 -0.3813289 -0.3819169 0.8418598 -0.3783655 -0.379742 0.8441775 -0.3844734 -0.3777594 0.8423053 -0.3820618 -0.3824056 0.8413054 -0.3817971 -0.3816738 0.8417578 -0.3830223 -0.3824557 0.8408458 -0.3822983 -0.3821694 0.8413054 -0.3817711 -0.3819619 0.8416388 -0.3828075 -0.3825717 0.8408909 -0.3823975 -0.3825346 0.8410941 -0.3826712 -0.3828507 0.8408259 -0.3823597 -0.3831264 0.840842 -0.383709 -0.3824309 0.8405439 -0.3815748 -0.3838552 0.8408662 -0.3829627 -0.3833132 0.8404824 -0.3838177 -0.3839523 0.8398004 -0.3836764 -0.3835613 0.8400436 -0.3831339 -0.3826243 0.8407182 -0.3833844 -0.383194 0.8403446 -0.38209 -0.38198 0.8414859 -0.3823125 -0.3820853 0.841337 -0.3816473 -0.3812043 0.8420385 -0.3808523 -0.3803856 0.8427684 -0.3804759 -0.3794891 0.8433421 -0.382231 -0.382297 0.8412778 -0.3805495 -0.3826439 0.8418822 -0.3818209 -0.383628 0.8408583 -0.3813974 -0.3832181 0.8412371 -0.3814362 -0.3807731 0.8423292 -0.3819765 -0.3817998 0.8416191 -0.379874 -0.3787567 0.8439427 -0.3816235 -0.3793566 0.8428833 -0.3822799 -0.3816592 0.8415454 -0.3854128 -0.3822534 0.8398448 -0.3820347 -0.3852208 0.8400325 -0.3817157 -0.3849563 0.8402988 -0.3259429 -0.3185868 0.890092 -0.3136901 -0.3107538 0.897235 -0.3100185 -0.3051198 0.9004391 -0.2974754 -0.2917885 0.9090478 -0.3386563 -0.3298372 0.8812034 -0.2353637 -0.2407165 0.9416261 -0.3833015 -0.3818532 0.8409924 -0.3818444 -0.3820138 0.8415822 -0.3816281 -0.3813166 0.8419963 -0.3811348 -0.3806437 0.8425241 -0.3802685 -0.3794955 0.843433 -0.3823067 -0.3821873 0.8412935 -0.3821631 -0.3818628 0.841506 -0.3821927 -0.3819313 0.8414614 -0.3826507 -0.3820347 0.8412063 -0.3816792 -0.3812314 0.8420118 -0.3812091 -0.3804231 0.8425901 -0.3812032 -0.3795754 0.8429749 -0.3833689 -0.3816002 0.8410765 -0.3818801 -0.3831097 0.8410677 -0.3772396 -0.3836487 0.8429141 -0.3817274 -0.382425 0.8414484 -0.3811935 -0.3815907 0.8420689 -0.3801481 -0.3809368 0.8428374 -0.3733097 -0.3698003 0.8508159 -0.3828051 -0.3825182 0.8409163 -0.3819073 -0.3822144 0.8414625 -0.3826913 -0.3828817 0.8408027 -0.3820136 -0.3799203 0.8424527 -0.382686 -0.3812873 0.8415293 -0.3807593 -0.3780464 0.8438622 -0.3818646 -0.3788073 0.8430212 -0.3829836 -0.3808441 0.8415946 -0.3845403 -0.381506 0.8405844 -0.3828333 -0.3781215 0.8428897 -0.3814098 -0.3830795 0.8412947 -0.3819305 -0.3820009 0.8415488 -0.3844664 -0.3812736 0.8407235 -0.3811417 -0.3833801 0.8412793 -0.3813927 -0.3816838 0.8419366 -0.382447 -0.380295 0.8420868 -0.3832738 -0.3809061 0.8414343 -0.3832504 -0.3807982 0.8414938 -0.3810163 -0.3815638 0.8421614 -0.3810192 -0.3841177 0.8409982 -0.3795388 -0.3786785 0.8441286 -0.3809943 -0.3777521 0.8438879 -0.3813884 -0.381199 0.8421582 -0.3742614 -0.3748182 0.8481979 -0.3815974 -0.3621431 0.8504327 -0.3799376 -0.381439 0.8427051 -0.3811798 -0.3823885 0.8417132 -0.3807262 -0.3821476 0.8420279 -0.3813142 -0.3813354 0.8421299 -0.3809957 -0.3812942 0.8422929 -0.3806938 -0.3813863 0.8423875 -0.3807942 -0.3807837 0.8426148 -0.381339 -0.3810623 0.8422423 -0.3812974 -0.3746775 0.8451209 -0.3803583 -0.3826897 0.8419479 -0.3716624 -0.3741008 0.8496562 -0.3824397 -0.3591992 0.8513025 -0.3822116 -0.3812892 0.841744 -0.3806188 -0.38121 0.8425013 -0.3805899 -0.3806953 0.8427471 -0.3792465 -0.3805267 0.8434284 -0.373975 -0.3839046 0.8442512 -0.3795782 -0.3817232 0.8427383 -0.3802139 -0.3807049 0.8429123 -0.3713068 -0.369224 0.8519418 -0.3985656 -0.3586783 0.8440944 -0.3825955 -0.3802722 0.8420295 -0.3808385 -0.3807661 0.8426026 -0.3810155 -0.3805981 0.8425985 -0.3801895 -0.3800154 0.8432343 -0.3810644 -0.3812957 0.8422611 -0.3818259 -0.3820009 0.8415964 -0.3812859 -0.382079 0.8418057 -0.37847 -0.3772482 0.8452482 -0.3781059 -0.3809415 0.8437533 -0.3813559 -0.3811138 0.8422114 -0.3821966 -0.3819004 0.8414736 -0.3740153 -0.3808701 0.8456066 -0.381767 -0.3811033 0.8420299 -0.381129 -0.3809097 0.8424065 -0.3749777 -0.3819087 0.8447115 -0.3700413 -0.3619332 0.8556132 -0.3707733 -0.364363 0.8542639 -0.3810863 -0.3805114 0.8426058 -0.379647 -0.3776453 0.8445427 -0.3808767 -0.3792605 0.8432642 -0.3817811 -0.3804717 0.8423091 -0.3807023 -0.3837049 0.8413301 -0.3810769 -0.3805164 0.8426077 -0.3805715 -0.3818175 0.8422474 -0.3819574 -0.3805927 0.8421745 -0.3889687 -0.378692 0.8398189 -0.3807054 -0.3807951 0.8426497 -0.381405 -0.3807412 0.8423576 -0.3748959 -0.3826127 0.8444293 -0.3805994 -0.3801849 0.8429731 -0.3796148 -0.3791226 0.8438949 -0.3677738 -0.3609027 0.857025 -0.3816183 -0.3811276 0.8420862 -0.3570286 -0.395142 0.8464003 -0.374495 -0.3805162 0.8455536 -0.3807971 -0.381034 0.8425003 -0.3704278 -0.3813238 0.8469802 -0.3819073 -0.3801901 0.842379 -0.3786814 -0.3641607 0.8508745 -0.3807145 -0.3779951 0.8439055 -0.3835816 -0.3803927 0.8415263 -0.3805351 -0.3806363 0.8427985 -0.3828773 -0.3798967 0.8420709 -0.383299 -0.3803083 0.8416932 -0.3805311 -0.3809396 0.8426631 -0.3784188 -0.3673985 0.8495985 -0.3804136 -0.3807339 0.8428092 -0.3818387 -0.3799712 0.8425089 -0.3794523 -0.3782932 0.8443402 -0.3803881 -0.3803413 0.842998 -0.3779217 -0.3760971 0.846006 -0.3771247 -0.3797587 0.8447251 -0.3765841 -0.3699782 0.8492943 -0.380916 -0.3813415 0.8423074 -0.3739867 -0.3792976 0.8463258 -0.3715897 -0.3567706 0.8571091 -0.3814198 -0.3794155 0.842949 -0.3817886 -0.3794757 0.8427549 -0.3805515 -0.3787577 0.8436368 -0.3804972 -0.3778818 0.8440541 -0.3801126 -0.3803806 0.8431044 -0.3799155 -0.3800222 0.843355 -0.3764133 -0.3784714 0.8456196 -0.378035 -0.3748668 0.8465014 -0.3781958 -0.3741047 0.8467667 -0.3805459 -0.3802468 0.8429694 -0.3753297 -0.3683122 0.8505727 -0.373943 -0.3773892 0.8471978 -0.3813865 -0.3805623 0.8424469 -0.3799564 -0.3831318 0.8419284 -0.3793141 -0.3799626 0.8436523 -0.3803925 -0.3798925 0.8431984 -0.3785523 -0.3787215 0.8445522 -0.3779575 -0.3783317 0.8449931 -0.379783 -0.3794313 0.8436805 -0.3799171 -0.3798751 0.8434205 -0.3801074 -0.3808832 0.84288 -0.3814043 -0.3799185 0.8427293 -0.3789947 -0.3790566 0.8442034 -0.3778377 -0.3783323 0.8450464 -0.3816834 -0.3810564 0.8420891 -0.3676964 -0.3757771 0.8506415 -0.3722196 -0.372227 0.8502351 -0.370074 -0.3720485 0.8512492 -0.3816479 -0.3581855 0.8520846 -0.3728557 -0.3845062 0.8444724 -0.3794085 -0.3823718 0.8425207 -0.3801791 -0.3819955 0.8423441 -0.3696129 -0.3676867 0.8533422 -0.3745663 -0.3774555 0.8468928 -0.3822036 -0.3817006 0.841561 -0.3818546 -0.3800085 0.8424849 -0.3782469 -0.3783661 0.8448482 -0.3733178 -0.3815539 0.8456066 -0.379395 -0.3802646 0.8434799 -0.3776823 -0.3779457 0.8452889 -0.3774252 -0.3775454 0.8455825 -0.3794677 -0.3779854 0.8444712 -0.3744327 -0.3727706 0.8490242 -0.3800006 -0.3797596 0.8434348 -0.3676471 -0.369023 0.8536145 -0.3802499 -0.3805387 0.8429713 -0.3732854 -0.3716129 0.8500364 -0.3750032 -0.3757525 0.8474566 -0.3805765 -0.3679507 0.8483948 -0.3781091 -0.3715958 0.8479093 -0.3701148 -0.3711872 0.8516073 -0.3806703 -0.3560415 0.8534194 -0.3737031 -0.3746168 0.8485331 -0.4041428 -0.4031268 0.821071 -0.383821 -0.3618923 0.8495384 -0.3706688 -0.3793776 0.8477483 -0.3805715 -0.3793892 0.843344 -0.3696649 -0.3740845 0.8505343 -0.3855805 -0.3849493 0.8385354 -0.3819844 -0.3804718 0.8422169 -0.3830115 -0.3796392 0.8421261 -0.3719292 -0.3720052 0.8504592 -0.3892942 -0.3598348 0.8479204 -0.3815435 -0.3790527 0.8430562 -0.371224 -0.3602123 0.855827 -0.3709072 -0.377032 0.8486901 -0.4047248 -0.4037178 0.8204936 -0.3791692 -0.377708 0.8447291 -0.3732023 -0.3800793 0.8463213 -0.3684229 -0.3798196 0.8485291 -0.3804488 -0.3787153 0.8437022 -0.3741233 -0.3801953 0.8458625 -0.3798888 -0.3788446 0.8438966 -0.3773728 -0.362903 0.8519925 -0.3687881 -0.3799241 0.8483238 -0.3789513 -0.3787826 0.8443457 -0.3754726 -0.3747108 0.84771 -0.3712036 -0.3788557 0.8477478 -0.3819862 -0.3791963 0.842791 -0.369533 -0.3648799 0.8545807 -0.3581154 -0.386765 0.8498038 -0.3836018 -0.3604584 0.8502467 -0.3711057 -0.3710293 0.8512449 -0.3710396 -0.3741927 0.849888 -0.3798137 -0.3768396 0.8448275 -0.3830203 -0.3777744 0.8429603 -0.3790531 -0.3768866 0.8451482 -0.3727667 -0.3706699 0.8506756 -0.373851 -0.366752 0.851897 -0.373318 -0.3786364 0.846917 -0.364623 -0.3746151 0.852475 -0.370502 -0.3705519 0.8517157 -0.3587605 -0.3815118 0.8519036 -0.3793039 -0.3780268 0.8445262 -0.3793323 -0.3780975 0.8444817 -0.3762933 -0.361516 0.8530591 -0.3688276 -0.3772935 0.8494798 -0.3736659 -0.3650563 0.8527061 -0.3692291 -0.3692463 0.8528348 -0.3669944 -0.3824481 0.8479673 -0.3670529 -0.3727311 0.8522581 -0.3583809 -0.3215675 0.876446 -0.3689945 -0.3777703 0.8491953 -0.365934 -0.3731522 0.8525549 -0.3698776 -0.369916 0.8522633 -0.379208 -0.3774523 0.8448261 -0.3697829 -0.3705515 0.8520283 -0.3724969 -0.3761734 0.8483749 -0.3709421 -0.3764404 0.8489373 -0.369277 -0.35472 0.8589578 -0.4246707 -0.2936617 0.8563981 -0.3692623 -0.3750084 0.8503024 -0.3704384 -0.3740752 0.8502018 -0.3771494 -0.3655537 0.8509577 -0.4057257 -0.3593431 0.8403922 -0.4101349 -0.3586744 0.8385357 -0.3673248 -0.3801733 0.8488469 -0.378706 -0.3781763 0.8447275 -0.3713678 -0.3737698 0.8499307 -0.3705416 -0.3685806 0.8525533 -0.3688389 -0.370517 0.8524524 -0.3721283 -0.3753767 0.8488893 -0.3681771 -0.3638979 0.8555839 -0.3694218 -0.367774 0.8533874 -0.3657599 -0.3747725 0.8519186 -0.3545387 -0.4327444 0.8288755 -0.3693361 -0.3716619 0.8517384 -0.3694972 -0.3695734 0.8525769 -0.3743761 -0.3376361 0.8636229 -0.3719422 -0.3513192 0.8592054 -0.4248763 -0.2912649 0.8571144 -0.3735928 -0.3652537 0.8526536 -0.3714706 -0.3664766 0.8530561 -0.3675954 -0.3776302 0.8498642 -0.3698568 -0.3660712 0.8539308 -0.3679788 -0.368157 0.8538455 -0.3666273 -0.3718921 0.8528075 -0.3658726 -0.3739008 0.8522531 -0.3692575 -0.3691813 0.8528506 -0.3747668 -0.3737977 0.8484251 -0.3691757 -0.3692026 0.8528767 -0.3662325 -0.3672062 0.8550049 -0.3693766 -0.3695637 0.8526334 -0.3710464 -0.3709228 0.8513172 -0.3718243 -0.3715311 0.8507124 -0.3732845 -0.3727019 0.8495599 -0.3749747 -0.3742657 0.848127 -0.3747718 -0.3744524 0.8481342 -0.3746817 -0.373642 0.8485313 -0.3677942 -0.3686671 0.8537049 -0.3681686 -0.368256 0.853721 -0.3627654 -0.3724248 0.8542255 -0.3698405 -0.3611889 0.8560145 -0.3656972 -0.3700488 0.854008 -0.3688839 -0.3647561 0.854914 -0.4181719 -0.2803264 0.8640309 -0.4224481 -0.2890301 0.8590688 -0.4138283 -0.295265 0.8611416 -0.3716206 -0.3712922 0.8509055 -0.3716231 -0.3723878 0.8504256 -0.3714486 -0.3701642 0.8514719 -0.3708528 -0.3682768 0.8525494 -0.3704963 -0.3681588 0.8527553 -0.3703374 -0.3663593 0.853599 -0.3701277 -0.3650756 0.8542396 -0.3711788 -0.3714249 0.8510405 -0.3671221 -0.3652507 0.855461 -0.3727535 -0.3738114 0.8493056 -0.3720486 -0.3707489 0.8509554 -0.3629682 -0.3698998 0.8552359 -0.3656129 -0.3698779 0.8541181 -0.3667871 -0.3701384 0.8535014 -0.3679826 -0.3703765 0.8528835 -0.3686939 -0.3705585 0.8524971 -0.3734492 -0.3710933 0.8501915 -0.3659752 -0.364542 0.8562543 -0.3728477 -0.3741424 0.8491184 -0.3729968 -0.3709025 0.8504734 -0.3723114 -0.3736373 0.8495761 -0.4059961 -0.2994986 0.8634048 -0.3920517 -0.2926126 0.8721659 -0.3116918 -0.3116882 0.8976073 -0.371063 -0.371832 0.8509133 -0.3345788 -0.3422381 0.8780263 -0.2796115 -0.2733137 0.9203897 -0.3472052 -0.3439555 0.8724352 -0.3108479 -0.3108465 0.8981916 -0.364675 -0.3664933 0.8559761 -0.3702856 -0.3692179 0.8523889 -0.3179391 -0.3179951 0.8931931 -0.3174866 -0.3183441 0.8932298 -0.3698561 -0.3702656 0.8521209 -0.3681495 -0.3683477 0.8536897 -0.3677874 -0.3672841 0.8543037 -0.3644396 -0.3650519 0.856692 -0.3657793 -0.3656846 0.8558506 -0.3653085 -0.3653401 0.8561988 -0.3644219 -0.364342 0.8570016 -0.3643235 -0.3645773 0.8569433 -0.3577458 -0.357544 0.8626589 -0.3633571 -0.3632967 0.857897 -0.3603357 -0.3603289 0.8604193 -0.3576174 -0.3576146 0.8626828 -0.3498377 -0.349937 0.8689982 0.249301 0.4506055 -0.8572069 0.2493252 0.4505797 -0.8572134 0.3535793 0.3535454 -0.8660181 0.6123725 0.6123725 0.4999999 0.612373 0.6123723 0.4999994 0.6123702 0.6123751 0.4999995 0.612374 0.6123712 0.4999997 0.6123761 0.6123687 0.5000002 0.612371 0.6123738 0.5000002 0.6123721 0.6123726 0.5000001 0.3535311 0.3535498 -0.8660359 0.4505768 0.2493173 -0.8572173 0.6124033 0.612357 0.4999812 0.6123815 0.6123724 0.499989 0.6123672 0.6123769 0.5000009 0.6123807 0.6123659 0.499998 0.6123695 0.612374 0.5000017 0.6123771 0.6123685 0.4999992 0.6123673 0.6123753 0.5000029 0.612356 0.6123812 0.5000095 0.6123747 0.6123719 0.499998 -0.6123736 -0.6123719 -0.4999994 -0.6123726 -0.6123724 -0.5 -0.6123729 -0.6123729 -0.4999988 -0.612371 -0.612374 -0.5000001 -0.6123739 -0.6123701 -0.5000013 -0.6123706 -0.6123743 -0.5000001 -0.6123719 -0.6123731 -0.5 -0.6123718 -0.612375 -0.4999977 -0.6123693 -0.612375 -0.5000008 -0.6123636 -0.6123751 -0.5000076 -0.6123791 -0.6123702 -0.4999946 -0.612394 -0.6123577 -0.4999916 -0.6123639 -0.6123765 -0.5000056 -0.6123879 -0.6123639 -0.4999915 -0.6123722 -0.6123722 -0.5000005 -0.6123687 -0.6123751 -0.5000013 -0.6123733 -0.6123703 -0.5000016 0.4505816 0.249323 -0.8572131 0.02786076 0.6153427 -0.7877672 0.02782422 0.6153592 -0.7877557 0.6123712 0.6123743 0.4999993 0.6153368 0.0278635 -0.7877717 -0.6123731 -0.6123703 -0.5000019 -0.6123493 -0.6123846 -0.5000135 0.615347 0.02786093 -0.7877638 -0.1958423 0.7302527 -0.6545051 -0.1958489 0.7302547 -0.6545009 0.612376 0.6123672 0.5000021 0.6123712 0.6123744 0.4999991 0.6123785 0.6123635 0.5000036 0.730254 -0.1958653 -0.6544967 -0.6123827 -0.6123673 -0.4999937 -0.6123724 -0.6123724 -0.5000001 -0.6123741 -0.6123681 -0.5000034 0.7302579 -0.195851 -0.6544966 -0.4037185 0.7859973 -0.468209 -0.4037182 0.7859966 -0.4682104 0.7859952 -0.4037101 -0.4682197 0.7860315 -0.4036853 -0.4681805 -0.5788618 0.7780672 -0.2439888 -0.5788538 0.7780734 -0.2439879 0.7780803 -0.5788462 -0.2439842 0.7780687 -0.57886 -0.2439885 -0.7070978 0.7071158 0 -0.7071173 0.7070963 -1.50369e-6 0.7070857 -0.7071278 -4.51109e-6 -0.7780656 0.5788636 0.2439895 -0.7780825 0.5788434 0.2439838 0.5788469 -0.7780811 0.2439799 0.5788677 -0.7780631 0.2439883 -0.7859956 0.4037162 0.4682139 -0.7860243 0.4036939 0.4681848 0.4037023 -0.7860069 0.4682067 0.4037023 -0.7860037 0.4682122 -0.7302496 0.1958522 0.6545055 -0.7302712 0.1958541 0.6544809 0.1958808 -0.7302554 0.6544904 0.1958311 -0.7302615 0.6544986 -0.6153708 -0.0278598 0.7877453 -0.6153094 -0.02787041 0.7877929 -0.02783715 -0.6153441 0.7877671 -0.02783614 -0.6153366 0.7877728 -0.450623 -0.2493155 0.8571935 -0.4505819 -0.2493186 0.8572142 -0.2493314 -0.4505806 0.8572111 -0.2493473 -0.4505978 0.8571977 -0.3535366 -0.3535555 0.8660315 -0.3535819 -0.3535646 0.8660093</float_array>
          <technique_common>
            <accessor source="#cam-mesh-normals-array" count="10420" stride="3">
              <param name="X" type="float"/>
              <param name="Y" type="float"/>
              <param name="Z" type="float"/>
            </accessor>
          </technique_common>
        </source>
        <vertices id="cam-mesh-vertices">
          <input semantic="POSITION" source="#cam-mesh-positions"/>
        </vertices>
        <triangles count="10774">
          <input semantic="VERTEX" source="#cam-mesh-vertices" offset="0"/>
          <input semantic="NORMAL" source="#cam-mesh-normals" offset="1"/>
          <p>0 0 1 0 2 0 1 0 3 0 2 0 3 0 4 0 2 0 4 1 5 1 2 1 5 2 6 2 2 2 6 2 0 2 2 2 7 0 8 0 0 0 8 0 1 0 0 0 6 3 9 3 0 3 9 3 7 3 0 3 3 0 10 0 4 0 10 0 11 0 4 0 11 4 12 4 4 4 12 5 5 5 4 5 13 0 14 0 7 0 15 0 13 0 7 0 14 0 16 0 7 0 16 0 8 0 7 0 17 6 15 6 7 6 9 7 17 7 7 7 10 0 18 0 11 0 18 0 19 0 11 0 19 8 20 8 11 8 20 4 12 4 11 4 21 9 22 9 3 9 1 10 21 10 3 10 22 11 10 11 3 11 23 12 18 12 10 12 22 13 23 13 10 13 24 14 21 14 1 14 8 14 24 14 1 14 25 0 19 0 18 0 26 15 25 15 18 15 23 12 26 12 18 12 27 16 24 16 8 16 16 17 27 17 8 17 25 0 28 0 19 0 28 18 29 18 19 18 29 8 20 8 19 8 30 0 28 0 25 0 31 19 30 19 25 19 26 20 31 20 25 20 14 0 32 0 16 0 33 21 27 21 16 21 32 21 33 21 16 21 34 0 28 0 30 0 35 0 34 0 30 0 36 22 35 22 30 22 31 23 36 23 30 23 37 0 38 0 32 0 14 0 37 0 32 0 39 24 33 24 32 24 38 25 39 25 32 25 40 0 34 0 35 0 41 0 40 0 35 0 42 26 41 26 35 26 36 22 42 22 35 22 43 0 40 0 38 0 37 0 43 0 38 0 40 0 41 0 38 0 44 27 39 27 38 27 41 27 44 27 38 27 34 28 45 28 28 28 45 18 29 18 28 18 42 29 44 29 41 29 40 0 46 0 34 0 47 30 48 30 34 30 46 31 47 31 34 31 48 32 45 32 34 32 49 0 13 0 15 0 50 0 49 0 15 0 51 22 52 22 15 22 17 22 51 22 15 22 52 33 53 33 15 33 53 34 50 34 15 34 54 35 55 35 14 35 13 35 54 35 14 35 55 36 37 36 14 36 56 0 49 0 50 0 57 0 56 0 50 0 53 37 58 37 50 37 58 38 57 38 50 38 59 12 43 12 37 12 55 36 59 36 37 36 60 14 54 14 13 14 49 14 60 14 13 14 61 39 40 39 43 39 59 12 61 12 43 12 62 40 60 40 49 40 56 40 62 40 49 40 63 0 46 0 40 0 64 41 63 41 40 41 61 39 64 39 40 39 57 0 65 0 56 0 66 42 62 42 56 42 65 43 66 43 56 43 67 0 65 0 57 0 58 44 68 44 57 44 68 45 67 45 57 45 69 0 70 0 63 0 70 0 46 0 63 0 71 46 69 46 63 46 64 41 71 41 63 41 67 0 72 0 65 0 73 4 66 4 65 4 72 4 73 4 65 4 74 0 75 0 69 0 75 0 70 0 69 0 76 47 74 47 69 47 71 46 76 46 69 46 67 0 77 0 72 0 77 0 74 0 72 0 78 48 73 48 72 48 74 49 78 49 72 49 77 0 75 0 74 0 76 47 78 47 74 47 68 12 79 12 67 12 79 12 77 12 67 12 80 50 81 50 46 50 81 51 47 51 46 51 70 52 80 52 46 52 79 53 82 53 77 53 82 54 75 54 77 54 75 55 83 55 70 55 83 56 80 56 70 56 82 57 83 57 75 57 12 58 23 58 5 58 23 58 22 58 5 58 22 59 6 59 5 59 22 60 21 60 6 60 21 61 9 61 6 61 20 62 26 62 12 62 26 63 23 63 12 63 21 58 24 58 9 58 24 64 17 64 9 64 29 65 31 65 20 65 31 58 26 58 20 58 27 58 17 58 24 58 45 58 36 58 29 58 36 58 31 58 29 58 33 58 17 58 27 58 45 58 42 58 36 58 47 58 17 58 33 58 39 66 47 66 33 66 48 67 44 67 42 67 45 58 48 58 42 58 44 58 47 58 39 58 48 58 47 58 44 58 84 68 51 68 17 68 85 69 84 69 17 69 47 70 85 70 17 70 81 71 61 71 51 71 61 72 59 72 51 72 59 73 55 73 51 73 55 74 52 74 51 74 84 75 86 75 51 75 86 76 81 76 51 76 81 77 87 77 47 77 87 78 85 78 47 78 80 79 71 79 81 79 71 80 64 80 81 80 64 81 61 81 81 81 86 82 87 82 81 82 55 83 54 83 52 83 54 84 53 84 52 84 54 58 60 58 53 58 60 58 58 58 53 58 62 58 58 58 60 58 68 58 58 58 62 58 66 85 68 85 62 85 80 86 76 86 71 86 79 87 68 87 66 87 73 88 79 88 66 88 83 58 78 58 76 58 80 89 83 89 76 89 82 58 79 58 73 58 78 58 82 58 73 58 83 58 82 58 78 58 88 90 85 90 89 90 85 91 90 91 89 91 90 92 91 92 89 92 92 93 88 93 89 93 91 94 92 94 89 94 84 95 85 95 88 95 92 96 84 96 88 96 93 97 90 97 85 97 87 98 93 98 85 98 92 99 86 99 84 99 86 100 94 100 87 100 94 101 93 101 87 101 95 102 94 102 86 102 92 103 96 103 86 103 96 104 95 104 86 104 96 105 93 105 94 105 95 106 96 106 94 106 97 107 91 107 90 107 93 108 97 108 90 108 96 109 97 109 93 109 98 110 99 110 92 110 99 111 100 111 92 111 100 112 101 112 92 112 101 113 102 113 92 113 103 114 96 114 92 114 104 115 103 115 92 115 102 116 104 116 92 116 91 117 98 117 92 117 105 118 106 118 96 118 106 119 107 119 96 119 107 120 108 120 96 120 103 121 105 121 96 121 108 122 109 122 96 122 109 123 97 123 96 123 97 124 110 124 91 124 110 125 111 125 91 125 111 126 112 126 91 126 112 127 113 127 91 127 113 128 114 128 91 128 114 129 98 129 91 129 115 130 116 130 97 130 117 131 118 131 97 131 118 132 110 132 97 132 116 133 119 133 97 133 119 134 120 134 97 134 120 135 117 135 97 135 109 136 121 136 97 136 121 137 122 137 97 137 122 138 115 138 97 138 118 139 123 139 110 139 123 140 102 140 110 140 102 141 111 141 110 141 116 142 106 142 119 142 106 143 105 143 119 143 105 144 120 144 119 144 102 145 101 145 111 145 101 146 112 146 111 146 117 147 124 147 118 147 124 148 123 148 118 148 125 149 117 149 120 149 105 150 103 150 120 150 103 151 125 151 120 151 115 152 107 152 116 152 107 153 106 153 116 153 101 154 100 154 112 154 100 155 113 155 112 155 125 156 126 156 117 156 126 157 127 157 117 157 127 158 124 158 117 158 128 159 126 159 125 159 103 160 104 160 125 160 104 161 128 161 125 161 122 162 129 162 115 162 129 163 107 163 115 163 130 164 114 164 113 164 100 165 99 165 113 165 99 166 130 166 113 166 131 167 104 167 102 167 123 168 131 168 102 168 128 169 132 169 126 169 132 170 133 170 126 170 133 171 127 171 126 171 134 172 135 172 128 172 135 173 136 173 128 173 136 174 132 174 128 174 104 175 131 175 128 175 131 176 134 176 128 176 121 177 137 177 122 177 137 178 129 178 122 178 124 179 131 179 123 179 138 180 114 180 130 180 99 181 139 181 130 181 139 182 138 182 130 182 136 183 140 183 132 183 140 184 133 184 132 184 127 185 131 185 124 185 141 186 114 186 134 186 114 187 135 187 134 187 131 188 142 188 134 188 142 189 141 189 134 189 109 190 143 190 121 190 143 191 144 191 121 191 144 192 137 192 121 192 129 193 108 193 107 193 135 194 114 194 138 194 139 195 145 195 138 195 145 196 135 196 138 196 135 197 146 197 136 197 146 198 140 198 136 198 147 199 109 199 141 199 109 200 114 200 141 200 142 201 148 201 141 201 148 202 147 202 141 202 109 203 147 203 143 203 147 204 149 204 143 204 149 205 144 205 143 205 98 206 139 206 99 206 145 207 146 207 135 207 133 208 142 208 127 208 142 209 131 209 127 209 148 210 149 210 147 210 137 211 108 211 129 211 98 212 145 212 139 212 140 213 108 213 133 213 108 214 148 214 133 214 148 215 142 215 133 215 144 216 108 216 137 216 98 217 146 217 145 217 98 218 108 218 140 218 146 219 98 219 140 219 108 220 149 220 148 220 149 221 108 221 144 221 109 222 108 222 114 222 108 223 98 223 114 223 150 224 151 224 152 224 153 225 150 225 152 225 151 226 154 226 152 226 155 227 153 227 152 227 156 228 155 228 152 228 154 122 156 122 152 122 157 229 150 229 153 229 158 230 157 230 153 230 159 231 158 231 153 231 155 232 159 232 153 232 160 233 157 233 158 233 161 234 160 234 158 234 159 235 161 235 158 235 162 236 160 236 161 236 163 237 162 237 161 237 159 238 163 238 161 238 164 239 165 239 154 239 151 240 164 240 154 240 166 241 156 241 154 241 165 242 166 242 154 242 167 243 160 243 162 243 168 244 167 244 162 244 163 245 168 245 162 245 168 246 169 246 167 246 169 247 170 247 167 247 170 248 171 248 167 248 171 249 160 249 167 249 172 250 157 250 160 250 171 251 173 251 160 251 173 252 172 252 160 252 174 253 175 253 157 253 176 254 174 254 157 254 172 255 176 255 157 255 175 256 150 256 157 256 173 257 176 257 172 257 175 258 177 258 150 258 177 259 151 259 150 259 164 260 178 260 165 260 178 261 166 261 165 261 179 262 174 262 176 262 173 263 179 263 176 263 177 264 180 264 151 264 180 265 164 265 151 265 181 266 175 266 174 266 182 267 181 267 174 267 179 268 182 268 174 268 164 269 183 269 178 269 183 270 184 270 178 270 185 271 166 271 178 271 184 272 185 272 178 272 180 273 186 273 164 273 186 274 183 274 164 274 187 275 188 275 184 275 183 276 187 276 184 276 189 277 185 277 184 277 190 278 189 278 184 278 191 279 190 279 184 279 188 280 191 280 184 280 181 281 192 281 175 281 192 282 177 282 175 282 186 283 193 283 183 283 193 284 187 284 183 284 194 285 192 285 181 285 182 286 194 286 181 286 192 287 195 287 177 287 195 288 180 288 177 288 195 289 196 289 180 289 196 290 186 290 180 290 187 291 197 291 188 291 198 122 191 122 188 122 197 292 198 292 188 292 196 293 199 293 186 293 199 294 193 294 186 294 200 295 197 295 187 295 193 296 200 296 187 296 201 297 192 297 194 297 182 298 201 298 194 298 200 299 202 299 197 299 202 300 203 300 197 300 203 122 198 122 197 122 199 301 204 301 193 301 204 302 200 302 193 302 205 303 192 303 201 303 182 304 205 304 201 304 205 305 206 305 192 305 206 306 195 306 192 306 206 307 207 307 195 307 207 308 196 308 195 308 207 309 208 309 196 309 208 310 199 310 196 310 209 311 202 311 200 311 204 312 209 312 200 312 202 313 210 313 203 313 210 314 198 314 203 314 208 315 211 315 199 315 211 316 204 316 199 316 212 317 206 317 205 317 182 318 212 318 205 318 211 319 213 319 204 319 213 320 209 320 204 320 209 321 214 321 202 321 214 322 210 322 202 322 215 323 191 323 198 323 210 324 215 324 198 324 216 325 217 325 206 325 212 326 216 326 206 326 217 327 207 327 206 327 218 328 214 328 209 328 213 329 218 329 209 329 217 330 219 330 207 330 219 331 208 331 207 331 219 332 220 332 208 332 220 333 211 333 208 333 182 334 216 334 212 334 221 335 217 335 216 335 182 336 221 336 216 336 214 337 222 337 210 337 222 338 215 338 210 338 220 339 223 339 211 339 223 340 213 340 211 340 218 341 224 341 214 341 224 342 222 342 214 342 215 343 190 343 191 343 223 344 225 344 213 344 225 345 218 345 213 345 226 346 224 346 218 346 225 347 226 347 218 347 215 348 227 348 190 348 227 349 189 349 190 349 222 350 228 350 215 350 228 351 227 351 215 351 224 352 229 352 222 352 229 353 228 353 222 353 230 354 217 354 221 354 231 355 230 355 221 355 182 356 231 356 221 356 230 357 219 357 217 357 230 358 232 358 219 358 232 359 220 359 219 359 232 360 233 360 220 360 233 361 223 361 220 361 226 362 234 362 224 362 234 363 229 363 224 363 233 364 235 364 223 364 235 365 225 365 223 365 235 366 236 366 225 366 236 367 226 367 225 367 229 368 237 368 228 368 237 369 238 369 228 369 238 370 227 370 228 370 227 371 239 371 189 371 239 372 185 372 189 372 238 373 239 373 227 373 240 374 230 374 231 374 182 375 240 375 231 375 234 376 241 376 229 376 241 377 237 377 229 377 242 378 234 378 226 378 236 379 242 379 226 379 243 380 230 380 240 380 182 381 243 381 240 381 243 382 244 382 230 382 244 383 232 383 230 383 244 384 245 384 232 384 245 385 233 385 232 385 242 386 246 386 234 386 246 387 241 387 234 387 245 388 247 388 233 388 247 389 235 389 233 389 237 390 248 390 238 390 248 391 249 391 238 391 249 392 239 392 238 392 241 393 250 393 237 393 250 394 248 394 237 394 251 395 166 395 185 395 239 396 251 396 185 396 247 397 252 397 235 397 252 398 236 398 235 398 249 399 251 399 239 399 253 400 244 400 243 400 182 401 253 401 243 401 252 402 254 402 236 402 254 403 242 403 236 403 246 404 255 404 241 404 255 405 250 405 241 405 256 406 246 406 242 406 254 407 256 407 242 407 250 408 257 408 248 408 257 409 258 409 248 409 258 410 249 410 248 410 251 411 156 411 166 411 258 412 259 412 249 412 259 413 251 413 249 413 255 414 260 414 250 414 260 415 257 415 250 415 256 416 261 416 246 416 261 417 255 417 246 417 253 418 262 418 244 418 262 419 245 419 244 419 262 420 263 420 245 420 263 421 247 421 245 421 264 422 262 422 253 422 182 423 264 423 253 423 155 424 156 424 251 424 265 425 155 425 251 425 259 426 265 426 251 426 263 427 266 427 247 427 266 428 252 428 247 428 266 429 267 429 252 429 267 430 254 430 252 430 261 431 268 431 255 431 268 432 260 432 255 432 257 433 269 433 258 433 269 434 270 434 258 434 270 435 259 435 258 435 260 436 271 436 257 436 271 437 269 437 257 437 267 438 272 438 254 438 272 439 256 439 254 439 273 440 265 440 259 440 270 441 273 441 259 441 274 442 261 442 256 442 272 443 274 443 256 443 268 444 275 444 260 444 275 445 271 445 260 445 265 446 276 446 155 446 276 447 159 447 155 447 277 448 262 448 264 448 182 449 277 449 264 449 274 450 278 450 261 450 278 451 268 451 261 451 279 452 262 452 277 452 280 453 279 453 277 453 281 454 282 454 277 454 282 455 283 455 277 455 283 456 284 456 277 456 284 457 285 457 277 457 285 458 286 458 277 458 286 459 287 459 277 459 288 460 289 460 277 460 289 461 290 461 277 461 290 462 291 462 277 462 182 463 281 463 277 463 292 464 293 464 277 464 293 465 294 465 277 465 294 466 295 466 277 466 295 467 296 467 277 467 296 468 297 468 277 468 297 469 298 469 277 469 287 470 299 470 277 470 299 471 300 471 277 471 300 472 292 472 277 472 298 473 301 473 277 473 301 474 302 474 277 474 302 475 288 475 277 475 291 476 303 476 277 476 303 477 304 477 277 477 304 478 280 478 277 478 271 479 305 479 269 479 305 480 306 480 269 480 306 481 270 481 269 481 307 482 276 482 265 482 273 483 307 483 265 483 308 484 262 484 279 484 280 485 308 485 279 485 309 486 273 486 270 486 306 487 309 487 270 487 308 488 310 488 262 488 310 489 263 489 262 489 275 490 311 490 271 490 311 491 305 491 271 491 310 492 312 492 263 492 312 493 266 493 263 493 278 494 313 494 268 494 313 495 275 495 268 495 312 496 314 496 266 496 314 497 267 497 266 497 314 498 315 498 267 498 315 499 272 499 267 499 309 500 307 500 273 500 315 501 316 501 272 501 316 502 274 502 272 502 313 503 317 503 275 503 317 504 311 504 275 504 318 505 278 505 274 505 316 506 318 506 274 506 305 507 319 507 306 507 320 508 309 508 306 508 319 509 320 509 306 509 321 510 310 510 308 510 280 511 321 511 308 511 311 512 322 512 305 512 322 513 319 513 305 513 318 514 323 514 278 514 323 515 313 515 278 515 320 516 307 516 309 516 317 517 324 517 311 517 324 518 322 518 311 518 323 519 325 519 313 519 325 520 317 520 313 520 321 521 326 521 310 521 326 522 312 522 310 522 326 523 327 523 312 523 327 524 314 524 312 524 322 525 328 525 319 525 329 526 320 526 319 526 328 527 329 527 319 527 327 528 330 528 314 528 330 529 315 529 314 529 329 530 307 530 320 530 325 531 331 531 317 531 331 532 324 532 317 532 330 533 332 533 315 533 332 534 316 534 315 534 324 535 333 535 322 535 333 536 328 536 322 536 334 537 326 537 321 537 280 538 334 538 321 538 332 539 335 539 316 539 335 540 318 540 316 540 336 541 323 541 318 541 335 542 336 542 318 542 331 543 337 543 324 543 337 544 333 544 324 544 336 545 338 545 323 545 338 546 325 546 323 546 333 547 339 547 328 547 340 548 329 548 328 548 339 549 340 549 328 549 340 550 307 550 329 550 338 551 341 551 325 551 341 552 331 552 325 552 337 553 342 553 333 553 342 554 339 554 333 554 343 555 326 555 334 555 280 556 343 556 334 556 341 557 344 557 331 557 344 558 337 558 331 558 345 559 326 559 343 559 346 560 345 560 343 560 347 561 346 561 343 561 348 562 349 562 343 562 349 563 350 563 343 563 350 564 351 564 343 564 351 565 347 565 343 565 280 566 352 566 343 566 352 567 353 567 343 567 353 568 354 568 343 568 354 569 355 569 343 569 355 570 356 570 343 570 356 571 348 571 343 571 345 572 327 572 326 572 345 573 357 573 327 573 357 574 330 574 327 574 357 575 358 575 330 575 358 576 332 576 330 576 358 577 359 577 332 577 359 578 335 578 332 578 360 579 307 579 340 579 339 580 360 580 340 580 359 581 361 581 335 581 361 582 336 582 335 582 344 583 362 583 337 583 362 584 342 584 337 584 342 585 363 585 339 585 363 586 360 586 339 586 364 587 338 587 336 587 361 588 364 588 336 588 364 589 365 589 338 589 365 590 341 590 338 590 362 591 366 591 342 591 366 592 363 592 342 592 347 593 345 593 346 593 365 594 367 594 341 594 367 595 344 595 341 595 368 596 307 596 360 596 363 597 368 597 360 597 367 598 369 598 344 598 369 599 362 599 344 599 366 600 370 600 363 600 370 601 368 601 363 601 369 602 371 602 362 602 371 603 366 603 362 603 351 604 372 604 345 604 347 605 351 605 345 605 372 606 357 606 345 606 372 607 373 607 357 607 373 608 358 608 357 608 373 609 374 609 358 609 374 610 359 610 358 610 374 611 375 611 359 611 375 612 361 612 359 612 375 613 376 613 361 613 376 614 364 614 361 614 371 615 377 615 366 615 377 616 370 616 366 616 378 617 365 617 364 617 376 618 378 618 364 618 379 619 307 619 368 619 370 620 379 620 368 620 350 621 372 621 351 621 378 622 380 622 365 622 380 623 367 623 365 623 380 624 381 624 367 624 381 625 369 625 367 625 377 626 382 626 370 626 382 627 379 627 370 627 381 628 383 628 369 628 383 629 371 629 369 629 383 630 384 630 371 630 384 631 377 631 371 631 385 632 386 632 379 632 386 633 387 633 379 633 387 634 388 634 379 634 388 635 389 635 379 635 390 636 307 636 379 636 389 637 390 637 379 637 391 638 392 638 379 638 392 639 393 639 379 639 393 640 385 640 379 640 382 641 391 641 379 641 384 642 394 642 377 642 394 643 382 643 377 643 349 644 395 644 350 644 395 645 372 645 350 645 395 646 373 646 372 646 395 647 396 647 373 647 396 648 374 648 373 648 396 649 397 649 374 649 397 650 375 650 374 650 397 651 398 651 375 651 398 652 376 652 375 652 398 653 399 653 376 653 399 654 378 654 376 654 400 655 380 655 378 655 399 656 400 656 378 656 394 657 401 657 382 657 401 658 391 658 382 658 400 659 402 659 380 659 402 660 381 660 380 660 402 661 403 661 381 661 403 662 383 662 381 662 403 663 404 663 383 663 404 664 384 664 383 664 405 665 406 665 391 665 406 666 392 666 391 666 401 667 405 667 391 667 404 668 407 668 384 668 407 669 394 669 384 669 407 670 408 670 394 670 408 671 401 671 394 671 348 672 395 672 349 672 408 673 409 673 401 673 409 674 405 674 401 674 356 675 395 675 348 675 356 676 410 676 395 676 410 677 396 677 395 677 410 678 411 678 396 678 411 679 397 679 396 679 411 680 412 680 397 680 412 681 398 681 397 681 412 682 413 682 398 682 413 683 399 683 398 683 414 684 415 684 405 684 415 685 406 685 405 685 409 686 414 686 405 686 413 687 416 687 399 687 416 688 400 688 399 688 417 689 402 689 400 689 416 690 417 690 400 690 417 691 418 691 402 691 418 692 403 692 402 692 418 693 419 693 403 693 419 694 404 694 403 694 419 695 420 695 404 695 420 696 407 696 404 696 420 697 421 697 407 697 421 698 408 698 407 698 355 699 410 699 356 699 421 700 422 700 408 700 422 701 409 701 408 701 422 702 423 702 409 702 423 703 414 703 409 703 424 704 425 704 414 704 425 705 415 705 414 705 423 706 424 706 414 706 355 707 426 707 410 707 426 708 411 708 410 708 426 709 427 709 411 709 427 710 412 710 411 710 427 711 428 711 412 711 428 712 413 712 412 712 428 713 429 713 413 713 429 714 416 714 413 714 429 715 430 715 416 715 430 716 417 716 416 716 431 717 418 717 417 717 430 718 431 718 417 718 431 719 432 719 418 719 432 720 419 720 418 720 354 721 426 721 355 721 432 722 433 722 419 722 433 723 420 723 419 723 433 724 434 724 420 724 434 725 421 725 420 725 434 726 435 726 421 726 435 727 422 727 421 727 435 728 436 728 422 728 436 729 423 729 422 729 436 730 437 730 423 730 437 731 424 731 423 731 438 732 439 732 424 732 439 733 425 733 424 733 437 734 438 734 424 734 440 735 426 735 354 735 353 736 441 736 354 736 441 737 442 737 354 737 442 738 440 738 354 738 442 739 426 739 440 739 442 740 441 740 426 740 441 741 353 741 426 741 353 742 443 742 426 742 443 743 427 743 426 743 443 744 444 744 427 744 444 745 428 745 427 745 444 746 445 746 428 746 445 747 429 747 428 747 445 748 446 748 429 748 446 749 430 749 429 749 446 750 447 750 430 750 447 751 431 751 430 751 448 752 432 752 431 752 447 753 448 753 431 753 448 754 449 754 432 754 449 755 433 755 432 755 449 756 450 756 433 756 450 757 434 757 433 757 450 758 451 758 434 758 451 759 435 759 434 759 451 760 452 760 435 760 452 761 436 761 435 761 452 762 453 762 436 762 453 763 437 763 436 763 453 764 454 764 437 764 454 765 438 765 437 765 454 766 439 766 438 766 352 767 443 767 353 767 454 768 455 768 439 768 455 769 425 769 439 769 456 770 455 770 454 770 453 771 456 771 454 771 457 772 456 772 453 772 452 773 457 773 453 773 280 774 443 774 352 774 458 775 457 775 452 775 451 776 458 776 452 776 459 777 458 777 451 777 450 778 459 778 451 778 460 779 459 779 450 779 449 780 460 780 450 780 461 781 460 781 449 781 448 782 461 782 449 782 462 783 461 783 448 783 447 784 462 784 448 784 463 785 462 785 447 785 446 786 463 786 447 786 464 787 463 787 446 787 445 788 464 788 446 788 465 789 464 789 445 789 444 790 465 790 445 790 466 791 465 791 444 791 443 792 466 792 444 792 280 793 466 793 443 793 304 794 466 794 280 794 455 795 467 795 425 795 467 796 415 796 425 796 468 797 467 797 455 797 456 798 468 798 455 798 303 799 466 799 304 799 469 800 468 800 456 800 457 801 469 801 456 801 470 802 469 802 457 802 458 803 470 803 457 803 471 804 470 804 458 804 459 805 471 805 458 805 472 806 471 806 459 806 460 807 472 807 459 807 473 808 472 808 460 808 461 809 473 809 460 809 474 810 473 810 461 810 462 811 474 811 461 811 475 812 474 812 462 812 463 813 475 813 462 813 467 814 476 814 415 814 476 815 406 815 415 815 477 816 475 816 463 816 464 817 477 817 463 817 478 818 477 818 464 818 465 819 478 819 464 819 479 820 478 820 465 820 466 821 479 821 465 821 303 822 479 822 466 822 480 823 476 823 467 823 468 824 480 824 467 824 291 825 479 825 303 825 481 826 480 826 468 826 469 827 481 827 468 827 482 828 481 828 469 828 470 829 482 829 469 829 476 830 483 830 406 830 483 831 392 831 406 831 484 832 482 832 470 832 471 833 484 833 470 833 485 834 484 834 471 834 472 835 485 835 471 835 486 836 485 836 472 836 473 837 486 837 472 837 487 838 483 838 476 838 480 839 487 839 476 839 488 840 486 840 473 840 474 841 488 841 473 841 290 842 479 842 291 842 489 843 488 843 474 843 475 844 489 844 474 844 490 845 489 845 475 845 477 846 490 846 475 846 491 847 490 847 477 847 478 848 491 848 477 848 492 849 479 849 290 849 289 850 492 850 290 850 492 851 491 851 478 851 479 852 492 852 478 852 493 853 487 853 480 853 481 854 493 854 480 854 483 855 494 855 392 855 494 856 393 856 392 856 495 857 493 857 481 857 482 858 495 858 481 858 496 859 495 859 482 859 484 860 496 860 482 860 497 861 494 861 483 861 487 862 497 862 483 862 498 863 496 863 484 863 485 864 498 864 484 864 288 865 492 865 289 865 499 866 498 866 485 866 486 867 499 867 485 867 494 868 500 868 393 868 500 869 385 869 393 869 501 870 499 870 486 870 488 871 501 871 486 871 502 872 497 872 487 872 493 873 502 873 487 873 503 874 501 874 488 874 489 875 503 875 488 875 504 876 503 876 489 876 490 877 504 877 489 877 505 878 504 878 490 878 491 879 505 879 490 879 506 880 505 880 491 880 492 881 506 881 491 881 302 882 506 882 492 882 288 883 302 883 492 883 507 884 502 884 493 884 495 885 507 885 493 885 508 886 500 886 494 886 497 887 508 887 494 887 509 888 507 888 495 888 496 889 509 889 495 889 500 890 510 890 385 890 510 891 386 891 385 891 301 892 506 892 302 892 511 893 509 893 496 893 498 894 511 894 496 894 512 895 508 895 497 895 502 896 512 896 497 896 513 897 511 897 498 897 499 898 513 898 498 898 514 899 513 899 499 899 501 900 514 900 499 900 515 901 510 901 500 901 508 902 515 902 500 902 516 903 512 903 502 903 507 904 516 904 502 904 517 905 514 905 501 905 503 906 517 906 501 906 510 907 518 907 386 907 518 908 387 908 386 908 519 909 517 909 503 909 504 910 519 910 503 910 520 911 519 911 504 911 505 912 520 912 504 912 521 913 520 913 505 913 506 914 521 914 505 914 301 915 521 915 506 915 298 916 521 916 301 916 522 917 516 917 507 917 509 918 522 918 507 918 523 919 515 919 508 919 512 920 523 920 508 920 524 921 522 921 509 921 511 922 524 922 509 922 518 923 525 923 387 923 525 924 388 924 387 924 526 925 518 925 510 925 515 926 526 926 510 926 527 927 524 927 511 927 513 928 527 928 511 928 528 929 523 929 512 929 516 930 528 930 512 930 529 931 527 931 513 931 514 932 529 932 513 932 297 933 521 933 298 933 530 934 529 934 514 934 517 935 530 935 514 935 531 936 526 936 515 936 523 937 531 937 515 937 532 938 530 938 517 938 519 939 532 939 517 939 533 940 528 940 516 940 522 941 533 941 516 941 525 942 534 942 388 942 534 943 389 943 388 943 535 944 532 944 519 944 520 945 535 945 519 945 536 946 525 946 518 946 526 947 536 947 518 947 537 948 535 948 520 948 521 949 537 949 520 949 297 950 296 950 521 950 296 951 537 951 521 951 538 952 533 952 522 952 524 953 538 953 522 953 539 954 531 954 523 954 528 955 539 955 523 955 534 956 540 956 389 956 540 957 390 957 389 957 541 958 538 958 524 958 527 959 541 959 524 959 295 960 537 960 296 960 542 961 536 961 526 961 531 962 542 962 526 962 543 963 534 963 525 963 536 964 543 964 525 964 294 965 537 965 295 965 544 966 541 966 527 966 529 967 544 967 527 967 545 968 539 968 528 968 533 969 545 969 528 969 546 970 544 970 529 970 530 971 546 971 529 971 540 972 547 972 390 972 547 973 307 973 390 973 548 974 546 974 530 974 532 975 548 975 530 975 549 976 548 976 532 976 535 977 549 977 532 977 550 978 545 978 533 978 538 979 550 979 533 979 551 980 549 980 535 980 537 981 551 981 535 981 552 982 542 982 531 982 539 983 552 983 531 983 294 984 551 984 537 984 553 985 540 985 534 985 543 986 553 986 534 986 547 987 554 987 307 987 554 988 276 988 307 988 555 989 543 989 536 989 542 990 555 990 536 990 293 991 551 991 294 991 556 992 550 992 538 992 541 993 556 993 538 993 554 994 159 994 276 994 557 995 552 995 539 995 545 996 557 996 539 996 558 997 556 997 541 997 544 998 558 998 541 998 559 999 547 999 540 999 553 1000 559 1000 540 1000 560 1001 558 1001 544 1001 546 1002 560 1002 544 1002 561 1003 555 1003 542 1003 552 1004 561 1004 542 1004 562 1005 553 1005 543 1005 555 1006 562 1006 543 1006 563 1007 557 1007 545 1007 550 1008 563 1008 545 1008 564 1009 560 1009 546 1009 548 1010 564 1010 546 1010 565 1011 564 1011 548 1011 549 1012 565 1012 548 1012 292 1013 551 1013 293 1013 547 1014 566 1014 554 1014 566 1015 159 1015 554 1015 559 1016 566 1016 547 1016 567 1017 565 1017 549 1017 551 1018 567 1018 549 1018 292 1019 567 1019 551 1019 300 1020 567 1020 292 1020 568 1021 563 1021 550 1021 556 1022 568 1022 550 1022 569 1023 561 1023 552 1023 557 1024 569 1024 552 1024 570 1025 559 1025 553 1025 562 1026 570 1026 553 1026 571 1027 562 1027 555 1027 561 1028 571 1028 555 1028 572 1029 568 1029 556 1029 558 1030 572 1030 556 1030 559 1031 573 1031 566 1031 573 1032 159 1032 566 1032 574 1033 569 1033 557 1033 563 1034 574 1034 557 1034 575 1035 572 1035 558 1035 560 1036 575 1036 558 1036 299 1037 567 1037 300 1037 576 1038 573 1038 559 1038 570 1039 576 1039 559 1039 577 1040 575 1040 560 1040 564 1041 577 1041 560 1041 578 1042 571 1042 561 1042 569 1043 578 1043 561 1043 579 1044 570 1044 562 1044 571 1045 579 1045 562 1045 580 1046 577 1046 564 1046 565 1047 580 1047 564 1047 576 1048 159 1048 573 1048 581 1049 574 1049 563 1049 568 1050 581 1050 563 1050 582 1051 580 1051 565 1051 567 1052 582 1052 565 1052 299 1053 582 1053 567 1053 570 1054 583 1054 576 1054 584 1055 159 1055 576 1055 585 1056 584 1056 576 1056 583 1057 586 1057 576 1057 586 1058 587 1058 576 1058 587 1059 585 1059 576 1059 588 1060 581 1060 568 1060 572 1061 588 1061 568 1061 287 1062 582 1062 299 1062 589 1063 578 1063 569 1063 574 1064 589 1064 569 1064 579 1065 583 1065 570 1065 590 1066 579 1066 571 1066 578 1067 590 1067 571 1067 591 1068 588 1068 572 1068 575 1069 591 1069 572 1069 592 1070 591 1070 575 1070 577 1071 592 1071 575 1071 579 1072 593 1072 583 1072 593 1073 586 1073 583 1073 594 1074 589 1074 574 1074 581 1075 594 1075 574 1075 595 1076 592 1076 577 1076 580 1077 595 1077 577 1077 596 1078 595 1078 580 1078 582 1079 596 1079 580 1079 286 1080 582 1080 287 1080 286 1081 596 1081 582 1081 597 1082 590 1082 578 1082 589 1083 597 1083 578 1083 598 1084 593 1084 579 1084 590 1085 598 1085 579 1085 599 1086 594 1086 581 1086 588 1087 599 1087 581 1087 285 1088 596 1088 286 1088 598 1089 586 1089 593 1089 600 1090 599 1090 588 1090 591 1091 600 1091 588 1091 601 1092 597 1092 589 1092 594 1093 601 1093 589 1093 602 1094 600 1094 591 1094 592 1095 602 1095 591 1095 603 1096 598 1096 590 1096 597 1097 603 1097 590 1097 604 1098 605 1098 598 1098 603 1099 604 1099 598 1099 606 1100 586 1100 598 1100 605 1101 606 1101 598 1101 607 1102 602 1102 592 1102 595 1103 607 1103 592 1103 284 1104 596 1104 285 1104 608 1105 607 1105 595 1105 596 1106 608 1106 595 1106 609 1107 601 1107 594 1107 599 1108 609 1108 594 1108 284 1109 608 1109 596 1109 283 1110 608 1110 284 1110 604 1111 603 1111 597 1111 601 1112 604 1112 597 1112 610 1113 609 1113 599 1113 600 1114 610 1114 599 1114 282 1115 608 1115 283 1115 611 1116 610 1116 600 1116 602 1117 611 1117 600 1117 612 1118 604 1118 601 1118 613 1119 612 1119 601 1119 609 1120 613 1120 601 1120 614 1121 611 1121 602 1121 607 1122 614 1122 602 1122 612 1123 605 1123 604 1123 615 1124 614 1124 607 1124 608 1125 615 1125 607 1125 281 1126 615 1126 608 1126 282 1127 281 1127 608 1127 616 1128 613 1128 609 1128 610 1129 616 1129 609 1129 613 1130 606 1130 605 1130 612 1131 613 1131 605 1131 617 1132 616 1132 610 1132 611 1133 617 1133 610 1133 618 1134 617 1134 611 1134 614 1135 618 1135 611 1135 613 1136 586 1136 606 1136 619 1137 618 1137 614 1137 615 1138 619 1138 614 1138 182 1139 619 1139 281 1139 619 1140 615 1140 281 1140 616 1141 586 1141 613 1141 616 1142 587 1142 586 1142 617 1143 587 1143 616 1143 617 1144 585 1144 587 1144 179 1145 619 1145 182 1145 618 1146 585 1146 617 1146 173 1147 619 1147 179 1147 584 1148 585 1148 618 1148 619 1149 584 1149 618 1149 171 1150 619 1150 173 1150 170 1151 619 1151 171 1151 170 1152 169 1152 619 1152 169 1153 168 1153 619 1153 168 1154 163 1154 619 1154 163 1155 159 1155 619 1155 159 1156 584 1156 619 1156 620 1157 621 1157 622 1157 623 1158 620 1158 622 1158 624 1159 623 1159 622 1159 625 1160 624 1160 622 1160 626 1161 625 1161 622 1161 621 1162 626 1162 622 1162 627 1163 625 1163 626 1163 628 1164 627 1164 626 1164 621 1165 628 1165 626 1165 620 1166 629 1166 621 1166 629 1167 628 1167 621 1167 630 1168 627 1168 628 1168 631 1169 630 1169 628 1169 629 1170 631 1170 628 1170 632 1171 623 1171 624 1171 633 1172 632 1172 624 1172 634 1173 633 1173 624 1173 625 1174 634 1174 624 1174 635 1175 634 1175 625 1175 627 1176 635 1176 625 1176 636 1177 637 1177 629 1177 620 1178 636 1178 629 1178 637 1179 631 1179 629 1179 638 1180 630 1180 631 1180 639 1181 638 1181 631 1181 637 1182 639 1182 631 1182 640 1183 632 1183 633 1183 641 1184 640 1184 633 1184 642 1185 641 1185 633 1185 634 1186 642 1186 633 1186 643 1187 642 1187 634 1187 635 1188 643 1188 634 1188 623 1189 635 1189 620 1189 635 1190 627 1190 620 1190 627 1191 636 1191 620 1191 630 1192 636 1192 627 1192 644 1193 645 1193 637 1193 636 1194 644 1194 637 1194 645 1195 639 1195 637 1195 646 1196 638 1196 639 1196 647 1197 646 1197 639 1197 645 1198 647 1198 639 1198 632 1199 643 1199 623 1199 643 1200 635 1200 623 1200 630 1201 644 1201 636 1201 638 1202 644 1202 630 1202 648 1203 640 1203 641 1203 649 1204 648 1204 641 1204 650 1205 649 1205 641 1205 642 1206 650 1206 641 1206 651 1207 650 1207 642 1207 643 1208 651 1208 642 1208 640 1209 651 1209 632 1209 651 1210 643 1210 632 1210 652 1211 645 1211 644 1211 638 1212 652 1212 644 1212 646 1213 652 1213 638 1213 652 1214 653 1214 645 1214 653 1215 647 1215 645 1215 654 1216 646 1216 647 1216 655 1217 654 1217 647 1217 653 1218 655 1218 647 1218 648 1219 656 1219 640 1219 656 1220 651 1220 640 1220 656 1221 650 1221 651 1221 657 1222 648 1222 649 1222 658 1223 657 1223 649 1223 659 1224 658 1224 649 1224 650 1225 659 1225 649 1225 656 1226 659 1226 650 1226 660 1227 653 1227 652 1227 646 1228 660 1228 652 1228 654 1229 660 1229 646 1229 657 1230 661 1230 648 1230 661 1231 656 1231 648 1231 661 1232 659 1232 656 1232 660 1233 662 1233 653 1233 662 1234 655 1234 653 1234 663 1235 654 1235 655 1235 664 1236 663 1236 655 1236 662 1237 664 1237 655 1237 665 1238 662 1238 660 1238 654 1239 665 1239 660 1239 663 1240 665 1240 654 1240 666 1241 657 1241 658 1241 667 1242 666 1242 658 1242 668 1243 667 1243 658 1243 659 1244 668 1244 658 1244 661 1245 668 1245 659 1245 666 1246 669 1246 657 1246 669 1247 661 1247 657 1247 669 1248 668 1248 661 1248 665 1249 670 1249 662 1249 670 1250 664 1250 662 1250 671 1251 663 1251 664 1251 672 1252 671 1252 664 1252 670 1253 672 1253 664 1253 673 1254 670 1254 665 1254 663 1255 673 1255 665 1255 671 1256 673 1256 663 1256 674 1257 666 1257 667 1257 675 1258 674 1258 667 1258 676 1259 675 1259 667 1259 668 1260 676 1260 667 1260 669 1261 676 1261 668 1261 674 1262 677 1262 666 1262 677 1263 669 1263 666 1263 677 1264 676 1264 669 1264 673 1265 678 1265 670 1265 678 1266 672 1266 670 1266 679 1267 671 1267 672 1267 680 1268 679 1268 672 1268 678 1269 680 1269 672 1269 681 1270 678 1270 673 1270 671 1271 681 1271 673 1271 679 1272 681 1272 671 1272 682 1273 674 1273 675 1273 683 1274 682 1274 675 1274 684 1275 683 1275 675 1275 676 1276 684 1276 675 1276 677 1277 684 1277 676 1277 682 1278 685 1278 674 1278 685 1279 677 1279 674 1279 685 1280 684 1280 677 1280 681 1281 686 1281 678 1281 686 1282 680 1282 678 1282 687 1283 679 1283 680 1283 688 1284 687 1284 680 1284 686 1285 688 1285 680 1285 689 1286 686 1286 681 1286 679 1287 689 1287 681 1287 687 1288 689 1288 679 1288 690 1289 682 1289 683 1289 691 1290 690 1290 683 1290 692 1291 691 1291 683 1291 684 1292 692 1292 683 1292 685 1293 692 1293 684 1293 690 1294 693 1294 682 1294 693 1295 685 1295 682 1295 693 1296 692 1296 685 1296 689 1297 694 1297 686 1297 694 1298 688 1298 686 1298 695 1299 687 1299 688 1299 696 1300 695 1300 688 1300 694 1301 696 1301 688 1301 697 1302 694 1302 689 1302 687 1303 697 1303 689 1303 695 1304 697 1304 687 1304 698 1305 690 1305 691 1305 699 1306 698 1306 691 1306 700 1307 699 1307 691 1307 692 1308 700 1308 691 1308 693 1309 700 1309 692 1309 698 1310 701 1310 690 1310 701 1311 693 1311 690 1311 701 1312 700 1312 693 1312 702 1313 695 1313 696 1313 703 1314 702 1314 696 1314 704 1315 705 1315 697 1315 705 1316 694 1316 697 1316 695 1317 704 1317 697 1317 702 1318 704 1318 695 1318 705 1319 696 1319 694 1319 705 1320 703 1320 696 1320 699 1321 706 1321 698 1321 706 1322 707 1322 698 1322 707 1323 701 1323 698 1323 707 1324 708 1324 701 1324 708 1325 700 1325 701 1325 709 1326 706 1326 699 1326 708 1327 709 1327 699 1327 700 1328 708 1328 699 1328 710 1329 711 1329 704 1329 711 1330 705 1330 704 1330 702 1331 710 1331 704 1331 703 1332 712 1332 702 1332 712 1333 710 1333 702 1333 711 1334 703 1334 705 1334 713 1335 712 1335 703 1335 711 1336 713 1336 703 1336 709 1337 714 1337 706 1337 714 1338 715 1338 706 1338 715 1339 707 1339 706 1339 715 1340 716 1340 707 1340 716 1341 708 1341 707 1341 717 1342 714 1342 709 1342 716 1343 717 1343 709 1343 708 1344 716 1344 709 1344 718 1345 719 1345 710 1345 719 1346 711 1346 710 1346 712 1347 718 1347 710 1347 713 1348 720 1348 712 1348 720 1349 718 1349 712 1349 719 1350 713 1350 711 1350 721 1351 720 1351 713 1351 719 1352 721 1352 713 1352 717 1353 722 1353 714 1353 722 1354 723 1354 714 1354 723 1355 715 1355 714 1355 723 1356 724 1356 715 1356 724 1357 716 1357 715 1357 725 1358 722 1358 717 1358 724 1359 725 1359 717 1359 716 1360 724 1360 717 1360 726 1361 727 1361 718 1361 727 1362 719 1362 718 1362 720 1363 726 1363 718 1363 721 1364 728 1364 720 1364 728 1365 726 1365 720 1365 727 1366 721 1366 719 1366 729 1367 728 1367 721 1367 727 1368 729 1368 721 1368 725 1369 730 1369 722 1369 730 1370 731 1370 722 1370 731 1371 723 1371 722 1371 731 1372 732 1372 723 1372 732 1373 724 1373 723 1373 733 1374 730 1374 725 1374 732 1375 733 1375 725 1375 724 1376 732 1376 725 1376 734 1377 735 1377 726 1377 735 1378 727 1378 726 1378 728 1379 734 1379 726 1379 729 1380 736 1380 728 1380 736 1381 734 1381 728 1381 735 1382 729 1382 727 1382 737 1383 736 1383 729 1383 735 1384 737 1384 729 1384 733 1385 738 1385 730 1385 738 1386 739 1386 730 1386 739 1387 731 1387 730 1387 739 1388 740 1388 731 1388 740 1389 732 1389 731 1389 741 1390 738 1390 733 1390 740 1391 741 1391 733 1391 732 1392 740 1392 733 1392 742 1393 743 1393 734 1393 743 1394 735 1394 734 1394 736 1395 742 1395 734 1395 737 1396 744 1396 736 1396 744 1397 742 1397 736 1397 743 1398 737 1398 735 1398 745 1399 744 1399 737 1399 743 1400 745 1400 737 1400 741 1401 746 1401 738 1401 746 1402 747 1402 738 1402 747 1403 739 1403 738 1403 747 1404 748 1404 739 1404 748 1405 740 1405 739 1405 749 1406 750 1406 742 1406 750 1407 743 1407 742 1407 744 1408 749 1408 742 1408 745 1409 751 1409 744 1409 751 1410 749 1410 744 1410 752 1411 746 1411 741 1411 748 1412 752 1412 741 1412 740 1413 748 1413 741 1413 752 1414 753 1414 746 1414 753 1415 754 1415 746 1415 754 1416 747 1416 746 1416 754 1417 755 1417 747 1417 755 1418 748 1418 747 1418 750 1419 745 1419 743 1419 756 1420 751 1420 745 1420 750 1421 756 1421 745 1421 757 1422 758 1422 749 1422 758 1423 750 1423 749 1423 751 1424 757 1424 749 1424 756 1425 759 1425 751 1425 759 1426 757 1426 751 1426 752 1427 760 1427 753 1427 760 1428 761 1428 753 1428 761 1429 762 1429 753 1429 762 1430 754 1430 753 1430 762 1431 763 1431 754 1431 763 1432 755 1432 754 1432 755 1433 760 1433 752 1433 748 1434 755 1434 752 1434 764 1435 765 1435 757 1435 765 1436 758 1436 757 1436 759 1437 764 1437 757 1437 756 1438 766 1438 759 1438 766 1439 767 1439 759 1439 767 1440 764 1440 759 1440 760 1441 768 1441 761 1441 768 1442 764 1442 761 1442 764 1443 767 1443 761 1443 767 1444 762 1444 761 1444 767 1445 769 1445 762 1445 769 1446 763 1446 762 1446 758 1447 756 1447 750 1447 758 1448 766 1448 756 1448 768 1449 770 1449 764 1449 770 1450 765 1450 764 1450 766 1451 771 1451 767 1451 771 1452 769 1452 767 1452 763 1453 768 1453 760 1453 755 1454 763 1454 760 1454 765 1455 766 1455 758 1455 765 1456 771 1456 766 1456 769 1457 770 1457 768 1457 763 1458 769 1458 768 1458 770 1459 771 1459 765 1459 770 1460 769 1460 771 1460 772 1461 773 1461 774 1461 775 1462 772 1462 774 1462 776 1463 775 1463 774 1463 777 1464 776 1464 774 1464 778 1465 777 1465 774 1465 773 1466 778 1466 774 1466 779 1467 777 1467 778 1467 780 1468 779 1468 778 1468 781 1469 780 1469 778 1469 773 1470 781 1470 778 1470 782 1471 783 1471 773 1471 772 1472 782 1472 773 1472 783 1473 781 1473 773 1473 784 1474 780 1474 781 1474 785 1475 784 1475 781 1475 783 1476 785 1476 781 1476 786 1477 775 1477 776 1477 787 1478 786 1478 776 1478 788 1479 787 1479 776 1479 777 1480 788 1480 776 1480 789 1481 788 1481 777 1481 779 1482 789 1482 777 1482 790 1483 791 1483 783 1483 782 1484 790 1484 783 1484 791 1485 785 1485 783 1485 792 1486 784 1486 785 1486 793 1487 792 1487 785 1487 791 1488 793 1488 785 1488 794 1489 786 1489 787 1489 795 1490 794 1490 787 1490 796 1491 795 1491 787 1491 788 1492 796 1492 787 1492 797 1493 796 1493 788 1493 789 1494 797 1494 788 1494 798 1495 799 1495 791 1495 790 1496 798 1496 791 1496 799 1497 793 1497 791 1497 800 1498 792 1498 793 1498 801 1499 800 1499 793 1499 799 1500 801 1500 793 1500 802 1501 794 1501 795 1501 803 1502 802 1502 795 1502 804 1503 803 1503 795 1503 796 1504 804 1504 795 1504 805 1505 804 1505 796 1505 797 1506 805 1506 796 1506 806 1507 807 1507 799 1507 798 1508 806 1508 799 1508 807 1509 801 1509 799 1509 808 1510 800 1510 801 1510 807 1511 808 1511 801 1511 775 1512 789 1512 772 1512 789 1513 779 1513 772 1513 779 1514 782 1514 772 1514 780 1515 782 1515 779 1515 780 1516 790 1516 782 1516 784 1517 790 1517 780 1517 786 1518 797 1518 775 1518 797 1519 789 1519 775 1519 784 1520 798 1520 790 1520 792 1521 798 1521 784 1521 809 1522 802 1522 803 1522 810 1523 809 1523 803 1523 804 1524 810 1524 803 1524 811 1525 810 1525 804 1525 805 1526 811 1526 804 1526 794 1527 805 1527 786 1527 805 1528 797 1528 786 1528 806 1529 812 1529 807 1529 812 1530 813 1530 807 1530 813 1531 808 1531 807 1531 814 1532 800 1532 808 1532 815 1533 814 1533 808 1533 813 1534 815 1534 808 1534 792 1535 806 1535 798 1535 800 1536 806 1536 792 1536 802 1537 811 1537 794 1537 811 1538 805 1538 794 1538 816 1539 802 1539 809 1539 817 1540 816 1540 809 1540 818 1541 817 1541 809 1541 810 1542 818 1542 809 1542 811 1543 819 1543 810 1543 819 1544 818 1544 810 1544 800 1545 812 1545 806 1545 814 1546 812 1546 800 1546 812 1547 820 1547 813 1547 820 1548 815 1548 813 1548 821 1549 814 1549 815 1549 822 1550 821 1550 815 1550 820 1551 822 1551 815 1551 816 1552 819 1552 802 1552 819 1553 811 1553 802 1553 823 1554 820 1554 812 1554 814 1555 823 1555 812 1555 821 1556 823 1556 814 1556 824 1557 816 1557 817 1557 825 1558 824 1558 817 1558 826 1559 825 1559 817 1559 818 1560 826 1560 817 1560 819 1561 826 1561 818 1561 824 1562 827 1562 816 1562 827 1563 819 1563 816 1563 827 1564 826 1564 819 1564 823 1565 828 1565 820 1565 828 1566 822 1566 820 1566 829 1567 821 1567 822 1567 830 1568 829 1568 822 1568 828 1569 830 1569 822 1569 831 1570 828 1570 823 1570 821 1571 831 1571 823 1571 829 1572 831 1572 821 1572 832 1573 824 1573 825 1573 833 1574 832 1574 825 1574 834 1575 833 1575 825 1575 826 1576 834 1576 825 1576 827 1577 834 1577 826 1577 832 1578 835 1578 824 1578 835 1579 827 1579 824 1579 835 1580 834 1580 827 1580 831 1581 836 1581 828 1581 836 1582 830 1582 828 1582 837 1583 829 1583 830 1583 838 1584 837 1584 830 1584 836 1585 838 1585 830 1585 839 1586 836 1586 831 1586 829 1587 839 1587 831 1587 837 1588 839 1588 829 1588 840 1589 832 1589 833 1589 841 1590 840 1590 833 1590 842 1591 841 1591 833 1591 834 1592 842 1592 833 1592 835 1593 842 1593 834 1593 840 1594 843 1594 832 1594 843 1595 835 1595 832 1595 843 1596 842 1596 835 1596 839 1597 844 1597 836 1597 844 1598 838 1598 836 1598 845 1599 837 1599 838 1599 846 1600 845 1600 838 1600 844 1601 846 1601 838 1601 847 1602 844 1602 839 1602 837 1603 847 1603 839 1603 845 1604 847 1604 837 1604 848 1605 840 1605 841 1605 849 1606 848 1606 841 1606 850 1607 849 1607 841 1607 842 1608 850 1608 841 1608 843 1609 850 1609 842 1609 848 1610 851 1610 840 1610 851 1611 843 1611 840 1611 851 1612 850 1612 843 1612 852 1613 845 1613 846 1613 853 1614 852 1614 846 1614 854 1615 855 1615 847 1615 855 1616 844 1616 847 1616 845 1617 854 1617 847 1617 852 1618 854 1618 845 1618 855 1619 846 1619 844 1619 855 1620 853 1620 846 1620 849 1621 856 1621 848 1621 856 1622 857 1622 848 1622 857 1623 851 1623 848 1623 857 1624 858 1624 851 1624 858 1625 850 1625 851 1625 859 1626 856 1626 849 1626 858 1627 859 1627 849 1627 850 1628 858 1628 849 1628 860 1629 861 1629 854 1629 861 1630 855 1630 854 1630 852 1631 860 1631 854 1631 853 1632 862 1632 852 1632 862 1633 860 1633 852 1633 861 1634 853 1634 855 1634 863 1635 862 1635 853 1635 861 1636 863 1636 853 1636 859 1637 864 1637 856 1637 864 1638 865 1638 856 1638 865 1639 857 1639 856 1639 865 1640 866 1640 857 1640 866 1641 858 1641 857 1641 867 1642 864 1642 859 1642 866 1643 867 1643 859 1643 858 1644 866 1644 859 1644 868 1645 869 1645 860 1645 869 1646 861 1646 860 1646 862 1647 868 1647 860 1647 863 1648 870 1648 862 1648 870 1649 868 1649 862 1649 869 1650 863 1650 861 1650 871 1651 870 1651 863 1651 869 1652 871 1652 863 1652 867 1653 872 1653 864 1653 872 1654 873 1654 864 1654 873 1655 865 1655 864 1655 873 1656 874 1656 865 1656 874 1657 866 1657 865 1657 875 1658 872 1658 867 1658 874 1659 875 1659 867 1659 866 1660 874 1660 867 1660 876 1661 877 1661 868 1661 877 1662 869 1662 868 1662 870 1663 876 1663 868 1663 871 1664 878 1664 870 1664 878 1665 876 1665 870 1665 877 1666 871 1666 869 1666 879 1667 878 1667 871 1667 877 1668 879 1668 871 1668 875 1669 880 1669 872 1669 880 1670 881 1670 872 1670 881 1671 882 1671 872 1671 882 1672 873 1672 872 1672 882 1673 883 1673 873 1673 883 1674 874 1674 873 1674 883 1675 880 1675 875 1675 874 1676 883 1676 875 1676 884 1677 885 1677 876 1677 885 1678 877 1678 876 1678 878 1679 884 1679 876 1679 879 1680 886 1680 878 1680 886 1681 887 1681 878 1681 887 1682 884 1682 878 1682 880 1683 888 1683 881 1683 888 1684 889 1684 881 1684 889 1685 890 1685 881 1685 890 1686 882 1686 881 1686 890 1687 891 1687 882 1687 891 1688 892 1688 882 1688 892 1689 883 1689 882 1689 885 1690 879 1690 877 1690 885 1691 886 1691 879 1691 893 1692 894 1692 884 1692 894 1693 895 1693 884 1693 895 1694 885 1694 884 1694 887 1695 893 1695 884 1695 886 1696 896 1696 887 1696 896 1697 897 1697 887 1697 897 1698 893 1698 887 1698 892 1699 888 1699 880 1699 883 1700 892 1700 880 1700 888 1701 898 1701 889 1701 898 1702 899 1702 889 1702 899 1703 900 1703 889 1703 900 1704 890 1704 889 1704 900 1705 901 1705 890 1705 901 1706 891 1706 890 1706 902 1707 903 1707 893 1707 903 1708 894 1708 893 1708 897 1709 902 1709 893 1709 896 1710 904 1710 897 1710 904 1711 905 1711 897 1711 905 1712 902 1712 897 1712 895 1713 886 1713 885 1713 895 1714 896 1714 886 1714 898 1715 906 1715 899 1715 906 1716 907 1716 899 1716 907 1717 908 1717 899 1717 908 1718 900 1718 899 1718 908 1719 909 1719 900 1719 909 1720 901 1720 900 1720 891 1721 898 1721 888 1721 892 1722 891 1722 888 1722 910 1723 911 1723 902 1723 911 1724 903 1724 902 1724 905 1725 910 1725 902 1725 904 1726 912 1726 905 1726 912 1727 913 1727 905 1727 913 1728 910 1728 905 1728 906 1729 914 1729 907 1729 914 1730 915 1730 907 1730 915 1731 916 1731 907 1731 916 1732 908 1732 907 1732 916 1733 917 1733 908 1733 917 1734 909 1734 908 1734 915 1735 918 1735 910 1735 918 1736 911 1736 910 1736 913 1737 915 1737 910 1737 912 1738 919 1738 913 1738 919 1739 916 1739 913 1739 916 1740 915 1740 913 1740 914 1741 918 1741 915 1741 919 1742 917 1742 916 1742 894 1743 896 1743 895 1743 894 1744 904 1744 896 1744 901 1745 906 1745 898 1745 891 1746 901 1746 898 1746 903 1747 904 1747 894 1747 903 1748 912 1748 904 1748 909 1749 914 1749 906 1749 901 1750 909 1750 906 1750 911 1751 912 1751 903 1751 911 1752 919 1752 912 1752 917 1753 918 1753 914 1753 909 1754 917 1754 914 1754 918 1755 919 1755 911 1755 918 1756 917 1756 919 1756 920 1757 921 1757 922 1757 923 1758 920 1758 922 1758 924 1759 923 1759 922 1759 925 1760 924 1760 922 1760 926 1761 925 1761 922 1761 921 1762 926 1762 922 1762 927 1763 925 1763 926 1763 928 1764 927 1764 926 1764 929 1765 928 1765 926 1765 921 1766 929 1766 926 1766 930 1767 931 1767 921 1767 920 1768 930 1768 921 1768 931 1769 929 1769 921 1769 932 1770 928 1770 929 1770 933 1771 932 1771 929 1771 931 1772 933 1772 929 1772 934 1773 923 1773 924 1773 935 1774 934 1774 924 1774 936 1775 935 1775 924 1775 925 1776 936 1776 924 1776 937 1777 936 1777 925 1777 927 1778 937 1778 925 1778 938 1779 939 1779 931 1779 930 1780 938 1780 931 1780 939 1781 933 1781 931 1781 940 1782 932 1782 933 1782 941 1783 940 1783 933 1783 939 1784 941 1784 933 1784 923 1785 937 1785 920 1785 937 1786 927 1786 920 1786 927 1787 930 1787 920 1787 927 1788 928 1788 930 1788 928 1789 938 1789 930 1789 932 1790 938 1790 928 1790 942 1791 934 1791 935 1791 943 1792 942 1792 935 1792 944 1793 943 1793 935 1793 936 1794 944 1794 935 1794 945 1795 944 1795 936 1795 937 1796 945 1796 936 1796 934 1797 945 1797 923 1797 945 1798 937 1798 923 1798 946 1799 939 1799 938 1799 932 1800 946 1800 938 1800 940 1801 946 1801 932 1801 946 1802 947 1802 939 1802 947 1803 941 1803 939 1803 948 1804 940 1804 941 1804 949 1805 948 1805 941 1805 947 1806 949 1806 941 1806 942 1807 950 1807 934 1807 950 1808 945 1808 934 1808 951 1809 947 1809 946 1809 940 1810 951 1810 946 1810 950 1811 944 1811 945 1811 948 1812 951 1812 940 1812 952 1813 942 1813 943 1813 953 1814 952 1814 943 1814 954 1815 953 1815 943 1815 944 1816 954 1816 943 1816 950 1817 954 1817 944 1817 951 1818 955 1818 947 1818 955 1819 949 1819 947 1819 956 1820 948 1820 949 1820 957 1821 956 1821 949 1821 955 1822 957 1822 949 1822 952 1823 958 1823 942 1823 958 1824 950 1824 942 1824 959 1825 955 1825 951 1825 948 1826 959 1826 951 1826 958 1827 954 1827 950 1827 956 1828 959 1828 948 1828 960 1829 952 1829 953 1829 961 1830 960 1830 953 1830 962 1831 961 1831 953 1831 954 1832 962 1832 953 1832 958 1833 962 1833 954 1833 959 1834 963 1834 955 1834 963 1835 957 1835 955 1835 964 1836 956 1836 957 1836 965 1837 964 1837 957 1837 963 1838 965 1838 957 1838 960 1839 966 1839 952 1839 966 1840 958 1840 952 1840 967 1841 963 1841 959 1841 956 1842 967 1842 959 1842 966 1843 962 1843 958 1843 964 1844 967 1844 956 1844 968 1845 960 1845 961 1845 969 1846 968 1846 961 1846 970 1847 969 1847 961 1847 962 1848 970 1848 961 1848 966 1849 970 1849 962 1849 967 1850 971 1850 963 1850 971 1851 965 1851 963 1851 972 1852 964 1852 965 1852 973 1853 972 1853 965 1853 971 1854 973 1854 965 1854 968 1855 974 1855 960 1855 974 1856 966 1856 960 1856 975 1857 971 1857 967 1857 964 1858 975 1858 967 1858 974 1859 970 1859 966 1859 972 1860 975 1860 964 1860 976 1861 968 1861 969 1861 977 1862 976 1862 969 1862 978 1863 977 1863 969 1863 970 1864 978 1864 969 1864 974 1865 978 1865 970 1865 975 1866 979 1866 971 1866 979 1867 973 1867 971 1867 980 1868 972 1868 973 1868 981 1869 980 1869 973 1869 979 1870 981 1870 973 1870 976 1871 982 1871 968 1871 982 1872 974 1872 968 1872 983 1873 979 1873 975 1873 972 1874 983 1874 975 1874 982 1875 978 1875 974 1875 980 1876 983 1876 972 1876 984 1877 976 1877 977 1877 985 1878 984 1878 977 1878 986 1879 985 1879 977 1879 978 1880 986 1880 977 1880 982 1881 986 1881 978 1881 983 1882 987 1882 979 1882 987 1883 981 1883 979 1883 988 1884 980 1884 981 1884 989 1885 988 1885 981 1885 987 1886 989 1886 981 1886 984 1887 990 1887 976 1887 990 1888 982 1888 976 1888 991 1889 987 1889 983 1889 980 1890 991 1890 983 1890 990 1891 986 1891 982 1891 988 1892 991 1892 980 1892 992 1893 993 1893 985 1893 993 1894 984 1894 985 1894 994 1895 992 1895 985 1895 986 1896 994 1896 985 1896 990 1897 994 1897 986 1897 991 1898 995 1898 987 1898 995 1899 989 1899 987 1899 996 1900 988 1900 989 1900 997 1901 996 1901 989 1901 995 1902 997 1902 989 1902 993 1903 998 1903 984 1903 998 1904 990 1904 984 1904 999 1905 995 1905 991 1905 988 1906 999 1906 991 1906 998 1907 994 1907 990 1907 996 1908 999 1908 988 1908 1000 1909 993 1909 992 1909 1001 1910 1000 1910 992 1910 994 1911 1001 1911 992 1911 998 1912 1001 1912 994 1912 1002 1913 996 1913 997 1913 1003 1914 1002 1914 997 1914 1004 1915 1005 1915 999 1915 1005 1916 995 1916 999 1916 996 1917 1004 1917 999 1917 1002 1918 1004 1918 996 1918 1005 1919 997 1919 995 1919 1005 1920 1003 1920 997 1920 1000 1921 1006 1921 993 1921 1006 1922 1007 1922 993 1922 1007 1923 998 1923 993 1923 1008 1924 1001 1924 998 1924 1007 1925 1008 1925 998 1925 1009 1926 1006 1926 1000 1926 1008 1927 1009 1927 1000 1927 1001 1928 1008 1928 1000 1928 1009 1929 1010 1929 1006 1929 1010 1930 1011 1930 1006 1930 1011 1931 1007 1931 1006 1931 1012 1932 1013 1932 1004 1932 1013 1933 1005 1933 1004 1933 1002 1934 1012 1934 1004 1934 1011 1935 1014 1935 1007 1935 1014 1936 1008 1936 1007 1936 1003 1937 1015 1937 1002 1937 1015 1938 1012 1938 1002 1938 1013 1939 1003 1939 1005 1939 1016 1940 1015 1940 1003 1940 1013 1941 1016 1941 1003 1941 1017 1942 1010 1942 1009 1942 1014 1943 1017 1943 1009 1943 1008 1944 1014 1944 1009 1944 1017 1945 1018 1945 1010 1945 1018 1946 1019 1946 1010 1946 1019 1947 1011 1947 1010 1947 1020 1948 1021 1948 1012 1948 1021 1949 1013 1949 1012 1949 1015 1950 1020 1950 1012 1950 1019 1951 1022 1951 1011 1951 1022 1952 1014 1952 1011 1952 1016 1953 1023 1953 1015 1953 1023 1954 1020 1954 1015 1954 1021 1955 1016 1955 1013 1955 1024 1956 1023 1956 1016 1956 1021 1957 1024 1957 1016 1957 1025 1958 1018 1958 1017 1958 1022 1959 1025 1959 1017 1959 1014 1960 1022 1960 1017 1960 1025 1961 1026 1961 1018 1961 1026 1962 1027 1962 1018 1962 1027 1963 1019 1963 1018 1963 1028 1964 1029 1964 1020 1964 1029 1965 1021 1965 1020 1965 1023 1966 1028 1966 1020 1966 1027 1967 1030 1967 1019 1967 1030 1968 1022 1968 1019 1968 1024 1969 1031 1969 1023 1969 1031 1970 1028 1970 1023 1970 1029 1971 1024 1971 1021 1971 1032 1972 1031 1972 1024 1972 1029 1973 1032 1973 1024 1973 1033 1974 1026 1974 1025 1974 1030 1975 1033 1975 1025 1975 1022 1976 1030 1976 1025 1976 1033 1977 1034 1977 1026 1977 1034 1978 1035 1978 1026 1978 1035 1979 1027 1979 1026 1979 1036 1980 1037 1980 1028 1980 1037 1981 1029 1981 1028 1981 1031 1982 1036 1982 1028 1982 1035 1983 1038 1983 1027 1983 1038 1984 1030 1984 1027 1984 1032 1985 1039 1985 1031 1985 1039 1986 1036 1986 1031 1986 1037 1987 1032 1987 1029 1987 1040 1988 1039 1988 1032 1988 1037 1989 1040 1989 1032 1989 1041 1990 1034 1990 1033 1990 1038 1991 1041 1991 1033 1991 1030 1992 1038 1992 1033 1992 1041 1993 1042 1993 1034 1993 1042 1994 1043 1994 1034 1994 1043 1995 1035 1995 1034 1995 1044 1996 1045 1996 1036 1996 1045 1997 1037 1997 1036 1997 1039 1998 1044 1998 1036 1998 1043 1999 1046 1999 1035 1999 1046 2000 1038 2000 1035 2000 1040 2001 1047 2001 1039 2001 1047 2002 1044 2002 1039 2002 1045 2003 1040 2003 1037 2003 1048 2004 1047 2004 1040 2004 1045 2005 1048 2005 1040 2005 1049 2006 1042 2006 1041 2006 1046 2007 1049 2007 1041 2007 1038 2008 1046 2008 1041 2008 1049 2009 1050 2009 1042 2009 1050 2010 1051 2010 1042 2010 1051 2011 1043 2011 1042 2011 1052 2012 1053 2012 1044 2012 1053 2013 1045 2013 1044 2013 1047 2014 1052 2014 1044 2014 1051 2015 1054 2015 1043 2015 1054 2016 1046 2016 1043 2016 1048 2017 1055 2017 1047 2017 1055 2018 1052 2018 1047 2018 1053 2019 1048 2019 1045 2019 1056 2020 1055 2020 1048 2020 1053 2021 1056 2021 1048 2021 1057 2022 1050 2022 1049 2022 1054 2023 1057 2023 1049 2023 1046 2024 1054 2024 1049 2024 1057 2025 1058 2025 1050 2025 1058 2026 1059 2026 1050 2026 1059 2027 1051 2027 1050 2027 1060 2028 1061 2028 1052 2028 1061 2029 1053 2029 1052 2029 1055 2030 1060 2030 1052 2030 1059 2031 1062 2031 1051 2031 1062 2032 1054 2032 1051 2032 1056 2033 1063 2033 1055 2033 1063 2034 1060 2034 1055 2034 1061 2035 1056 2035 1053 2035 1064 2036 1063 2036 1056 2036 1061 2037 1064 2037 1056 2037 1057 2038 1065 2038 1058 2038 1065 2039 1066 2039 1058 2039 1066 2040 1067 2040 1058 2040 1067 2041 1059 2041 1058 2041 1068 2042 1069 2042 1060 2042 1069 2043 1061 2043 1060 2043 1063 2044 1068 2044 1060 2044 1067 2045 1070 2045 1059 2045 1070 2046 1062 2046 1059 2046 1064 2047 1071 2047 1063 2047 1071 2048 1068 2048 1063 2048 1062 2049 1065 2049 1057 2049 1054 2050 1062 2050 1057 2050 1065 2051 1072 2051 1066 2051 1072 2052 1068 2052 1066 2052 1068 2053 1071 2053 1066 2053 1071 2054 1067 2054 1066 2054 1072 2055 1069 2055 1068 2055 1071 2056 1073 2056 1067 2056 1073 2057 1070 2057 1067 2057 1064 2058 1073 2058 1071 2058 1069 2059 1064 2059 1061 2059 1069 2060 1073 2060 1064 2060 1070 2061 1072 2061 1065 2061 1062 2062 1070 2062 1065 2062 1072 2063 1073 2063 1069 2063 1072 2064 1070 2064 1073 2064 1074 2065 1075 2065 1076 2065 1077 2066 1074 2066 1076 2066 1075 2067 1078 2067 1076 2067 1079 2068 1077 2068 1076 2068 1080 2069 1079 2069 1076 2069 1078 2070 1080 2070 1076 2070 1081 2071 1079 2071 1080 2071 1082 2072 1081 2072 1080 2072 1078 2073 1082 2073 1080 2073 1075 2074 1083 2074 1078 2074 1083 2075 1082 2075 1078 2075 1084 2076 1081 2076 1082 2076 1085 2077 1084 2077 1082 2077 1083 2078 1085 2078 1082 2078 1086 2079 1074 2079 1077 2079 1087 2080 1086 2080 1077 2080 1088 2081 1087 2081 1077 2081 1079 2082 1088 2082 1077 2082 1089 2083 1088 2083 1079 2083 1081 2084 1089 2084 1079 2084 1090 2085 1091 2085 1083 2085 1075 2086 1090 2086 1083 2086 1091 2087 1085 2087 1083 2087 1092 2088 1084 2088 1085 2088 1093 2089 1092 2089 1085 2089 1091 2090 1093 2090 1085 2090 1094 2091 1086 2091 1087 2091 1095 2092 1094 2092 1087 2092 1096 2093 1095 2093 1087 2093 1088 2094 1096 2094 1087 2094 1097 2095 1096 2095 1088 2095 1089 2096 1097 2096 1088 2096 1074 2097 1089 2097 1075 2097 1089 2098 1081 2098 1075 2098 1081 2099 1090 2099 1075 2099 1084 2100 1090 2100 1081 2100 1098 2101 1099 2101 1091 2101 1090 2102 1098 2102 1091 2102 1099 2103 1093 2103 1091 2103 1100 2104 1092 2104 1093 2104 1101 2105 1100 2105 1093 2105 1099 2106 1101 2106 1093 2106 1086 2107 1097 2107 1074 2107 1097 2108 1089 2108 1074 2108 1084 2109 1098 2109 1090 2109 1092 2110 1098 2110 1084 2110 1102 2111 1094 2111 1095 2111 1103 2112 1102 2112 1095 2112 1104 2113 1103 2113 1095 2113 1096 2114 1104 2114 1095 2114 1105 2115 1104 2115 1096 2115 1097 2116 1105 2116 1096 2116 1094 2117 1105 2117 1086 2117 1105 2118 1097 2118 1086 2118 1106 2119 1099 2119 1098 2119 1092 2120 1106 2120 1098 2120 1100 2121 1106 2121 1092 2121 1106 2122 1107 2122 1099 2122 1107 2123 1101 2123 1099 2123 1108 2124 1100 2124 1101 2124 1109 2125 1108 2125 1101 2125 1107 2126 1109 2126 1101 2126 1102 2127 1110 2127 1094 2127 1110 2128 1105 2128 1094 2128 1110 2129 1104 2129 1105 2129 1111 2130 1102 2130 1103 2130 1112 2131 1111 2131 1103 2131 1113 2132 1112 2132 1103 2132 1104 2133 1113 2133 1103 2133 1110 2134 1113 2134 1104 2134 1114 2135 1107 2135 1106 2135 1100 2136 1114 2136 1106 2136 1108 2137 1114 2137 1100 2137 1111 2138 1115 2138 1102 2138 1115 2139 1110 2139 1102 2139 1115 2140 1113 2140 1110 2140 1114 2141 1116 2141 1107 2141 1116 2142 1109 2142 1107 2142 1117 2143 1108 2143 1109 2143 1118 2144 1117 2144 1109 2144 1116 2145 1118 2145 1109 2145 1119 2146 1116 2146 1114 2146 1108 2147 1119 2147 1114 2147 1117 2148 1119 2148 1108 2148 1120 2149 1111 2149 1112 2149 1121 2150 1120 2150 1112 2150 1122 2151 1121 2151 1112 2151 1113 2152 1122 2152 1112 2152 1115 2153 1122 2153 1113 2153 1120 2154 1123 2154 1111 2154 1123 2155 1115 2155 1111 2155 1123 2156 1122 2156 1115 2156 1119 2157 1124 2157 1116 2157 1124 1250 1118 1250 1116 1250 1125 2158 1117 2158 1118 2158 1126 2159 1125 2159 1118 2159 1124 2160 1126 2160 1118 2160 1127 2161 1124 2161 1119 2161 1117 2162 1127 2162 1119 2162 1125 2163 1127 2163 1117 2163 1128 2164 1120 2164 1121 2164 1129 2165 1128 2165 1121 2165 1130 2166 1129 2166 1121 2166 1122 2167 1130 2167 1121 2167 1123 2168 1130 2168 1122 2168 1128 2169 1131 2169 1120 2169 1131 2170 1123 2170 1120 2170 1131 2171 1130 2171 1123 2171 1127 2172 1132 2172 1124 2172 1132 2173 1126 2173 1124 2173 1133 2174 1125 2174 1126 2174 1134 2175 1133 2175 1126 2175 1132 2176 1134 2176 1126 2176 1135 2177 1132 2177 1127 2177 1125 2178 1135 2178 1127 2178 1133 2179 1135 2179 1125 2179 1136 2180 1128 2180 1129 2180 1137 2181 1136 2181 1129 2181 1138 2182 1137 2182 1129 2182 1130 2183 1138 2183 1129 2183 1131 2184 1138 2184 1130 2184 1136 2185 1139 2185 1128 2185 1139 2186 1131 2186 1128 2186 1139 2187 1138 2187 1131 2187 1135 2188 1140 2188 1132 2188 1140 2189 1134 2189 1132 2189 1141 2190 1133 2190 1134 2190 1142 2191 1141 2191 1134 2191 1140 2192 1142 2192 1134 2192 1143 2193 1140 2193 1135 2193 1133 2194 1143 2194 1135 2194 1141 2195 1143 2195 1133 2195 1144 2196 1136 2196 1137 2196 1145 2197 1144 2197 1137 2197 1146 2198 1145 2198 1137 2198 1138 2199 1146 2199 1137 2199 1139 2200 1146 2200 1138 2200 1144 2201 1147 2201 1136 2201 1147 2202 1139 2202 1136 2202 1147 2203 1146 2203 1139 2203 1143 2204 1148 2204 1140 2204 1148 2205 1142 2205 1140 2205 1149 2206 1141 2206 1142 2206 1150 2207 1149 2207 1142 2207 1148 2208 1150 2208 1142 2208 1151 2209 1148 2209 1143 2209 1141 2210 1151 2210 1143 2210 1149 2211 1151 2211 1141 2211 1152 2212 1144 2212 1145 2212 1153 2213 1152 2213 1145 2213 1154 2214 1153 2214 1145 2214 1146 2215 1154 2215 1145 2215 1147 2216 1154 2216 1146 2216 1152 2217 1155 2217 1144 2217 1155 2218 1147 2218 1144 2218 1155 2219 1154 2219 1147 2219 1156 2220 1149 2220 1150 2220 1157 2221 1156 2221 1150 2221 1158 2222 1159 2222 1151 2222 1159 2223 1148 2223 1151 2223 1149 2224 1158 2224 1151 2224 1156 2225 1158 2225 1149 2225 1159 2226 1150 2226 1148 2226 1159 2227 1157 2227 1150 2227 1153 2228 1160 2228 1152 2228 1160 2229 1161 2229 1152 2229 1161 2230 1155 2230 1152 2230 1161 2231 1162 2231 1155 2231 1162 2232 1154 2232 1155 2232 1163 2233 1160 2233 1153 2233 1162 2234 1163 2234 1153 2234 1154 2235 1162 2235 1153 2235 1164 2236 1165 2236 1158 2236 1165 2237 1159 2237 1158 2237 1156 2238 1164 2238 1158 2238 1157 2239 1166 2239 1156 2239 1166 2240 1164 2240 1156 2240 1165 2241 1157 2241 1159 2241 1167 2242 1166 2242 1157 2242 1165 2243 1167 2243 1157 2243 1163 2244 1168 2244 1160 2244 1168 2245 1169 2245 1160 2245 1169 2246 1161 2246 1160 2246 1169 2247 1170 2247 1161 2247 1170 2248 1162 2248 1161 2248 1171 2249 1168 2249 1163 2249 1170 2250 1171 2250 1163 2250 1162 2251 1170 2251 1163 2251 1172 2252 1173 2252 1164 2252 1173 2253 1165 2253 1164 2253 1166 2254 1172 2254 1164 2254 1167 2255 1174 2255 1166 2255 1174 2256 1172 2256 1166 2256 1173 2257 1167 2257 1165 2257 1175 2258 1174 2258 1167 2258 1173 2259 1175 2259 1167 2259 1171 2260 1176 2260 1168 2260 1176 2261 1177 2261 1168 2261 1177 2262 1169 2262 1168 2262 1177 2263 1178 2263 1169 2263 1178 2264 1170 2264 1169 2264 1179 2265 1176 2265 1171 2265 1178 2266 1179 2266 1171 2266 1170 2267 1178 2267 1171 2267 1180 2268 1181 2268 1172 2268 1181 2269 1173 2269 1172 2269 1174 2270 1180 2270 1172 2270 1175 2271 1182 2271 1174 2271 1182 2272 1180 2272 1174 2272 1181 2273 1175 2273 1173 2273 1183 2274 1182 2274 1175 2274 1181 2275 1183 2275 1175 2275 1179 2276 1184 2276 1176 2276 1184 2277 1185 2277 1176 2277 1185 2278 1177 2278 1176 2278 1185 2279 1186 2279 1177 2279 1186 2280 1178 2280 1177 2280 1187 2281 1184 2281 1179 2281 1186 2282 1187 2282 1179 2282 1178 2283 1186 2283 1179 2283 1188 2284 1189 2284 1180 2284 1189 2285 1181 2285 1180 2285 1182 2286 1188 2286 1180 2286 1183 2287 1190 2287 1182 2287 1190 2288 1188 2288 1182 2288 1189 2289 1183 2289 1181 2289 1191 2290 1190 2290 1183 2290 1189 2291 1191 2291 1183 2291 1187 2292 1192 2292 1184 2292 1192 2293 1193 2293 1184 2293 1193 1387 1185 1387 1184 1387 1193 2294 1194 2294 1185 2294 1194 2295 1186 2295 1185 2295 1195 2296 1192 2296 1187 2296 1194 2297 1195 2297 1187 2297 1186 2298 1194 2298 1187 2298 1196 2299 1197 2299 1188 2299 1197 2300 1189 2300 1188 2300 1190 2301 1196 2301 1188 2301 1191 2302 1198 2302 1190 2302 1198 2303 1196 2303 1190 2303 1197 2304 1191 2304 1189 2304 1199 2305 1198 2305 1191 2305 1197 2306 1199 2306 1191 2306 1195 2307 1200 2307 1192 2307 1200 2308 1201 2308 1192 2308 1201 2309 1193 2309 1192 2309 1201 2310 1202 2310 1193 2310 1202 2311 1194 2311 1193 2311 1203 2312 1204 2312 1196 2312 1204 2313 1197 2313 1196 2313 1198 2314 1203 2314 1196 2314 1199 2315 1205 2315 1198 2315 1205 2316 1203 2316 1198 2316 1206 2317 1200 2317 1195 2317 1202 2318 1206 2318 1195 2318 1194 2319 1202 2319 1195 2319 1206 2320 1207 2320 1200 2320 1207 2321 1208 2321 1200 2321 1208 2322 1201 2322 1200 2322 1208 2323 1209 2323 1201 2323 1209 2324 1202 2324 1201 2324 1204 2325 1199 2325 1197 2325 1210 2326 1205 2326 1199 2326 1204 2327 1210 2327 1199 2327 1211 2328 1212 2328 1203 2328 1212 2329 1204 2329 1203 2329 1205 2330 1211 2330 1203 2330 1210 2331 1213 2331 1205 2331 1213 2332 1211 2332 1205 2332 1206 2333 1214 2333 1207 2333 1214 2334 1215 2334 1207 2334 1215 2335 1216 2335 1207 2335 1216 2336 1208 2336 1207 2336 1216 2337 1217 2337 1208 2337 1217 2338 1209 2338 1208 2338 1209 2339 1214 2339 1206 2339 1202 2340 1209 2340 1206 2340 1218 2341 1219 2341 1211 2341 1219 2342 1212 2342 1211 2342 1213 2343 1218 2343 1211 2343 1210 2344 1220 2344 1213 2344 1220 2345 1221 2345 1213 2345 1221 2346 1218 2346 1213 2346 1214 2347 1222 2347 1215 2347 1222 2348 1218 2348 1215 2348 1218 2349 1221 2349 1215 2349 1221 2350 1216 2350 1215 2350 1221 2351 1223 2351 1216 2351 1223 2352 1217 2352 1216 2352 1212 2353 1210 2353 1204 2353 1212 2354 1220 2354 1210 2354 1222 2355 1224 2355 1218 2355 1224 2356 1219 2356 1218 2356 1220 2357 1225 2357 1221 2357 1225 2358 1223 2358 1221 2358 1217 2359 1222 2359 1214 2359 1209 2360 1217 2360 1214 2360 1219 2361 1220 2361 1212 2361 1219 2362 1225 2362 1220 2362 1223 2363 1224 2363 1222 2363 1217 2364 1223 2364 1222 2364 1224 2365 1225 2365 1219 2365 1224 2366 1223 2366 1225 2366 1226 2367 1227 2367 1228 2367 1229 2368 1226 2368 1228 2368 1230 2369 1229 2369 1228 2369 1231 2370 1230 2370 1228 2370 1232 2371 1231 2371 1228 2371 1227 2372 1232 2372 1228 2372 1233 2373 1231 2373 1232 2373 1234 2374 1233 2374 1232 2374 1235 2375 1234 2375 1232 2375 1227 2376 1235 2376 1232 2376 1236 2377 1237 2377 1227 2377 1226 2378 1236 2378 1227 2378 1237 2379 1235 2379 1227 2379 1238 2380 1234 2380 1235 2380 1239 2381 1238 2381 1235 2381 1237 2382 1239 2382 1235 2382 1240 2383 1229 2383 1230 2383 1241 2384 1240 2384 1230 2384 1242 2385 1241 2385 1230 2385 1231 2386 1242 2386 1230 2386 1243 2387 1242 2387 1231 2387 1233 2388 1243 2388 1231 2388 1244 2389 1245 2389 1237 2389 1236 2390 1244 2390 1237 2390 1245 2391 1239 2391 1237 2391 1246 2392 1238 2392 1239 2392 1247 2393 1246 2393 1239 2393 1245 2394 1247 2394 1239 2394 1248 2395 1240 2395 1241 2395 1249 2396 1248 2396 1241 2396 1250 2397 1249 2397 1241 2397 1242 2398 1250 2398 1241 2398 1251 2399 1250 2399 1242 2399 1243 2400 1251 2400 1242 2400 1252 2401 1253 2401 1245 2401 1244 2402 1252 2402 1245 2402 1253 2403 1247 2403 1245 2403 1254 2404 1246 2404 1247 2404 1255 2405 1254 2405 1247 2405 1253 2406 1255 2406 1247 2406 1256 2407 1248 2407 1249 2407 1257 2408 1256 2408 1249 2408 1258 2409 1257 2409 1249 2409 1250 2410 1258 2410 1249 2410 1259 2411 1258 2411 1250 2411 1251 2412 1259 2412 1250 2412 1260 2413 1261 2413 1253 2413 1252 2414 1260 2414 1253 2414 1261 2415 1255 2415 1253 2415 1262 2416 1254 2416 1255 2416 1261 2417 1262 2417 1255 2417 1229 2418 1243 2418 1226 2418 1243 2419 1233 2419 1226 2419 1233 2420 1236 2420 1226 2420 1234 2421 1236 2421 1233 2421 1234 2422 1244 2422 1236 2422 1238 2423 1244 2423 1234 2423 1240 2424 1251 2424 1229 2424 1251 2425 1243 2425 1229 2425 1238 2426 1252 2426 1244 2426 1246 2427 1252 2427 1238 2427 1263 2428 1256 2428 1257 2428 1264 2429 1263 2429 1257 2429 1258 2430 1264 2430 1257 2430 1265 2431 1264 2431 1258 2431 1259 136 1265 136 1258 136 1248 2432 1259 2432 1240 2432 1259 2433 1251 2433 1240 2433 1266 2434 1267 2434 1261 2434 1260 2435 1266 2435 1261 2435 1267 2436 1262 2436 1261 2436 1268 2437 1254 2437 1262 2437 1269 2438 1268 2438 1262 2438 1267 2439 1269 2439 1262 2439 1246 2440 1260 2440 1252 2440 1254 2441 1260 2441 1246 2441 1256 2442 1265 2442 1248 2442 1265 2443 1259 2443 1248 2443 1270 2444 1256 2444 1263 2444 1271 2445 1270 2445 1263 2445 1272 2446 1271 2446 1263 2446 1264 2447 1272 2447 1263 2447 1273 2448 1272 2448 1264 2448 1265 2449 1273 2449 1264 2449 1254 2450 1266 2450 1260 2450 1268 2451 1266 2451 1254 2451 1266 2452 1274 2452 1267 2452 1274 2453 1269 2453 1267 2453 1275 2454 1268 2454 1269 2454 1276 2455 1275 2455 1269 2455 1274 2456 1276 2456 1269 2456 1270 2457 1273 2457 1256 2457 1273 2458 1265 2458 1256 2458 1277 2459 1274 2459 1266 2459 1268 2460 1277 2460 1266 2460 1275 2461 1277 2461 1268 2461 1278 2462 1270 2462 1271 2462 1279 2463 1278 2463 1271 2463 1280 2464 1279 2464 1271 2464 1272 2465 1280 2465 1271 2465 1273 2466 1280 2466 1272 2466 1278 2467 1281 2467 1270 2467 1281 2468 1273 2468 1270 2468 1281 2469 1280 2469 1273 2469 1277 2470 1282 2470 1274 2470 1282 2471 1276 2471 1274 2471 1283 2472 1275 2472 1276 2472 1284 2473 1283 2473 1276 2473 1282 2474 1284 2474 1276 2474 1285 2475 1282 2475 1277 2475 1275 2476 1285 2476 1277 2476 1283 2477 1285 2477 1275 2477 1286 2478 1278 2478 1279 2478 1287 2479 1286 2479 1279 2479 1288 2480 1287 2480 1279 2480 1280 2481 1288 2481 1279 2481 1281 2482 1288 2482 1280 2482 1286 2483 1289 2483 1278 2483 1289 2484 1281 2484 1278 2484 1289 2485 1288 2485 1281 2485 1285 2486 1290 2486 1282 2486 1290 2487 1284 2487 1282 2487 1291 2488 1283 2488 1284 2488 1292 2489 1291 2489 1284 2489 1290 2490 1292 2490 1284 2490 1293 2491 1290 2491 1285 2491 1283 2492 1293 2492 1285 2492 1291 2493 1293 2493 1283 2493 1294 2494 1286 2494 1287 2494 1295 2495 1294 2495 1287 2495 1296 2496 1295 2496 1287 2496 1288 2497 1296 2497 1287 2497 1289 2498 1296 2498 1288 2498 1294 2499 1297 2499 1286 2499 1297 2500 1289 2500 1286 2500 1297 2501 1296 2501 1289 2501 1293 2502 1298 2502 1290 2502 1298 2503 1292 2503 1290 2503 1299 2504 1291 2504 1292 2504 1300 2505 1299 2505 1292 2505 1298 2506 1300 2506 1292 2506 1301 2507 1298 2507 1293 2507 1291 2508 1301 2508 1293 2508 1299 2509 1301 2509 1291 2509 1302 2510 1294 2510 1295 2510 1303 2511 1302 2511 1295 2511 1304 2512 1303 2512 1295 2512 1296 2513 1304 2513 1295 2513 1297 2514 1304 2514 1296 2514 1302 2515 1305 2515 1294 2515 1305 2516 1297 2516 1294 2516 1305 2517 1304 2517 1297 2517 1306 2518 1299 2518 1300 2518 1307 2519 1306 2519 1300 2519 1308 2520 1309 2520 1301 2520 1309 2521 1298 2521 1301 2521 1299 2522 1308 2522 1301 2522 1306 2523 1308 2523 1299 2523 1309 2524 1300 2524 1298 2524 1309 2525 1307 2525 1300 2525 1303 2526 1310 2526 1302 2526 1310 2527 1311 2527 1302 2527 1311 2528 1305 2528 1302 2528 1311 2529 1312 2529 1305 2529 1312 2530 1304 2530 1305 2530 1313 2531 1310 2531 1303 2531 1312 2532 1313 2532 1303 2532 1304 2533 1312 2533 1303 2533 1314 1629 1315 1629 1308 1629 1315 2534 1309 2534 1308 2534 1306 2535 1314 2535 1308 2535 1307 2536 1316 2536 1306 2536 1316 2537 1314 2537 1306 2537 1315 2538 1307 2538 1309 2538 1317 2539 1316 2539 1307 2539 1315 2540 1317 2540 1307 2540 1313 2541 1318 2541 1310 2541 1318 1639 1319 1639 1310 1639 1319 2542 1311 2542 1310 2542 1319 2543 1320 2543 1311 2543 1320 2544 1312 2544 1311 2544 1321 2545 1318 2545 1313 2545 1320 2546 1321 2546 1313 2546 1312 2547 1320 2547 1313 2547 1322 2548 1323 2548 1314 2548 1323 2549 1315 2549 1314 2549 1316 2550 1322 2550 1314 2550 1317 2551 1324 2551 1316 2551 1324 2552 1322 2552 1316 2552 1323 2553 1317 2553 1315 2553 1325 2554 1324 2554 1317 2554 1323 2555 1325 2555 1317 2555 1321 2556 1326 2556 1318 2556 1326 2557 1327 2557 1318 2557 1327 2558 1319 2558 1318 2558 1327 2559 1328 2559 1319 2559 1328 2560 1320 2560 1319 2560 1329 2561 1326 2561 1321 2561 1328 2562 1329 2562 1321 2562 1320 2563 1328 2563 1321 2563 1330 2564 1331 2564 1322 2564 1331 1662 1323 1662 1322 1662 1324 2565 1330 2565 1322 2565 1325 2566 1332 2566 1324 2566 1332 2567 1330 2567 1324 2567 1331 2568 1325 2568 1323 2568 1333 2569 1332 2569 1325 2569 1331 2570 1333 2570 1325 2570 1334 2571 1335 2571 1326 2571 1329 2572 1334 2572 1326 2572 1335 2573 1336 2573 1326 2573 1336 2574 1327 2574 1326 2574 1336 2575 1337 2575 1327 2575 1337 2576 1328 2576 1327 2576 1337 2577 1334 2577 1329 2577 1328 2578 1337 2578 1329 2578 1338 2579 1339 2579 1330 2579 1339 2580 1331 2580 1330 2580 1332 2581 1338 2581 1330 2581 1333 2582 1340 2582 1332 2582 1340 2583 1341 2583 1332 2583 1341 2584 1338 2584 1332 2584 1334 2585 1342 2585 1335 2585 1342 2586 1343 2586 1335 2586 1343 2587 1344 2587 1335 2587 1344 2588 1336 2588 1335 2588 1344 2589 1345 2589 1336 2589 1345 2590 1346 2590 1336 2590 1346 2591 1337 2591 1336 2591 1339 2592 1333 2592 1331 2592 1339 2593 1340 2593 1333 2593 1347 2594 1348 2594 1338 2594 1348 2595 1349 2595 1338 2595 1349 2596 1339 2596 1338 2596 1341 2597 1347 2597 1338 2597 1340 2598 1350 2598 1341 2598 1350 2599 1351 2599 1341 2599 1351 2600 1347 2600 1341 2600 1346 2601 1342 2601 1334 2601 1337 2602 1346 2602 1334 2602 1342 2603 1352 2603 1343 2603 1352 2604 1353 2604 1343 2604 1353 2605 1354 2605 1343 2605 1354 2606 1344 2606 1343 2606 1354 2607 1355 2607 1344 2607 1355 2608 1345 2608 1344 2608 1356 2609 1357 2609 1347 2609 1357 2610 1348 2610 1347 2610 1351 2611 1356 2611 1347 2611 1350 2612 1358 2612 1351 2612 1358 2613 1359 2613 1351 2613 1359 2614 1356 2614 1351 2614 1349 2615 1340 2615 1339 2615 1349 2616 1350 2616 1340 2616 1352 2617 1360 2617 1353 2617 1360 2618 1361 2618 1353 2618 1361 2619 1362 2619 1353 2619 1362 2620 1354 2620 1353 2620 1362 2621 1363 2621 1354 2621 1363 2622 1355 2622 1354 2622 1345 2623 1352 2623 1342 2623 1346 2624 1345 2624 1342 2624 1364 2625 1365 2625 1356 2625 1365 2626 1357 2626 1356 2626 1359 2627 1364 2627 1356 2627 1358 2628 1366 2628 1359 2628 1366 2629 1367 2629 1359 2629 1367 2630 1364 2630 1359 2630 1360 2631 1368 2631 1361 2631 1368 2632 1369 2632 1361 2632 1369 2633 1370 2633 1361 2633 1370 2633 1362 2633 1361 2633 1370 2634 1371 2634 1362 2634 1371 2635 1363 2635 1362 2635 1369 2636 1372 2636 1364 2636 1372 2637 1365 2637 1364 2637 1367 2638 1369 2638 1364 2638 1366 2639 1373 2639 1367 2639 1373 2640 1370 2640 1367 2640 1370 2641 1369 2641 1367 2641 1368 2642 1372 2642 1369 2642 1373 2643 1371 2643 1370 2643 1348 2644 1350 2644 1349 2644 1348 2645 1358 2645 1350 2645 1355 2646 1360 2646 1352 2646 1345 2647 1355 2647 1352 2647 1357 2648 1358 2648 1348 2648 1357 2649 1366 2649 1358 2649 1363 2650 1368 2650 1360 2650 1355 2651 1363 2651 1360 2651 1365 2652 1366 2652 1357 2652 1365 2653 1373 2653 1366 2653 1371 2654 1372 2654 1368 2654 1363 2655 1371 2655 1368 2655 1372 2656 1373 2656 1365 2656 1372 2657 1371 2657 1373 2657 1374 2658 1375 2658 1376 2658 1375 2659 1377 2659 1376 2659 1378 2660 1374 2660 1376 2660 1379 2661 1378 2661 1376 2661 1377 2662 1379 2662 1376 2662 1380 2663 1381 2663 1374 2663 1381 2664 1375 2664 1374 2664 1382 2665 1380 2665 1374 2665 1378 2666 1382 2666 1374 2666 1383 2667 1384 2667 1377 2667 1375 2668 1383 2668 1377 2668 1384 2669 1379 2669 1377 2669 1383 2670 1385 2670 1384 2670 1385 2671 1379 2671 1384 2671 1386 2672 1381 2672 1380 2672 1382 2673 1386 2673 1380 2673 1383 2674 1387 2674 1385 2674 1387 2675 1379 2675 1385 2675 1388 2676 1381 2676 1386 2676 1389 2677 1388 2677 1386 2677 1382 2678 1390 2678 1386 2678 1390 2679 1389 2679 1386 2679 1383 2680 1391 2680 1387 2680 1391 2681 1392 2681 1387 2681 1393 2682 1379 2682 1387 2682 1392 2683 1393 2683 1387 2683 1394 2684 1388 2684 1389 2684 1390 2685 1395 2685 1389 2685 1395 2686 1394 2686 1389 2686 1391 2687 1396 2687 1392 2687 1397 2688 1393 2688 1392 2688 1396 2689 1397 2689 1392 2689 1398 2690 1399 2690 1400 2690 1401 2691 1398 2691 1400 2691 1402 2692 1401 2692 1400 2692 1399 2693 1403 2693 1400 2693 1403 2694 1402 2694 1400 2694 1398 2695 1404 2695 1399 2695 1405 2696 1406 2696 1399 2696 1406 2697 1403 2697 1399 2697 1407 2698 1408 2698 1399 2698 1409 2699 1410 2699 1399 2699 1410 2700 1411 2700 1399 2700 1411 2701 1407 2701 1399 2701 1408 2702 1412 2702 1399 2702 1412 2703 1413 2703 1399 2703 1413 2704 1405 2704 1399 2704 1414 2705 1415 2705 1399 2705 1404 2706 1414 2706 1399 2706 1415 2707 1416 2707 1399 2707 1416 2708 1417 2708 1399 2708 1417 2709 1409 2709 1399 2709 1398 2710 1418 2710 1404 2710 1419 2711 1414 2711 1404 2711 1420 2712 1421 2712 1404 2712 1421 2713 1422 2713 1404 2713 1422 2714 1419 2714 1404 2714 1418 2715 1423 2715 1404 2715 1423 2716 1424 2716 1404 2716 1424 2717 1425 2717 1404 2717 1425 2718 1426 2718 1404 2718 1426 2719 1427 2719 1404 2719 1427 2720 1420 2720 1404 2720 1428 2721 1429 2721 1418 2721 1429 2722 1430 2722 1418 2722 1430 2723 1431 2723 1418 2723 1398 2724 1428 2724 1418 2724 1431 2725 1432 2725 1418 2725 1432 2726 1433 2726 1418 2726 1433 2727 1434 2727 1418 2727 1434 2728 1435 2728 1418 2728 1435 2729 1436 2729 1418 2729 1436 2730 1437 2730 1418 2730 1437 2731 1438 2731 1418 2731 1438 2713 1439 2713 1418 2713 1439 2732 1423 2732 1418 2732 1430 2733 1440 2733 1431 2733 1441 2734 1442 2734 1431 2734 1440 2735 1441 2735 1431 2735 1442 2736 1443 2736 1431 2736 1443 2737 1444 2737 1431 2737 1444 2738 1445 2738 1431 2738 1445 2739 1446 2739 1431 2739 1446 2740 1447 2740 1431 2740 1447 2741 1432 2741 1431 2741 1430 2742 1448 2742 1440 2742 1449 2743 1450 2743 1440 2743 1448 2744 1449 2744 1440 2744 1450 2745 1451 2745 1440 2745 1451 2746 1452 2746 1440 2746 1452 2730 1453 2730 1440 2730 1454 2747 1441 2747 1440 2747 1453 2748 1455 2748 1440 2748 1455 2749 1456 2749 1440 2749 1456 2750 1454 2750 1440 2750 1430 2751 1457 2751 1448 2751 1458 2752 1459 2752 1448 2752 1457 2753 1458 2753 1448 2753 1459 2745 1460 2745 1448 2745 1460 2737 1461 2737 1448 2737 1461 2754 1462 2754 1448 2754 1463 2755 1449 2755 1448 2755 1462 2756 1464 2756 1448 2756 1464 2757 1465 2757 1448 2757 1465 2758 1463 2758 1448 2758 1466 2759 1467 2759 1457 2759 1430 2760 1466 2760 1457 2760 1467 2761 1468 2761 1457 2761 1469 2762 1470 2762 1457 2762 1471 2763 1469 2763 1457 2763 1472 2764 1473 2764 1457 2764 1473 2765 1474 2765 1457 2765 1474 2766 1471 2766 1457 2766 1468 2767 1475 2767 1457 2767 1475 2768 1476 2768 1457 2768 1476 2769 1472 2769 1457 2769 1477 2770 1458 2770 1457 2770 1470 2771 1478 2771 1457 2771 1478 2772 1479 2772 1457 2772 1479 2773 1477 2773 1457 2773 1466 2774 1480 2774 1467 2774 1481 2775 1468 2775 1467 2775 1482 2776 1483 2776 1467 2776 1483 2777 1484 2777 1467 2777 1484 2778 1481 2778 1467 2778 1485 2779 1482 2779 1467 2779 1486 2780 1485 2780 1467 2780 1487 2781 1486 2781 1467 2781 1480 2782 1487 2782 1467 2782 1488 2783 1489 2783 1490 2783 1491 2784 1488 2784 1490 2784 1489 2785 1492 2785 1490 2785 1492 2786 1493 2786 1490 2786 1493 2787 1494 2787 1490 2787 1495 2788 1496 2788 1490 2788 1494 2789 1495 2789 1490 2789 1496 2790 1497 2790 1490 2790 1497 2791 1498 2791 1490 2791 1498 2792 1499 2792 1490 2792 1499 2793 1500 2793 1490 2793 1500 2794 1501 2794 1490 2794 1501 2795 1502 2795 1490 2795 1502 2796 1503 2796 1490 2796 1503 2797 1491 2797 1490 2797 1493 2798 1504 2798 1494 2798 1505 2747 1495 2747 1494 2747 1506 2799 1507 2799 1494 2799 1507 2800 1508 2800 1494 2800 1508 2801 1505 2801 1494 2801 1509 2802 1510 2802 1494 2802 1504 2803 1509 2803 1494 2803 1510 2728 1511 2728 1494 2728 1511 2804 1512 2804 1494 2804 1512 2805 1506 2805 1494 2805 1493 2806 1513 2806 1504 2806 1514 2807 1515 2807 1504 2807 1513 2808 1514 2808 1504 2808 1515 2809 1516 2809 1504 2809 1516 2810 1517 2810 1504 2810 1517 2811 1518 2811 1504 2811 1519 2812 1509 2812 1504 2812 1518 2813 1520 2813 1504 2813 1520 2814 1521 2814 1504 2814 1521 2815 1519 2815 1504 2815 1493 2816 1522 2816 1513 2816 1523 2817 1524 2817 1513 2817 1522 2818 1523 2818 1513 2818 1524 2819 1525 2819 1513 2819 1525 2820 1526 2820 1513 2820 1526 2821 1527 2821 1513 2821 1528 2822 1514 2822 1513 2822 1527 2823 1529 2823 1513 2823 1529 2824 1530 2824 1513 2824 1530 2825 1528 2825 1513 2825 1531 2826 1532 2826 1522 2826 1493 2827 1531 2827 1522 2827 1533 2828 1534 2828 1522 2828 1532 2829 1533 2829 1522 2829 1534 2830 1535 2830 1522 2830 1535 2831 1536 2831 1522 2831 1536 2720 1537 2720 1522 2720 1538 2832 1523 2832 1522 2832 1537 2833 1539 2833 1522 2833 1539 2824 1540 2824 1522 2824 1540 2834 1538 2834 1522 2834 1531 2835 1541 2835 1532 2835 1541 2836 1542 2836 1532 2836 1543 2837 1544 2837 1532 2837 1542 2838 1543 2838 1532 2838 1544 2839 1545 2839 1532 2839 1545 2840 1546 2840 1532 2840 1546 2841 1547 2841 1532 2841 1548 2832 1533 2832 1532 2832 1547 2842 1549 2842 1532 2842 1549 2843 1550 2843 1532 2843 1550 2844 1548 2844 1532 2844 1541 2845 1551 2845 1542 2845 1552 2802 1553 2802 1542 2802 1551 2846 1552 2846 1542 2846 1553 2847 1554 2847 1542 2847 1554 2848 1555 2848 1542 2848 1555 2730 1556 2730 1542 2730 1557 2747 1543 2747 1542 2747 1556 2849 1558 2849 1542 2849 1558 2740 1559 2740 1542 2740 1559 2850 1557 2850 1542 2850 1541 2851 1560 2851 1551 2851 1560 2852 1561 2852 1551 2852 1562 2853 1563 2853 1551 2853 1564 2854 1562 2854 1551 2854 1565 2855 1564 2855 1551 2855 1561 2856 1566 2856 1551 2856 1566 2857 1567 2857 1551 2857 1567 2858 1565 2858 1551 2858 1568 2859 1552 2859 1551 2859 1563 2860 1569 2860 1551 2860 1569 2861 1570 2861 1551 2861 1570 2862 1568 2862 1551 2862 1560 2863 1571 2863 1561 2863 1572 2864 1566 2864 1561 2864 1571 2865 1573 2865 1561 2865 1573 2866 1572 2866 1561 2866 1574 2867 1575 2867 1576 2867 1577 2868 1574 2868 1576 2868 1578 2869 1579 2869 1576 2869 1579 2870 1580 2870 1576 2870 1580 2871 1581 2871 1576 2871 1581 2872 1577 2872 1576 2872 1575 2873 1582 2873 1576 2873 1582 2874 1583 2874 1576 2874 1583 2875 1584 2875 1576 2875 1584 2876 1578 2876 1576 2876 1585 2877 1586 2877 1575 2877 1587 2878 1588 2878 1575 2878 1589 2879 1587 2879 1575 2879 1586 2880 1589 2880 1575 2880 1574 2881 1585 2881 1575 2881 1590 2882 1591 2882 1575 2882 1591 2883 1582 2883 1575 2883 1592 2884 1590 2884 1575 2884 1588 2885 1592 2885 1575 2885 1593 2886 1402 2886 1403 2886 1406 2887 1593 2887 1403 2887 1594 2888 1566 2888 1572 2888 1573 2889 1595 2889 1572 2889 1595 2890 1594 2890 1572 2890 1405 2891 1593 2891 1406 2891 1596 2892 1566 2892 1594 2892 1597 2893 1596 2893 1594 2893 1595 2894 1597 2894 1594 2894 1598 2895 1593 2895 1405 2895 1413 2896 1598 2896 1405 2896 1599 2897 1598 2897 1413 2897 1412 2898 1600 2898 1413 2898 1600 2899 1599 2899 1413 2899 1601 2900 1596 2900 1597 2900 1602 2901 1601 2901 1597 2901 1595 2902 1603 2902 1597 2902 1603 2903 1602 2903 1597 2903 1604 2904 1596 2904 1601 2904 1605 2905 1604 2905 1601 2905 1602 2906 1605 2906 1601 2906 1419 2907 1606 2907 1414 2907 1606 2908 1607 2908 1414 2908 1607 2909 1415 2909 1414 2909 1423 2910 1608 2910 1424 2910 1608 2911 1609 2911 1424 2911 1609 2912 1425 2912 1424 2912 1432 2908 1610 2908 1433 2908 1610 2908 1611 2908 1433 2908 1611 2913 1434 2913 1433 2913 1454 2914 1612 2914 1441 2914 1612 2908 1613 2908 1441 2908 1613 2915 1442 2915 1441 2915 1463 2916 1614 2916 1449 2916 1614 2917 1615 2917 1449 2917 1615 2918 1450 2918 1449 2918 1477 2919 1616 2919 1458 2919 1616 2920 1617 2920 1458 2920 1617 2921 1459 2921 1458 2921 1472 2922 1618 2922 1473 2922 1618 2923 1619 2923 1473 2923 1619 2924 1474 2924 1473 2924 1481 2925 1620 2925 1468 2925 1620 2926 1621 2926 1468 2926 1621 2927 1475 2927 1468 2927 1505 2908 1622 2908 1495 2908 1622 2928 1623 2928 1495 2928 1623 2929 1496 2929 1495 2929 1519 2916 1624 2916 1509 2916 1624 2930 1625 2930 1509 2930 1625 2931 1510 2931 1509 2931 1528 2932 1626 2932 1514 2932 1626 2933 1627 2933 1514 2933 1627 2934 1515 2934 1514 2934 1538 2935 1628 2935 1523 2935 1628 2936 1629 2936 1523 2936 1629 2937 1524 2937 1523 2937 1548 2938 1630 2938 1533 2938 1630 2939 1631 2939 1533 2939 1631 2940 1534 2940 1533 2940 1557 2922 1632 2922 1543 2922 1632 2941 1633 2941 1543 2941 1633 2942 1544 2942 1543 2942 1568 2943 1634 2943 1552 2943 1634 2936 1635 2936 1552 2936 1635 2944 1553 2944 1552 2944 1566 2945 1636 2945 1567 2945 1636 2946 1637 2946 1567 2946 1637 2947 1565 2947 1567 2947 1607 2948 1638 2948 1415 2948 1638 2949 1416 2949 1415 2949 1422 2950 1639 2950 1419 2950 1639 2951 1606 2951 1419 2951 1609 2952 1640 2952 1425 2952 1640 2953 1426 2953 1425 2953 1439 2954 1641 2954 1423 2954 1641 2955 1608 2955 1423 2955 1611 2956 1642 2956 1434 2956 1642 2957 1435 2957 1434 2957 1447 2958 1643 2958 1432 2958 1643 2959 1610 2959 1432 2959 1613 2960 1644 2960 1442 2960 1644 2961 1443 2961 1442 2961 1456 2962 1645 2962 1454 2962 1645 2963 1612 2963 1454 2963 1615 2964 1646 2964 1450 2964 1646 2965 1451 2965 1450 2965 1465 2966 1647 2966 1463 2966 1647 2950 1614 2950 1463 2950 1617 2967 1648 2967 1459 2967 1648 2968 1460 2968 1459 2968 1479 2969 1649 2969 1477 2969 1649 2970 1616 2970 1477 2970 1619 2971 1650 2971 1474 2971 1650 2972 1471 2972 1474 2972 1476 2973 1651 2973 1472 2973 1651 2974 1652 2974 1472 2974 1652 2963 1618 2963 1472 2963 1621 2975 1653 2975 1475 2975 1653 2976 1476 2976 1475 2976 1484 2977 1654 2977 1481 2977 1654 2978 1620 2978 1481 2978 1623 2979 1655 2979 1496 2979 1655 2980 1497 2980 1496 2980 1508 2981 1656 2981 1505 2981 1656 2982 1622 2982 1505 2982 1625 2983 1657 2983 1510 2983 1657 2984 1511 2984 1510 2984 1521 2985 1658 2985 1519 2985 1658 2986 1624 2986 1519 2986 1627 2987 1659 2987 1515 2987 1659 2988 1516 2988 1515 2988 1530 2989 1660 2989 1528 2989 1660 2990 1626 2990 1528 2990 1629 2948 1661 2948 1524 2948 1661 2991 1525 2991 1524 2991 1540 2992 1662 2992 1538 2992 1662 2981 1628 2981 1538 2981 1631 2993 1663 2993 1534 2993 1663 2994 1535 2994 1534 2994 1550 2995 1664 2995 1548 2995 1664 2996 1630 2996 1548 2996 1633 2997 1665 2997 1544 2997 1665 2998 1545 2998 1544 2998 1559 2963 1666 2963 1557 2963 1666 2959 1632 2959 1557 2959 1635 2999 1667 2999 1553 2999 1667 3000 1554 3000 1553 3000 1570 3001 1668 3001 1568 3001 1668 3002 1634 3002 1568 3002 1637 3003 1669 3003 1565 3003 1669 3004 1564 3004 1565 3004 1596 2989 1670 2989 1566 2989 1670 3005 1636 3005 1566 3005 1408 3006 1671 3006 1412 3006 1671 3007 1600 3007 1412 3007 1672 3008 1604 3008 1605 3008 1602 3009 1673 3009 1605 3009 1673 3010 1672 3010 1605 3010 1638 3011 1674 3011 1416 3011 1674 3012 1417 3012 1416 3012 1421 3013 1675 3013 1422 3013 1675 3013 1639 3013 1422 3013 1640 3014 1676 3014 1426 3014 1676 3015 1427 3015 1426 3015 1438 3016 1677 3016 1439 3016 1677 3017 1641 3017 1439 3017 1642 3014 1678 3014 1435 3014 1678 3018 1436 3018 1435 3018 1446 3019 1679 3019 1447 3019 1679 3020 1643 3020 1447 3020 1644 3021 1680 3021 1443 3021 1680 3022 1444 3022 1443 3022 1455 3023 1681 3023 1456 3023 1681 3024 1645 3024 1456 3024 1646 3025 1682 3025 1451 3025 1682 3026 1452 3026 1451 3026 1464 3027 1683 3027 1465 3027 1683 3028 1647 3028 1465 3028 1648 3029 1684 3029 1460 3029 1684 3030 1461 3030 1460 3030 1478 3016 1685 3016 1479 3016 1685 3031 1649 3031 1479 3031 1650 3032 1686 3032 1471 3032 1686 3033 1469 3033 1471 3033 1476 3034 1687 3034 1651 3034 1687 3035 1688 3035 1651 3035 1688 3027 1652 3027 1651 3027 1689 3036 1687 3036 1476 3036 1653 3037 1690 3037 1476 3037 1690 3038 1689 3038 1476 3038 1483 3039 1691 3039 1484 3039 1691 3040 1654 3040 1484 3040 1655 3014 1692 3014 1497 3014 1692 3041 1498 3041 1497 3041 1507 3042 1693 3042 1508 3042 1693 3043 1656 3043 1508 3043 1657 3044 1694 3044 1511 3044 1694 3045 1512 3045 1511 3045 1520 3046 1695 3046 1521 3046 1695 3047 1658 3047 1521 3047 1659 3048 1696 3048 1516 3048 1696 3049 1517 3049 1516 3049 1529 3050 1697 3050 1530 3050 1697 3051 1660 3051 1530 3051 1661 3052 1698 3052 1525 3052 1698 3053 1526 3053 1525 3053 1539 3054 1699 3054 1540 3054 1699 3055 1662 3055 1540 3055 1663 3056 1700 3056 1535 3056 1700 3057 1536 3057 1535 3057 1549 3058 1701 3058 1550 3058 1701 3059 1664 3059 1550 3059 1665 3060 1702 3060 1545 3060 1702 3061 1546 3061 1545 3061 1558 3042 1703 3042 1559 3042 1703 3062 1666 3062 1559 3062 1667 3063 1704 3063 1554 3063 1704 3064 1555 3064 1554 3064 1569 3065 1705 3065 1570 3065 1705 3066 1668 3066 1570 3066 1669 3067 1706 3067 1564 3067 1706 3068 1562 3068 1564 3068 1604 3069 1707 3069 1596 3069 1707 3070 1670 3070 1596 3070 1708 3071 1409 3071 1417 3071 1709 3072 1708 3072 1417 3072 1710 3073 1709 3073 1417 3073 1711 3074 1710 3074 1417 3074 1674 3075 1711 3075 1417 3075 1420 3076 1712 3076 1421 3076 1713 92 1675 92 1421 92 1714 3077 1713 3077 1421 3077 1712 3078 1714 3078 1421 3078 1715 3079 1420 3079 1427 3079 1716 3080 1715 3080 1427 3080 1717 3081 1716 3081 1427 3081 1718 3082 1717 3082 1427 3082 1676 3083 1718 3083 1427 3083 1437 3084 1719 3084 1438 3084 1720 3085 1677 3085 1438 3085 1721 3086 1720 3086 1438 3086 1719 3087 1721 3087 1438 3087 1722 3088 1437 3088 1436 3088 1723 3089 1722 3089 1436 3089 1724 3090 1723 3090 1436 3090 1725 122 1724 122 1436 122 1678 3091 1725 3091 1436 3091 1445 3092 1726 3092 1446 3092 1727 3093 1679 3093 1446 3093 1728 3094 1727 3094 1446 3094 1726 3095 1728 3095 1446 3095 1729 3096 1445 3096 1444 3096 1730 122 1729 122 1444 122 1731 3097 1730 3097 1444 3097 1732 122 1731 122 1444 122 1680 3098 1732 3098 1444 3098 1453 3099 1733 3099 1455 3099 1734 3093 1681 3093 1455 3093 1735 3100 1734 3100 1455 3100 1733 3101 1735 3101 1455 3101 1736 3102 1453 3102 1452 3102 1737 3103 1736 3103 1452 3103 1738 3104 1737 3104 1452 3104 1739 3105 1738 3105 1452 3105 1682 3106 1739 3106 1452 3106 1462 3107 1740 3107 1464 3107 1741 3108 1683 3108 1464 3108 1742 3109 1741 3109 1464 3109 1740 3110 1742 3110 1464 3110 1743 3111 1462 3111 1461 3111 1744 122 1743 122 1461 122 1745 3112 1744 3112 1461 3112 1746 3105 1745 3105 1461 3105 1684 3113 1746 3113 1461 3113 1470 3114 1747 3114 1478 3114 1748 92 1685 92 1478 92 1749 3115 1748 3115 1478 3115 1747 3087 1749 3087 1478 3087 1750 3116 1470 3116 1469 3116 1751 122 1750 122 1469 122 1752 3117 1751 3117 1469 3117 1753 3118 1752 3118 1469 3118 1686 3119 1753 3119 1469 3119 1689 3120 1754 3120 1687 3120 1755 92 1688 92 1687 92 1756 3121 1755 3121 1687 3121 1754 3122 1756 3122 1687 3122 1757 3123 1754 3123 1689 3123 1758 122 1757 122 1689 122 1759 3124 1758 3124 1689 3124 1760 3125 1759 3125 1689 3125 1690 3126 1760 3126 1689 3126 1761 3127 1691 3127 1483 3127 1762 3128 1761 3128 1483 3128 1482 3129 1762 3129 1483 3129 1763 3130 1499 3130 1498 3130 1764 122 1763 122 1498 122 1765 3131 1764 3131 1498 3131 1766 122 1765 122 1498 122 1692 3132 1766 3132 1498 3132 1506 3133 1767 3133 1507 3133 1768 3134 1693 3134 1507 3134 1769 3135 1768 3135 1507 3135 1767 3136 1769 3136 1507 3136 1770 3137 1506 3137 1512 3137 1771 3138 1770 3138 1512 3138 1772 3139 1771 3139 1512 3139 1773 122 1772 122 1512 122 1694 3140 1773 3140 1512 3140 1518 3141 1774 3141 1520 3141 1775 3142 1695 3142 1520 3142 1776 3143 1775 3143 1520 3143 1774 3144 1776 3144 1520 3144 1777 3145 1518 3145 1517 3145 1778 3146 1777 3146 1517 3146 1779 3147 1778 3147 1517 3147 1780 122 1779 122 1517 122 1696 3148 1780 3148 1517 3148 1527 3149 1781 3149 1529 3149 1782 3150 1697 3150 1529 3150 1783 3151 1782 3151 1529 3151 1781 3152 1783 3152 1529 3152 1784 3153 1527 3153 1526 3153 1785 3154 1784 3154 1526 3154 1786 3155 1785 3155 1526 3155 1787 122 1786 122 1526 122 1698 3156 1787 3156 1526 3156 1537 3157 1788 3157 1539 3157 1789 3158 1699 3158 1539 3158 1790 3159 1789 3159 1539 3159 1788 3160 1790 3160 1539 3160 1791 3161 1537 3161 1536 3161 1792 3162 1791 3162 1536 3162 1793 3163 1792 3163 1536 3163 1794 3164 1793 3164 1536 3164 1700 3165 1794 3165 1536 3165 1547 3166 1795 3166 1549 3166 1796 3167 1701 3167 1549 3167 1797 3168 1796 3168 1549 3168 1795 3169 1797 3169 1549 3169 1798 3161 1547 3161 1546 3161 1799 122 1798 122 1546 122 1800 3170 1799 3170 1546 3170 1801 3171 1800 3171 1546 3171 1702 3172 1801 3172 1546 3172 1556 3173 1802 3173 1558 3173 1803 3085 1703 3085 1558 3085 1804 3174 1803 3174 1558 3174 1802 3160 1804 3160 1558 3160 1805 3137 1556 3137 1555 3137 1806 3175 1805 3175 1555 3175 1807 3176 1806 3176 1555 3176 1808 3177 1807 3177 1555 3177 1704 3178 1808 3178 1555 3178 1563 3179 1809 3179 1569 3179 1810 3180 1705 3180 1569 3180 1811 3181 1810 3181 1569 3181 1809 3182 1811 3182 1569 3182 1812 3183 1563 3183 1562 3183 1813 3184 1812 3184 1562 3184 1814 3185 1813 3185 1562 3185 1815 3186 1814 3186 1562 3186 1706 3187 1815 3187 1562 3187 1672 3188 1816 3188 1604 3188 1816 3189 1817 3189 1604 3189 1818 3190 1819 3190 1604 3190 1820 3191 1818 3191 1604 3191 1817 3192 1820 3192 1604 3192 1821 3193 1707 3193 1604 3193 1822 3194 1821 3194 1604 3194 1819 3195 1822 3195 1604 3195 1823 3196 1824 3196 1582 3196 1591 3197 1823 3197 1582 3197 1824 3198 1583 3198 1582 3198 1673 3199 1825 3199 1672 3199 1825 3200 1816 3200 1672 3200 1407 3201 1671 3201 1408 3201 1826 3202 1584 3202 1583 3202 1824 3203 1826 3203 1583 3203 1827 3204 1823 3204 1591 3204 1590 3205 1827 3205 1591 3205 1825 3206 1817 3206 1816 3206 1411 3207 1828 3207 1407 3207 1828 3208 1671 3208 1407 3208 1410 3209 1829 3209 1411 3209 1829 3210 1830 3210 1411 3210 1830 3211 1828 3211 1411 3211 1831 3212 1820 3212 1817 3212 1832 3213 1831 3213 1817 3213 1825 3214 1832 3214 1817 3214 1833 3215 1578 3215 1584 3215 1834 3216 1833 3216 1584 3216 1826 3217 1834 3217 1584 3217 1835 3218 1827 3218 1590 3218 1592 3219 1835 3219 1590 3219 1409 3220 1836 3220 1410 3220 1836 3221 1829 3221 1410 3221 1837 3222 1818 3222 1820 3222 1831 3223 1837 3223 1820 3223 1838 3224 1482 3224 1485 3224 1839 3225 1838 3225 1485 3225 1486 3226 1839 3226 1485 3226 1840 3227 1579 3227 1578 3227 1833 3228 1840 3228 1578 3228 1841 3229 1840 3229 1833 3229 1842 3230 1841 3230 1833 3230 1834 3231 1842 3231 1833 3231 1588 3232 1843 3232 1592 3232 1844 3233 1835 3233 1592 3233 1843 3234 1844 3234 1592 3234 1845 3235 1846 3235 1588 3235 1847 3236 1845 3236 1588 3236 1587 122 1847 122 1588 122 1846 3237 1843 3237 1588 3237 1763 3238 1848 3238 1499 3238 1849 3239 1500 3239 1499 3239 1848 3240 1849 3240 1499 3240 1850 3241 1840 3241 1841 3241 1851 3242 1850 3242 1841 3242 1852 3243 1851 3243 1841 3243 1842 3244 1852 3244 1841 3244 1846 3245 1853 3245 1843 3245 1854 3246 1844 3246 1843 3246 1853 3247 1854 3247 1843 3247 1855 3248 1856 3248 1409 3248 1856 3249 1857 3249 1409 3249 1857 3250 1836 3250 1409 3250 1708 3251 1855 3251 1409 3251 1858 3252 1859 3252 1818 3252 1837 3253 1860 3253 1818 3253 1860 3254 1858 3254 1818 3254 1859 3255 1819 3255 1818 3255 1861 3256 1579 3256 1840 3256 1850 3257 1861 3257 1840 3257 1862 3258 1863 3258 1846 3258 1845 3259 1862 3259 1846 3259 1863 3260 1853 3260 1846 3260 1864 3261 1482 3261 1838 3261 1865 3262 1864 3262 1838 3262 1866 3263 1865 3263 1838 3263 1839 3264 1866 3264 1838 3264 1763 3265 1867 3265 1848 3265 1868 3266 1849 3266 1848 3266 1867 3267 1868 3267 1848 3267 1869 3268 1850 3268 1851 3268 1870 3269 1869 3269 1851 3269 1871 3270 1870 3270 1851 3270 1852 3271 1871 3271 1851 3271 1863 3272 1870 3272 1853 3272 1872 3273 1854 3273 1853 3273 1870 3274 1872 3274 1853 3274 1873 3275 1869 3275 1870 3275 1863 3276 1873 3276 1870 3276 1871 3277 1872 3277 1870 3277 1874 3278 1856 3278 1855 3278 1875 3279 1874 3279 1855 3279 1708 3280 1875 3280 1855 3280 1858 3281 1876 3281 1859 3281 1876 3282 1877 3282 1859 3282 1877 3283 1878 3283 1859 3283 1878 3284 1819 3284 1859 3284 1879 3285 1861 3285 1850 3285 1869 3286 1879 3286 1850 3286 1880 3287 1873 3287 1863 3287 1862 3288 1880 3288 1863 3288 1881 3289 1864 3289 1865 3289 1882 3290 1881 3290 1865 3290 1883 3291 1882 3291 1865 3291 1866 3292 1883 3292 1865 3292 1763 3293 1884 3293 1867 3293 1884 3294 1885 3294 1867 3294 1886 3295 1868 3295 1867 3295 1885 3296 1886 3296 1867 3296 1887 3297 1875 3297 1708 3297 1709 3298 1888 3298 1708 3298 1888 3299 1887 3299 1708 3299 1420 3300 1889 3300 1712 3300 1889 3301 1890 3301 1712 3301 1890 3302 1714 3302 1712 3302 1891 3303 1420 3303 1715 3303 1716 3304 1892 3304 1715 3304 1892 3305 1891 3305 1715 3305 1437 3306 1893 3306 1719 3306 1893 3307 1894 3307 1719 3307 1894 3308 1721 3308 1719 3308 1895 3309 1437 3309 1722 3309 1723 3310 1896 3310 1722 3310 1896 3311 1895 3311 1722 3311 1445 3312 1897 3312 1726 3312 1897 3313 1898 3313 1726 3313 1898 3314 1728 3314 1726 3314 1899 3315 1445 3315 1729 3315 1730 3316 1900 3316 1729 3316 1900 3317 1899 3317 1729 3317 1453 3318 1901 3318 1733 3318 1901 3319 1902 3319 1733 3319 1902 3320 1735 3320 1733 3320 1903 3321 1453 3321 1736 3321 1737 3322 1904 3322 1736 3322 1904 3323 1903 3323 1736 3323 1462 3324 1905 3324 1740 3324 1905 3325 1906 3325 1740 3325 1906 3326 1742 3326 1740 3326 1907 3327 1462 3327 1743 3327 1744 3328 1908 3328 1743 3328 1908 3329 1907 3329 1743 3329 1470 3330 1909 3330 1747 3330 1909 3331 1910 3331 1747 3331 1910 3332 1749 3332 1747 3332 1911 3333 1470 3333 1750 3333 1751 3334 1912 3334 1750 3334 1912 3335 1911 3335 1750 3335 1913 3336 1914 3336 1754 3336 1757 3337 1913 3337 1754 3337 1914 3338 1915 3338 1754 3338 1915 3339 1756 3339 1754 3339 1758 3340 1916 3340 1757 3340 1916 3341 1913 3341 1757 3341 1864 3342 1917 3342 1482 3342 1917 3343 1762 3343 1482 3343 1764 3344 1918 3344 1763 3344 1918 3345 1884 3345 1763 3345 1506 3346 1919 3346 1767 3346 1919 3347 1920 3347 1767 3347 1920 3348 1769 3348 1767 3348 1921 3349 1506 3349 1770 3349 1771 3350 1922 3350 1770 3350 1922 3351 1921 3351 1770 3351 1518 3352 1923 3352 1774 3352 1923 3353 1924 3353 1774 3353 1924 3354 1776 3354 1774 3354 1925 3355 1518 3355 1777 3355 1778 3356 1926 3356 1777 3356 1926 3357 1925 3357 1777 3357 1527 3358 1927 3358 1781 3358 1927 3359 1928 3359 1781 3359 1928 3360 1783 3360 1781 3360 1929 3361 1527 3361 1784 3361 1785 3362 1930 3362 1784 3362 1930 3363 1929 3363 1784 3363 1537 3364 1931 3364 1788 3364 1931 3365 1932 3365 1788 3365 1932 3366 1790 3366 1788 3366 1933 3367 1537 3367 1791 3367 1792 3368 1934 3368 1791 3368 1934 3369 1933 3369 1791 3369 1547 3370 1935 3370 1795 3370 1935 3371 1936 3371 1795 3371 1936 3372 1797 3372 1795 3372 1937 3373 1547 3373 1798 3373 1799 3374 1938 3374 1798 3374 1938 3375 1937 3375 1798 3375 1556 3376 1939 3376 1802 3376 1939 3377 1940 3377 1802 3377 1940 3366 1804 3366 1802 3366 1941 3378 1556 3378 1805 3378 1806 3379 1942 3379 1805 3379 1942 3380 1941 3380 1805 3380 1563 3381 1943 3381 1809 3381 1943 3382 1944 3382 1809 3382 1944 3383 1811 3383 1809 3383 1945 3384 1563 3384 1812 3384 1813 3385 1946 3385 1812 3385 1946 3386 1945 3386 1812 3386 1878 3387 1947 3387 1819 3387 1947 3388 1822 3388 1819 3388 1948 3389 1875 3389 1887 3389 1949 3390 1948 3390 1887 3390 1888 3391 1950 3391 1887 3391 1950 3392 1949 3392 1887 3392 1420 3393 1951 3393 1889 3393 1951 3394 1952 3394 1889 3394 1952 3395 1890 3395 1889 3395 1953 3396 1420 3396 1891 3396 1892 3397 1954 3397 1891 3397 1954 3398 1953 3398 1891 3398 1437 3399 1955 3399 1893 3399 1955 3400 1956 3400 1893 3400 1956 3401 1894 3401 1893 3401 1957 3402 1437 3402 1895 3402 1896 3403 1958 3403 1895 3403 1958 3404 1957 3404 1895 3404 1445 3405 1959 3405 1897 3405 1959 3406 1960 3406 1897 3406 1960 3407 1898 3407 1897 3407 1961 3408 1445 3408 1899 3408 1900 3409 1962 3409 1899 3409 1962 3410 1961 3410 1899 3410 1453 3411 1963 3411 1901 3411 1963 3412 1964 3412 1901 3412 1964 3413 1902 3413 1901 3413 1965 3414 1453 3414 1903 3414 1904 3415 1966 3415 1903 3415 1966 3416 1965 3416 1903 3416 1462 3417 1967 3417 1905 3417 1967 3394 1968 3394 1905 3394 1968 3395 1906 3395 1905 3395 1969 3418 1462 3418 1907 3418 1908 3419 1970 3419 1907 3419 1970 3420 1969 3420 1907 3420 1470 3421 1971 3421 1909 3421 1971 3422 1972 3422 1909 3422 1972 3423 1910 3423 1909 3423 1973 3424 1470 3424 1911 3424 1912 3425 1974 3425 1911 3425 1974 3426 1973 3426 1911 3426 1913 3427 1975 3427 1914 3427 1975 3428 1976 3428 1914 3428 1976 3395 1915 3395 1914 3395 1977 3429 1975 3429 1913 3429 1916 3430 1978 3430 1913 3430 1978 3431 1977 3431 1913 3431 1881 3432 1979 3432 1864 3432 1979 3428 1980 3428 1864 3428 1980 3433 1917 3433 1864 3433 1881 3434 1885 3434 1884 3434 1981 3435 1881 3435 1884 3435 1918 3357 1982 3357 1884 3357 1982 3436 1981 3436 1884 3436 1506 3437 1983 3437 1919 3437 1983 3438 1984 3438 1919 3438 1984 3439 1920 3439 1919 3439 1985 3440 1506 3440 1921 3440 1922 3441 1986 3441 1921 3441 1986 3442 1985 3442 1921 3442 1518 3443 1987 3443 1923 3443 1987 3438 1988 3438 1923 3438 1988 3444 1924 3444 1923 3444 1989 3445 1518 3445 1925 3445 1926 3403 1990 3403 1925 3403 1990 3446 1989 3446 1925 3446 1527 3447 1991 3447 1927 3447 1991 3448 1992 3448 1927 3448 1992 3449 1928 3449 1927 3449 1993 3396 1527 3396 1929 3396 1930 3450 1994 3450 1929 3450 1994 3451 1993 3451 1929 3451 1537 3452 1995 3452 1931 3452 1995 3453 1996 3453 1931 3453 1996 3454 1932 3454 1931 3454 1997 3455 1537 3455 1933 3455 1934 3456 1998 3456 1933 3456 1998 3457 1997 3457 1933 3457 1547 3458 1999 3458 1935 3458 1999 3394 2000 3394 1935 3394 2000 3459 1936 3459 1935 3459 2001 3460 1547 3460 1937 3460 1938 3441 2002 3441 1937 3441 2002 3461 2001 3461 1937 3461 1556 3462 2003 3462 1939 3462 2003 3463 2004 3463 1939 3463 2004 3464 1940 3464 1939 3464 2005 3465 1556 3465 1941 3465 1942 3466 2006 3466 1941 3466 2006 3467 2005 3467 1941 3467 1563 3468 2007 3468 1943 3468 2007 3469 2008 3469 1943 3469 2008 3470 1944 3470 1943 3470 2009 3471 1563 3471 1945 3471 1946 3472 2010 3472 1945 3472 2010 3473 2009 3473 1945 3473 1877 3474 2011 3474 1878 3474 2011 3475 2012 3475 1878 3475 2012 3476 1947 3476 1878 3476 2013 3477 1879 3477 1869 3477 1873 3478 2013 3478 1869 3478 1880 3479 2013 3479 1873 3479 2014 3480 1881 3480 1882 3480 2015 3481 2014 3481 1882 3481 1883 3482 2015 3482 1882 3482 1881 3483 2014 3483 1885 3483 2014 3484 1886 3484 1885 3484 2016 3485 1948 3485 1949 3485 1950 3486 2017 3486 1949 3486 2017 3487 2016 3487 1949 3487 1420 3488 2016 3488 1951 3488 2016 3489 2018 3489 1951 3489 2018 3490 1952 3490 1951 3490 2019 3491 1420 3491 1953 3491 1954 3492 2020 3492 1953 3492 2020 3493 2019 3493 1953 3493 1437 3494 2019 3494 1955 3494 2019 3495 2021 3495 1955 3495 2021 3496 1956 3496 1955 3496 2022 3497 1437 3497 1957 3497 1958 3498 2023 3498 1957 3498 2023 3499 2022 3499 1957 3499 1445 3500 2022 3500 1959 3500 2022 3501 2024 3501 1959 3501 2024 3502 1960 3502 1959 3502 2025 3503 1445 3503 1961 3503 1962 3504 2026 3504 1961 3504 2026 3505 2025 3505 1961 3505 1453 3506 2025 3506 1963 3506 2025 3507 2027 3507 1963 3507 2027 3508 1964 3508 1963 3508 2028 3509 1453 3509 1965 3509 1966 3510 2029 3510 1965 3510 2029 3511 2028 3511 1965 3511 1462 3512 2028 3512 1967 3512 2028 3513 2030 3513 1967 3513 2030 3514 1968 3514 1967 3514 2031 3515 1462 3515 1969 3515 1970 3516 2032 3516 1969 3516 2032 3517 2031 3517 1969 3517 1470 3518 2031 3518 1971 3518 2031 3519 2033 3519 1971 3519 2033 3490 1972 3490 1971 3490 2034 3520 1470 3520 1973 3520 1974 3521 2035 3521 1973 3521 2035 3522 2034 3522 1973 3522 1881 3523 2034 3523 1975 3523 2036 3524 1881 3524 1975 3524 1977 3525 2036 3525 1975 3525 2034 3526 2037 3526 1975 3526 2037 3527 1976 3527 1975 3527 1978 3528 2038 3528 1977 3528 2038 3529 2036 3529 1977 3529 1881 3530 2036 3530 1979 3530 2036 3501 2039 3501 1979 3501 2039 3531 1980 3531 1979 3531 2040 3532 1881 3532 1981 3532 1982 3533 2041 3533 1981 3533 2041 3534 2040 3534 1981 3534 1506 3535 2040 3535 1983 3535 2040 3536 2042 3536 1983 3536 2042 3537 1984 3537 1983 3537 2043 3538 1506 3538 1985 3538 1986 3539 2044 3539 1985 3539 2044 3540 2043 3540 1985 3540 1518 3541 2043 3541 1987 3541 2043 3501 2045 3501 1987 3501 2045 3513 1988 3513 1987 3513 2046 3503 1518 3503 1989 3503 1990 3542 2047 3542 1989 3542 2047 3543 2046 3543 1989 3543 1527 3544 2046 3544 1991 3544 2046 3545 2048 3545 1991 3545 2048 3502 1992 3502 1991 3502 2049 3546 1527 3546 1993 3546 1994 3547 2050 3547 1993 3547 2050 3548 2049 3548 1993 3548 1537 3549 2049 3549 1995 3549 2049 3501 2051 3501 1995 3501 2051 3550 1996 3550 1995 3550 2052 3551 1537 3551 1997 3551 1998 3552 2053 3552 1997 3552 2053 3553 2052 3553 1997 3553 1547 3554 2052 3554 1999 3554 2052 3555 2054 3555 1999 3555 2054 3556 2000 3556 1999 3556 2055 3557 1547 3557 2001 3557 2002 3558 2056 3558 2001 3558 2056 3559 2055 3559 2001 3559 1556 3560 2055 3560 2003 3560 2055 3561 2057 3561 2003 3561 2057 3562 2004 3562 2003 3562 2058 3563 1556 3563 2005 3563 2006 3564 2059 3564 2005 3564 2059 3565 2058 3565 2005 3565 1563 3566 2058 3566 2007 3566 2058 3567 2060 3567 2007 3567 2060 3568 2008 3568 2007 3568 2061 3569 1563 3569 2009 3569 2062 3570 2061 3570 2009 3570 2010 3571 2063 3571 2009 3571 2063 3572 2062 3572 2009 3572 2061 3573 2062 3573 2011 3573 1877 3574 2061 3574 2011 3574 2062 3575 2064 3575 2011 3575 2064 3576 2012 3576 2011 3576 2015 3577 1886 3577 2014 3577 1420 3578 1948 3578 2016 3578 2017 3579 2018 3579 2016 3579 1437 3580 1420 3580 2019 3580 2020 3581 2021 3581 2019 3581 1445 3582 1437 3582 2022 3582 2023 3583 2024 3583 2022 3583 1453 3584 1445 3584 2025 3584 2026 3585 2027 3585 2025 3585 1462 3586 1453 3586 2028 3586 2029 3587 2030 3587 2028 3587 1470 3588 1462 3588 2031 3588 2032 3589 2033 3589 2031 3589 1881 3590 1470 3590 2034 3590 2035 3591 2037 3591 2034 3591 2038 3592 2039 3592 2036 3592 1506 3593 1881 3593 2040 3593 2041 3594 2042 3594 2040 3594 1518 3595 1506 3595 2043 3595 2044 3596 2045 3596 2043 3596 1527 3597 1518 3597 2046 3597 2047 3598 2048 3598 2046 3598 1537 3599 1527 3599 2049 3599 2050 3600 2051 3600 2049 3600 1547 3601 1537 3601 2052 3601 2053 3602 2054 3602 2052 3602 1556 3603 1547 3603 2055 3603 2056 3604 2057 3604 2055 3604 1563 3605 1556 3605 2058 3605 2059 3606 2060 3606 2058 3606 2063 3607 2064 3607 2062 3607 2065 3608 1874 3608 1875 3608 2066 3609 2065 3609 1875 3609 2067 3610 2066 3610 1875 3610 1948 3611 2067 3611 1875 3611 2068 3612 2061 3612 1877 3612 1876 3613 2069 3613 1877 3613 2069 3614 2068 3614 1877 3614 2070 3615 1948 3615 1420 3615 1437 3616 2071 3616 1420 3616 2071 3617 2072 3617 1420 3617 2072 3618 2070 3618 1420 3618 1445 3619 2073 3619 1437 3619 2073 3620 2071 3620 1437 3620 1453 3619 2074 3619 1445 3619 2074 3621 2073 3621 1445 3621 1462 3622 2075 3622 1453 3622 2075 3623 2074 3623 1453 3623 1470 3624 2076 3624 1462 3624 2076 3625 2075 3625 1462 3625 1881 3626 2077 3626 1470 3626 2077 3627 2076 3627 1470 3627 1506 3628 2078 3628 1881 3628 2078 3629 2077 3629 1881 3629 1518 3619 2079 3619 1506 3619 2079 3630 2078 3630 1506 3630 1527 3631 2080 3631 1518 3631 2080 3632 2079 3632 1518 3632 1537 3633 2081 3633 1527 3633 2081 3634 2080 3634 1527 3634 1547 3635 2082 3635 1537 3635 2082 3636 2081 3636 1537 3636 1556 3637 2083 3637 1547 3637 2083 3638 2082 3638 1547 3638 1563 3633 2084 3633 1556 3633 2084 3639 2083 3639 1556 3639 2061 3640 2085 3640 1563 3640 2085 3641 2086 3641 1563 3641 2086 3642 2084 3642 1563 3642 2087 3643 2067 3643 1948 3643 2088 3644 2087 3644 1948 3644 2070 3645 2088 3645 1948 3645 2089 3646 2085 3646 2061 3646 2090 3647 2089 3647 2061 3647 2068 3648 2091 3648 2061 3648 2091 3649 2090 3649 2061 3649 2092 3650 2087 3650 2088 3650 2093 3651 2092 3651 2088 3651 2070 3652 2093 3652 2088 3652 2094 3653 2086 3653 2085 3653 2095 3654 2094 3654 2085 3654 2089 3655 2095 3655 2085 3655 2096 3656 2093 3656 2070 3656 2072 3657 2096 3657 2070 3657 2097 3658 2096 3658 2072 3658 2071 3659 2097 3659 2072 3659 2073 3660 2097 3660 2071 3660 2074 3661 2097 3661 2073 3661 2075 3662 2098 3662 2074 3662 2098 3663 2097 3663 2074 3663 2076 3664 2098 3664 2075 3664 2077 3665 2098 3665 2076 3665 2078 3666 2098 3666 2077 3666 2079 3667 2094 3667 2078 3667 2094 3668 2098 3668 2078 3668 2080 3669 2094 3669 2079 3669 2081 3670 2094 3670 2080 3670 2082 3667 2094 3667 2081 3667 2083 3671 2094 3671 2082 3671 2084 3672 2094 3672 2083 3672 2086 3673 2094 3673 2084 3673 2099 3674 2100 3674 2101 3674 1571 3675 2099 3675 2101 3675 1573 3676 1571 3676 2101 3676 2100 3677 1573 3677 2101 3677 1391 3678 2102 3678 1396 3678 2102 3679 2103 3679 1396 3679 2103 3680 1397 3680 1396 3680 1593 3681 2104 3681 1402 3681 2104 3682 1401 3682 1402 3682 1560 3683 2099 3683 1571 3683 2105 3684 2106 3684 2104 3684 2107 3685 2105 3685 2104 3685 1593 3686 2107 3686 2104 3686 2108 3687 1401 3687 2104 3687 2109 3688 2108 3688 2104 3688 2106 3689 2109 3689 2104 3689 2110 3690 1388 3690 1394 3690 2111 3691 2110 3691 1394 3691 1395 3692 2112 3692 1394 3692 2112 3693 2113 3693 1394 3693 2113 3694 2114 3694 1394 3694 2114 3695 2115 3695 1394 3695 2115 3696 2111 3696 1394 3696 1598 3697 2107 3697 1593 3697 2100 3698 1595 3698 1573 3698 2116 3699 2107 3699 1598 3699 2117 3700 2116 3700 1598 3700 1599 3701 2117 3701 1598 3701 2118 3702 1603 3702 1595 3702 2119 3703 2118 3703 1595 3703 2100 3704 2119 3704 1595 3704 2105 3705 2120 3705 2106 3705 2120 3706 2109 3706 2106 3706 2121 3707 2122 3707 2111 3707 2122 3708 2110 3708 2111 3708 2115 3709 2123 3709 2111 3709 2123 3710 2121 3710 2111 3710 1828 3711 2124 3711 1671 3711 2124 3712 1600 3712 1671 3712 1602 3713 1825 3713 1673 3713 2107 3714 2125 3714 2105 3714 2125 3715 2120 3715 2105 3715 2126 3716 2122 3716 2121 3716 2127 3717 2126 3717 2121 3717 2123 3718 2128 3718 2121 3718 2128 3719 2127 3719 2121 3719 2102 3720 2129 3720 2103 3720 2129 3721 1397 3721 2103 3721 2130 3722 2122 3722 2126 3722 2131 3723 2130 3723 2126 3723 2127 3724 2131 3724 2126 3724 2132 3725 2133 3725 2107 3725 2116 3726 2132 3726 2107 3726 2133 3727 2134 3727 2107 3727 2134 3728 2125 3728 2107 3728 2135 3729 2110 3729 2122 3729 2130 3730 2135 3730 2122 3730 1857 3731 1829 3731 1836 3731 2136 3732 1860 3732 1837 3732 1831 3733 2136 3733 1837 3733 1830 3734 2137 3734 1828 3734 2137 3735 2124 3735 1828 3735 2138 3736 1832 3736 1825 3736 1602 3737 2138 3737 1825 3737 2132 3738 2139 3738 2133 3738 2139 3739 2140 3739 2133 3739 2140 3740 2134 3740 2133 3740 2099 3741 2141 3741 2100 3741 2141 3742 2119 3742 2100 3742 2142 3743 2139 3743 2132 3743 2116 3744 2143 3744 2132 3744 2143 3745 2144 3745 2132 3745 2144 3746 2142 3746 2132 3746 2145 3747 2130 3747 2131 3747 2127 3748 2145 3748 2131 3748 2142 3749 2146 3749 2139 3749 2146 3750 2147 3750 2139 3750 2147 3751 2140 3751 2139 3751 2144 3752 2146 3752 2142 3752 2148 3753 2130 3753 2145 3753 2149 3754 2150 3754 2145 3754 2150 3755 2148 3755 2145 3755 2127 3756 2149 3756 2145 3756 2151 3757 1829 3757 1857 3757 1856 3758 2151 3758 1857 3758 2152 3759 1858 3759 1860 3759 2136 3760 2152 3760 1860 3760 2153 3761 2146 3761 2144 3761 2143 3762 2153 3762 2144 3762 2154 3763 2155 3763 2148 3763 2155 3764 2130 3764 2148 3764 2150 3765 2154 3765 2148 3765 2124 3766 1599 3766 1600 3766 1603 3767 2156 3767 1602 3767 2156 3768 2138 3768 1602 3768 2157 3769 2155 3769 2154 3769 2158 3770 2159 3770 2154 3770 2159 3771 2157 3771 2154 3771 2150 3772 2158 3772 2154 3772 2160 3773 1599 3773 2124 3773 2137 3774 2160 3774 2124 3774 2156 3775 2161 3775 2138 3775 2161 3776 2162 3776 2138 3776 2162 3777 1832 3777 2138 3777 2160 3778 2117 3778 1599 3778 2118 3779 2156 3779 1603 3779 2163 3780 1381 3780 1388 3780 2164 3781 2163 3781 1388 3781 2110 3782 2164 3782 1388 3782 2165 3783 2102 3783 1391 3783 2166 3784 2165 3784 1391 3784 1383 3785 2166 3785 1391 3785 2167 3786 2117 3786 2160 3786 2137 3787 2167 3787 2160 3787 2118 3788 2161 3788 2156 3788 2116 3789 2168 3789 2143 3789 2169 3790 2153 3790 2143 3790 2168 3791 2169 3791 2143 3791 2116 3792 2170 3792 2168 3792 2171 3793 2169 3793 2168 3793 2170 3794 2171 3794 2168 3794 2172 3795 2173 3795 2157 3795 2173 3796 2155 3796 2157 3796 2159 3797 2172 3797 2157 3797 2174 3798 1375 3798 1381 3798 2163 3799 2174 3799 1381 3799 1375 3800 2166 3800 1383 3800 2151 3801 2175 3801 1829 3801 2175 3802 1830 3802 1829 3802 1832 3803 2136 3803 1831 3803 2176 3804 2177 3804 2172 3804 2177 3805 2173 3805 2172 3805 2178 3806 2176 3806 2172 3806 2159 3807 2178 3807 2172 3807 2102 3808 2179 3808 2129 3808 2179 3809 2180 3809 2129 3809 2180 3810 1397 3810 2129 3810 2181 3811 2164 3811 2110 3811 2135 3812 2181 3812 2110 3812 2182 3813 2179 3813 2102 3813 2165 3814 2182 3814 2102 3814 2099 3815 2183 3815 2141 3815 2184 3816 2119 3816 2141 3816 2183 3817 2184 3817 2141 3817 1856 3818 2185 3818 2151 3818 2185 3819 2175 3819 2151 3819 1832 3820 2186 3820 2136 3820 2187 3821 2152 3821 2136 3821 2186 3822 2187 3822 2136 3822 2116 3823 2188 3823 2170 3823 2188 3824 2189 3824 2170 3824 2190 3825 2171 3825 2170 3825 2189 3826 2190 3826 2170 3826 2191 3827 2177 3827 2176 3827 2178 3828 2191 3828 2176 3828 2192 3829 2166 3829 1375 3829 2174 3830 2192 3830 1375 3830 2167 3831 2193 3831 2117 3831 2193 3832 2116 3832 2117 3832 2119 3833 2194 3833 2118 3833 2194 3834 2195 3834 2118 3834 2195 3835 2161 3835 2118 3835 2196 3836 2197 3836 2116 3836 2197 3837 2188 3837 2116 3837 2198 3838 2196 3838 2116 3838 2199 3839 2198 3839 2116 3839 2193 3840 2200 3840 2116 3840 2200 3841 2199 3841 2116 3841 2184 3842 2201 3842 2119 3842 2201 3843 2194 3843 2119 3843 2202 3844 2189 3844 2188 3844 2197 3845 2202 3845 2188 3845 2203 3846 2173 3846 2177 3846 2204 3847 2203 3847 2177 3847 2191 3848 2204 3848 2177 3848 2175 3849 2205 3849 1830 3849 2205 3850 2137 3850 1830 3850 2162 3851 2186 3851 1832 3851 2203 3852 2206 3852 2173 3852 2206 3853 2207 3853 2173 3853 2207 3854 2155 3854 2173 3854 2196 3855 2202 3855 2197 3855 2185 3856 2208 3856 2175 3856 2208 3857 2205 3857 2175 3857 2209 3858 2210 3858 2186 3858 2162 3859 2209 3859 2186 3859 2211 3860 2187 3860 2186 3860 2210 3861 2211 3861 2186 3861 2212 3862 2206 3862 2203 3862 2204 3863 2212 3863 2203 3863 2213 3864 2202 3864 2196 3864 2198 3865 2213 3865 2196 3865 2214 3866 2207 3866 2206 3866 2212 3867 2214 3867 2206 3867 2205 3868 2167 3868 2137 3868 2161 3869 2215 3869 2162 3869 2215 3870 2209 3870 2162 3870 2216 3871 2130 3871 2155 3871 2207 3872 2217 3872 2155 3872 2217 3873 2216 3873 2155 3873 2218 3874 2135 3874 2130 3874 2216 3875 2218 3875 2130 3875 2219 3876 2193 3876 2167 3876 2205 3877 2219 3877 2167 3877 2195 3878 2215 3878 2161 3878 2208 3879 2220 3879 2205 3879 2220 3880 2219 3880 2205 3880 2215 3881 2221 3881 2209 3881 2221 3882 2222 3882 2209 3882 2222 3883 2210 3883 2209 3883 1874 3884 2185 3884 1856 3884 2223 3885 1876 3885 1858 3885 2152 3886 2223 3886 1858 3886 2224 3887 2193 3887 2219 3887 2220 3888 2224 3888 2219 3888 2195 3889 2221 3889 2215 3889 2217 3890 2225 3890 2216 3890 2225 3891 2226 3891 2216 3891 2226 3892 2227 3892 2216 3892 2227 3893 2228 3893 2216 3893 2228 3894 2218 3894 2216 3894 2229 3895 2230 3895 2207 3895 2230 3896 2231 3896 2207 3896 2231 3897 2217 3897 2207 3897 2232 3898 2233 3898 2207 3898 2233 3899 2234 3899 2207 3899 2234 3900 2229 3900 2207 3900 2235 3901 2236 3901 2207 3901 2236 3902 2237 3902 2207 3902 2237 3903 2238 3903 2207 3903 2238 3904 2239 3904 2207 3904 2240 3905 2241 3905 2207 3905 2241 3906 2242 3906 2207 3906 2242 3907 2243 3907 2207 3907 2244 3908 2245 3908 2207 3908 2245 3909 2246 3909 2207 3909 2246 3910 2235 3910 2207 3910 2247 3911 2248 3911 2207 3911 2243 3912 2249 3912 2207 3912 2249 3913 2250 3913 2207 3913 2250 3914 2251 3914 2207 3914 2251 3915 2252 3915 2207 3915 2252 3916 2253 3916 2207 3916 2253 3917 2244 3917 2207 3917 2239 3918 2254 3918 2207 3918 2254 3919 2255 3919 2207 3919 2255 3920 2247 3920 2207 3920 2248 3921 2256 3921 2207 3921 2256 3922 2257 3922 2207 3922 2257 3923 2232 3923 2207 3923 2214 3924 2240 3924 2207 3924 2199 3925 2258 3925 2198 3925 2259 3926 2213 3926 2198 3926 2258 3927 2259 3927 2198 3927 2231 3928 2225 3928 2217 3928 2260 3929 2135 3929 2218 3929 2228 3930 2260 3930 2218 3930 2261 3931 2225 3931 2231 3931 2230 3932 2261 3932 2231 3932 2262 3933 2069 3933 1876 3933 2223 3934 2262 3934 1876 3934 2263 3935 2261 3935 2230 3935 2229 3936 2263 3936 2230 3936 2264 3937 2068 3937 2069 3937 2262 3938 2264 3938 2069 3938 2065 3939 2265 3939 1874 3939 2265 3940 2185 3940 1874 3940 2266 3941 2263 3941 2229 3941 2267 3942 2266 3942 2229 3942 2234 3943 2267 3943 2229 3943 2187 3944 2223 3944 2152 3944 2268 3945 2258 3945 2199 3945 2200 3946 2269 3946 2199 3946 2269 3947 2268 3947 2199 3947 2183 3948 2270 3948 2184 3948 2270 3949 2271 3949 2184 3949 2271 3950 2201 3950 2184 3950 2272 3951 2181 3951 2135 3951 2260 3952 2272 3952 2135 3952 2273 3953 2180 3953 2179 3953 2274 3954 2273 3954 2179 3954 2182 3955 2274 3955 2179 3955 2066 3956 2275 3956 2065 3956 2275 3957 2265 3957 2065 3957 2265 3958 2208 3958 2185 3958 2276 3959 2223 3959 2187 3959 2211 3960 2276 3960 2187 3960 2277 3961 2267 3961 2234 3961 2233 3962 2277 3962 2234 3962 2228 3963 2272 3963 2260 3963 2268 3964 2278 3964 2258 3964 2278 3965 2259 3965 2258 3965 2067 3966 2279 3966 2066 3966 2279 3967 2275 3967 2066 3967 2280 3968 2091 3968 2068 3968 2264 3969 2280 3969 2068 3969 2276 3970 2262 3970 2223 3970 2273 3971 2281 3971 2180 3971 2281 3972 1397 3972 2180 3972 2265 3973 2282 3973 2208 3973 2282 3974 2220 3974 2208 3974 2210 3975 2276 3975 2211 3975 2099 3976 2283 3976 2183 3976 2283 3977 2270 3977 2183 3977 2232 3978 2284 3978 2233 3978 2284 3979 2285 3979 2233 3979 2285 3980 2277 3980 2233 3980 2276 3981 2286 3981 2262 3981 2287 3982 2264 3982 2262 3982 2286 3983 2287 3983 2262 3983 2288 3984 2181 3984 2272 3984 2228 3985 2289 3985 2272 3985 2289 3986 2290 3986 2272 3986 2290 3987 2291 3987 2272 3987 2291 3988 2292 3988 2272 3988 2292 3989 2293 3989 2272 3989 2293 92 2294 92 2272 92 2294 3990 2295 3990 2272 3990 2295 3991 2288 3991 2272 3991 2275 3992 2296 3992 2265 3992 2296 3993 2282 3993 2265 3993 2282 3994 2224 3994 2220 3994 2222 3995 2276 3995 2210 3995 2164 3996 2297 3996 2163 3996 2297 3997 2298 3997 2163 3997 2298 3998 2174 3998 2163 3998 2299 3999 2182 3999 2165 3999 2300 4000 2299 4000 2165 4000 2166 4001 2300 4001 2165 4001 2221 4002 2301 4002 2222 4002 2301 4003 2276 4003 2222 4003 2279 4004 2296 4004 2275 4004 2087 4005 2302 4005 2067 4005 2302 4006 2279 4006 2067 4006 2303 4007 2090 4007 2091 4007 2280 4008 2303 4008 2091 4008 2181 4009 2304 4009 2164 4009 2304 4010 2297 4010 2164 4010 2305 4011 2274 4011 2182 4011 2299 4012 2305 4012 2182 4012 2306 4013 2193 4013 2224 4013 2282 4014 2306 4014 2224 4014 2195 4015 2301 4015 2221 4015 2301 4016 2307 4016 2276 4016 2307 4017 2286 4017 2276 4017 2302 4018 2308 4018 2279 4018 2308 4019 2296 4019 2279 4019 2309 4020 2280 4020 2264 4020 2287 4021 2309 4021 2264 4021 2298 4022 2310 4022 2174 4022 2310 4023 2192 4023 2174 4023 2192 4024 2300 4024 2166 4024 2195 4025 2307 4025 2301 4025 2311 4026 2287 4026 2286 4026 2307 4027 2311 4027 2286 4027 2296 4028 2306 4028 2282 4028 2312 4029 2284 4029 2232 4029 2257 4030 2312 4030 2232 4030 2313 4031 2306 4031 2296 4031 2308 4032 2313 4032 2296 4032 2195 4033 2311 4033 2307 4033 2313 4034 2193 4034 2306 4034 2314 4035 2181 4035 2288 4035 2295 4036 2314 4036 2288 4036 2092 4037 2315 4037 2087 4037 2315 4038 2302 4038 2087 4038 2316 4039 2089 4039 2090 4039 2303 4040 2316 4040 2090 4040 2317 4041 2095 4041 2089 4041 2316 4042 2317 4042 2089 4042 2315 4043 2318 4043 2302 4043 2318 4044 2308 4044 2302 4044 2319 4045 2303 4045 2280 4045 2309 4046 2319 4046 2280 4046 2320 4047 2193 4047 2313 4047 2308 4048 2320 4048 2313 4048 2318 4049 2320 4049 2308 4049 2321 4050 2309 4050 2287 4050 2311 4051 2321 4051 2287 4051 2093 4052 2322 4052 2092 4052 2322 4053 2315 4053 2092 4053 2094 4054 2323 4054 2098 4054 2324 4055 2097 4055 2098 4055 2323 4056 2324 4056 2098 4056 2325 4057 2096 4057 2097 4057 2324 4058 2325 4058 2097 4058 2326 4059 2094 4059 2095 4059 2317 4060 2326 4060 2095 4060 2096 4061 2327 4061 2093 4061 2327 4062 2322 4062 2093 4062 2325 4063 2327 4063 2096 4063 2326 4064 2323 4064 2094 4064 2328 4065 2329 4065 2320 4065 2329 4066 2193 4066 2320 4066 2318 4067 2328 4067 2320 4067 2195 4068 2321 4068 2311 4068 2329 4069 2200 4069 2193 4069 2194 4070 2330 4070 2195 4070 2330 4071 2331 4071 2195 4071 2331 4072 2321 4072 2195 4072 2329 4073 2332 4073 2200 4073 2332 4074 2269 4074 2200 4074 2201 4075 2333 4075 2194 4075 2333 4076 2330 4076 2194 4076 2310 4077 2334 4077 2192 4077 2334 4078 2300 4078 2192 4078 2315 4079 2335 4079 2318 4079 2335 4080 2328 4080 2318 4080 2336 4081 2319 4081 2309 4081 2321 4082 2336 4082 2309 4082 2322 4083 2335 4083 2315 4083 2337 4084 2316 4084 2303 4084 2319 4085 2337 4085 2303 4085 2268 4086 2338 4086 2278 4086 2338 4087 2259 4087 2278 4087 2099 4088 2339 4088 2283 4088 2339 4089 2270 4089 2283 4089 2337 4090 2317 4090 2316 4090 2340 4091 2341 4091 2322 4091 2327 4092 2340 4092 2322 4092 2341 4093 2335 4093 2322 4093 2342 4094 2324 4094 2323 4094 2326 4095 2342 4095 2323 4095 2343 4096 2329 4096 2328 4096 2335 4097 2343 4097 2328 4097 2331 4098 2336 4098 2321 4098 2342 4099 2344 4099 2324 4099 2345 4100 2325 4100 2324 4100 2344 4101 2345 4101 2324 4101 2337 4102 2346 4102 2317 4102 2347 4103 2326 4103 2317 4103 2346 4104 2347 4104 2317 4104 2314 4105 2304 4105 2181 4105 2348 4106 2273 4106 2274 4106 2349 4107 2348 4107 2274 4107 2305 4108 2349 4108 2274 4108 2325 4109 2340 4109 2327 4109 2345 4110 2340 4110 2325 4110 2347 4111 2342 4111 2326 4111 2350 4112 2338 4112 2268 4112 2269 4113 2351 4113 2268 4113 2351 4114 2350 4114 2268 4114 2339 4115 2352 4115 2270 4115 2352 4116 2353 4116 2270 4116 2353 4117 2271 4117 2270 4117 2341 4118 2343 4118 2335 4118 2336 4119 2354 4119 2319 4119 2354 4120 2337 4120 2319 4120 2312 4121 2355 4121 2284 4121 2355 4122 2285 4122 2284 4122 2354 4123 2356 4123 2337 4123 2356 4124 2346 4124 2337 4124 2340 4125 2357 4125 2341 4125 2357 4126 2343 4126 2341 4126 2347 4127 2358 4127 2342 4127 2358 4128 2359 4128 2342 4128 2359 4129 2344 4129 2342 4129 2357 4130 2329 4130 2343 4130 2331 4131 2354 4131 2336 4131 2360 4132 2345 4132 2344 4132 2359 4133 2360 4133 2344 4133 2361 4134 2347 4134 2346 4134 2356 4135 2361 4135 2346 4135 2345 4136 2362 4136 2340 4136 2362 4137 2357 4137 2340 4137 2360 4138 2362 4138 2345 4138 2361 4139 2358 4139 2347 4139 2363 4140 2281 4140 2273 4140 2348 4141 2363 4141 2273 4141 2331 4142 2356 4142 2354 4142 2332 4143 2364 4143 2269 4143 2364 4144 2351 4144 2269 4144 2271 4145 2365 4145 2201 4145 2365 4146 2333 4146 2201 4146 2362 4147 2329 4147 2357 4147 2366 4148 2359 4148 2358 4148 2361 4149 2366 4149 2358 4149 2366 4150 2367 4150 2359 4150 2367 4151 2360 4151 2359 4151 2331 4152 2361 4152 2356 4152 2367 4153 2329 4153 2362 4153 2360 4154 2367 4154 2362 4154 2368 4155 2366 4155 2361 4155 2331 4156 2368 4156 2361 4156 2363 4157 2369 4157 2281 4157 2369 4158 1397 4158 2281 4158 2370 4159 1888 4159 1709 4159 1710 4160 2370 4160 1709 4160 2371 4161 1675 4161 1713 4161 1714 4162 2372 4162 1713 4162 2372 4163 2373 4163 1713 4163 2373 4164 2371 4164 1713 4164 2374 4159 1892 4159 1716 4159 1717 4165 2374 4165 1716 4165 2375 4166 1677 4166 1720 4166 1721 4167 2376 4167 1720 4167 2376 4168 2377 4168 1720 4168 2377 4169 2375 4169 1720 4169 2378 4170 1896 4170 1723 4170 1724 4171 2378 4171 1723 4171 2379 4172 1679 4172 1727 4172 1728 4173 2380 4173 1727 4173 2380 4174 2381 4174 1727 4174 2381 4175 2379 4175 1727 4175 2382 4176 1900 4176 1730 4176 1731 4177 2382 4177 1730 4177 2383 4172 1681 4172 1734 4172 1735 4178 2384 4178 1734 4178 2384 4179 2385 4179 1734 4179 2385 4180 2383 4180 1734 4180 2386 4181 1904 4181 1737 4181 1738 4182 2386 4182 1737 4182 2387 4183 1683 4183 1741 4183 1742 4184 2388 4184 1741 4184 2388 4185 2389 4185 1741 4185 2389 4186 2387 4186 1741 4186 2390 4187 1908 4187 1744 4187 1745 4188 2390 4188 1744 4188 2391 4189 1685 4189 1748 4189 1749 4190 2392 4190 1748 4190 2392 4191 2393 4191 1748 4191 2393 4192 2391 4192 1748 4192 2394 4193 1912 4193 1751 4193 1752 4194 2394 4194 1751 4194 2395 4195 1688 4195 1755 4195 1756 4196 2396 4196 1755 4196 2396 4197 2397 4197 1755 4197 2397 4198 2395 4198 1755 4198 2398 4199 1916 4199 1758 4199 1759 4200 2398 4200 1758 4200 2399 4201 1691 4201 1761 4201 1762 4202 2400 4202 1761 4202 2400 4203 2401 4203 1761 4203 2401 4204 2399 4204 1761 4204 2402 4205 1918 4205 1764 4205 1765 4206 2402 4206 1764 4206 2403 4207 1693 4207 1768 4207 1769 4208 2404 4208 1768 4208 2404 4209 2405 4209 1768 4209 2405 4210 2403 4210 1768 4210 2406 4211 1922 4211 1771 4211 1772 4212 2406 4212 1771 4212 2407 4213 1695 4213 1775 4213 1776 4214 2408 4214 1775 4214 2408 4215 2409 4215 1775 4215 2409 4174 2407 4174 1775 4174 2410 4216 1926 4216 1778 4216 1779 4217 2410 4217 1778 4217 2411 4218 1697 4218 1782 4218 1783 4219 2412 4219 1782 4219 2412 4220 2413 4220 1782 4220 2413 4221 2411 4221 1782 4221 2414 4222 1930 4222 1785 4222 1786 4223 2414 4223 1785 4223 2415 4224 1699 4224 1789 4224 1790 4225 2416 4225 1789 4225 2416 4191 2417 4191 1789 4191 2417 4226 2415 4226 1789 4226 2418 4227 1934 4227 1792 4227 1793 4228 2418 4228 1792 4228 2419 4207 1701 4207 1796 4207 1797 4229 2420 4229 1796 4229 2420 4230 2421 4230 1796 4230 2421 4220 2419 4220 1796 4220 2422 4231 1938 4231 1799 4231 1800 4232 2422 4232 1799 4232 2423 4233 1703 4233 1803 4233 1804 4234 2424 4234 1803 4234 2424 4235 2425 4235 1803 4235 2425 4236 2423 4236 1803 4236 2426 4237 1942 4237 1806 4237 1807 4238 2426 4238 1806 4238 2427 4239 1705 4239 1810 4239 1811 4240 2428 4240 1810 4240 2428 4241 2429 4241 1810 4241 2429 4242 2427 4242 1810 4242 2430 4243 1946 4243 1813 4243 1814 4244 2430 4244 1813 4244 2431 4245 1707 4245 1821 4245 1822 4246 2432 4246 1821 4246 2432 4163 2433 4163 1821 4163 2433 4247 2431 4247 1821 4247 2434 4248 1888 4248 2370 4248 1710 4249 2435 4249 2370 4249 2435 4250 2434 4250 2370 4250 1714 4251 2436 4251 2372 4251 2436 4252 2437 4252 2372 4252 2437 4253 2373 4253 2372 4253 2438 4254 1892 4254 2374 4254 1717 4255 2439 4255 2374 4255 2439 4256 2438 4256 2374 4256 1721 4257 2440 4257 2376 4257 2440 4258 2441 4258 2376 4258 2441 4259 2377 4259 2376 4259 2442 4260 1896 4260 2378 4260 1724 4261 2443 4261 2378 4261 2443 4262 2442 4262 2378 4262 1728 4263 2444 4263 2380 4263 2444 4264 2445 4264 2380 4264 2445 4265 2381 4265 2380 4265 2446 4266 1900 4266 2382 4266 1731 4267 2447 4267 2382 4267 2447 4268 2446 4268 2382 4268 1735 4269 2448 4269 2384 4269 2448 4270 2449 4270 2384 4270 2449 4271 2385 4271 2384 4271 2450 4272 1904 4272 2386 4272 1738 4273 2451 4273 2386 4273 2451 4274 2450 4274 2386 4274 1742 4275 2452 4275 2388 4275 2452 4265 2453 4265 2388 4265 2453 4276 2389 4276 2388 4276 2454 4277 1908 4277 2390 4277 1745 4278 2455 4278 2390 4278 2455 4279 2454 4279 2390 4279 1749 4280 2456 4280 2392 4280 2456 4281 2457 4281 2392 4281 2457 4282 2393 4282 2392 4282 2458 4283 1912 4283 2394 4283 1752 4284 2459 4284 2394 4284 2459 4285 2458 4285 2394 4285 1756 4286 2460 4286 2396 4286 2460 4287 2461 4287 2396 4287 2461 4288 2397 4288 2396 4288 2462 4289 1916 4289 2398 4289 1759 4290 2463 4290 2398 4290 2463 4291 2462 4291 2398 4291 1762 4292 2464 4292 2400 4292 2464 4293 2465 4293 2400 4293 2465 4294 2401 4294 2400 4294 2466 4295 1918 4295 2402 4295 1765 4296 2467 4296 2402 4296 2467 4297 2466 4297 2402 4297 1769 4298 2468 4298 2404 4298 2468 4299 2469 4299 2404 4299 2469 4300 2405 4300 2404 4300 2470 4301 1922 4301 2406 4301 1772 4302 2471 4302 2406 4302 2471 4303 2470 4303 2406 4303 1776 4304 2472 4304 2408 4304 2472 4305 2473 4305 2408 4305 2473 4300 2409 4300 2408 4300 2474 4306 1926 4306 2410 4306 1779 4307 2475 4307 2410 4307 2475 4308 2474 4308 2410 4308 1783 4309 2476 4309 2412 4309 2476 4310 2477 4310 2412 4310 2477 4311 2413 4311 2412 4311 2478 4312 1930 4312 2414 4312 1786 4313 2479 4313 2414 4313 2479 4314 2478 4314 2414 4314 1790 4315 2480 4315 2416 4315 2480 4316 2481 4316 2416 4316 2481 4317 2417 4317 2416 4317 2482 4306 1934 4306 2418 4306 1793 4318 2483 4318 2418 4318 2483 4319 2482 4319 2418 4319 1797 4320 2484 4320 2420 4320 2484 4321 2485 4321 2420 4321 2485 4322 2421 4322 2420 4322 2486 4323 1938 4323 2422 4323 1800 4324 2487 4324 2422 4324 2487 4325 2486 4325 2422 4325 1804 4326 2488 4326 2424 4326 2488 4327 2489 4327 2424 4327 2489 4328 2425 4328 2424 4328 2490 4329 1942 4329 2426 4329 1807 4330 2491 4330 2426 4330 2491 4331 2490 4331 2426 4331 1811 4332 2492 4332 2428 4332 2492 4252 2493 4252 2428 4252 2493 4333 2429 4333 2428 4333 2494 4334 1946 4334 2430 4334 1814 4335 2495 4335 2430 4335 2495 4336 2494 4336 2430 4336 1822 4337 2496 4337 2432 4337 2496 4338 2497 4338 2432 4338 2497 4339 2433 4339 2432 4339 2498 4340 1888 4340 2434 4340 2435 4341 2499 4341 2434 4341 2499 4342 2498 4342 2434 4342 1714 4343 2018 4343 2436 4343 2018 4344 2498 4344 2436 4344 2498 4345 2500 4345 2436 4345 2500 4346 2437 4346 2436 4346 2501 4347 1892 4347 2438 4347 2439 4348 2502 4348 2438 4348 2502 4349 2501 4349 2438 4349 2021 4350 2501 4350 2440 4350 1721 4351 2021 4351 2440 4351 2501 4352 2503 4352 2440 4352 2503 4353 2441 4353 2440 4353 2504 4354 1896 4354 2442 4354 2443 4355 2505 4355 2442 4355 2505 4356 2504 4356 2442 4356 1728 4357 2024 4357 2444 4357 2024 4358 2504 4358 2444 4358 2504 4359 2506 4359 2444 4359 2506 4360 2445 4360 2444 4360 2507 4361 1900 4361 2446 4361 2447 4362 2508 4362 2446 4362 2508 4363 2507 4363 2446 4363 2027 4364 2507 4364 2448 4364 1735 4365 2027 4365 2448 4365 2507 4366 2509 4366 2448 4366 2509 4367 2449 4367 2448 4367 2510 4368 1904 4368 2450 4368 2451 4369 2511 4369 2450 4369 2511 4370 2510 4370 2450 4370 2030 4371 2510 4371 2452 4371 1742 4372 2030 4372 2452 4372 2510 4373 2512 4373 2452 4373 2512 4374 2453 4374 2452 4374 2513 4375 1908 4375 2454 4375 2455 4376 2514 4376 2454 4376 2514 4377 2513 4377 2454 4377 2033 4378 2513 4378 2456 4378 1749 4379 2033 4379 2456 4379 2513 4380 2515 4380 2456 4380 2515 4381 2457 4381 2456 4381 2516 4382 1912 4382 2458 4382 2459 4383 2517 4383 2458 4383 2517 4384 2516 4384 2458 4384 2037 4385 2516 4385 2460 4385 1756 4386 2037 4386 2460 4386 2516 4387 2518 4387 2460 4387 2518 4388 2461 4388 2460 4388 2519 4389 1916 4389 2462 4389 2463 4390 2520 4390 2462 4390 2520 4391 2519 4391 2462 4391 2039 4392 2519 4392 2464 4392 1762 4393 2039 4393 2464 4393 2519 4394 2521 4394 2464 4394 2521 4395 2465 4395 2464 4395 2522 4396 1918 4396 2466 4396 2467 4397 2523 4397 2466 4397 2523 4398 2522 4398 2466 4398 2042 4399 2522 4399 2468 4399 1769 4400 2042 4400 2468 4400 2522 4401 2524 4401 2468 4401 2524 4402 2469 4402 2468 4402 2525 4403 1922 4403 2470 4403 2471 4362 2526 4362 2470 4362 2526 4404 2525 4404 2470 4404 2045 4405 2525 4405 2472 4405 1776 4406 2045 4406 2472 4406 2525 4407 2527 4407 2472 4407 2527 4402 2473 4402 2472 4402 2528 4408 1926 4408 2474 4408 2475 4409 2529 4409 2474 4409 2529 4410 2528 4410 2474 4410 1783 4411 2048 4411 2476 4411 2048 4412 2528 4412 2476 4412 2528 4413 2530 4413 2476 4413 2530 4414 2477 4414 2476 4414 2531 4415 1930 4415 2478 4415 2479 4416 2532 4416 2478 4416 2532 4417 2531 4417 2478 4417 1790 4418 2051 4418 2480 4418 2051 4419 2531 4419 2480 4419 2531 4420 2533 4420 2480 4420 2533 4421 2481 4421 2480 4421 2534 4422 1934 4422 2482 4422 2483 4423 2535 4423 2482 4423 2535 4424 2534 4424 2482 4424 1797 4425 2054 4425 2484 4425 2054 4426 2534 4426 2484 4426 2534 4427 2536 4427 2484 4427 2536 4428 2485 4428 2484 4428 2537 4429 1938 4429 2486 4429 2487 4430 2538 4430 2486 4430 2538 4431 2537 4431 2486 4431 1804 4432 2057 4432 2488 4432 2057 4433 2537 4433 2488 4433 2537 4434 2539 4434 2488 4434 2539 4435 2489 4435 2488 4435 2540 4436 1942 4436 2490 4436 2491 4437 2541 4437 2490 4437 2541 4438 2540 4438 2490 4438 2060 4439 2540 4439 2492 4439 1811 4440 2060 4440 2492 4440 2540 4441 2542 4441 2492 4441 2542 4442 2493 4442 2492 4442 2543 4443 1946 4443 2494 4443 2495 4444 2544 4444 2494 4444 2544 4445 2543 4445 2494 4445 2064 4446 2543 4446 2496 4446 1822 4447 2064 4447 2496 4447 2543 4448 2545 4448 2496 4448 2545 4414 2497 4414 2496 4414 2018 4449 1888 4449 2498 4449 2499 4450 2500 4450 2498 4450 2021 4451 1892 4451 2501 4451 2502 4452 2503 4452 2501 4452 2024 4453 1896 4453 2504 4453 2505 4454 2506 4454 2504 4454 2027 4455 1900 4455 2507 4455 2508 4456 2509 4456 2507 4456 2030 4457 1904 4457 2510 4457 2511 4458 2512 4458 2510 4458 2033 4459 1908 4459 2513 4459 2514 4460 2515 4460 2513 4460 2037 4455 1912 4455 2516 4455 2517 4461 2518 4461 2516 4461 2039 4462 1916 4462 2519 4462 2520 4456 2521 4456 2519 4456 2042 4463 1918 4463 2522 4463 2523 4464 2524 4464 2522 4464 2045 4465 1922 4465 2525 4465 2526 4466 2527 4466 2525 4466 2048 4467 1926 4467 2528 4467 2529 4468 2530 4468 2528 4468 2051 4469 1930 4469 2531 4469 2532 4470 2533 4470 2531 4470 2054 4471 1934 4471 2534 4471 2535 4472 2536 4472 2534 4472 2057 4467 1938 4467 2537 4467 2538 4473 2539 4473 2537 4473 2060 4474 1942 4474 2540 4474 2541 4475 2542 4475 2540 4475 2064 4476 1946 4476 2543 4476 2544 4477 2545 4477 2543 4477 2018 4478 1950 4478 1888 4478 1890 4479 1952 4479 1714 4479 1952 4480 2018 4480 1714 4480 2021 4481 1954 4481 1892 4481 1894 4482 1956 4482 1721 4482 1956 4483 2021 4483 1721 4483 2024 4484 1958 4484 1896 4484 1898 4485 1960 4485 1728 4485 1960 4486 2024 4486 1728 4486 2027 4487 1962 4487 1900 4487 1902 4488 1964 4488 1735 4488 1964 4489 2027 4489 1735 4489 2030 4490 1966 4490 1904 4490 1906 4491 1968 4491 1742 4491 1968 4492 2030 4492 1742 4492 2033 4493 1970 4493 1908 4493 1910 4494 1972 4494 1749 4494 1972 4495 2033 4495 1749 4495 2037 4496 1974 4496 1912 4496 1915 4497 1976 4497 1756 4497 1976 4498 2037 4498 1756 4498 2039 4499 1978 4499 1916 4499 1917 4500 1980 4500 1762 4500 1980 4501 2039 4501 1762 4501 2042 4502 1982 4502 1918 4502 1920 4503 1984 4503 1769 4503 1984 4504 2042 4504 1769 4504 2045 4505 1986 4505 1922 4505 1924 4506 1988 4506 1776 4506 1988 4507 2045 4507 1776 4507 2048 4508 1990 4508 1926 4508 1928 4509 1992 4509 1783 4509 1992 4510 2048 4510 1783 4510 2051 4511 1994 4511 1930 4511 1932 4512 1996 4512 1790 4512 1996 4513 2051 4513 1790 4513 2054 4514 1998 4514 1934 4514 1936 4515 2000 4515 1797 4515 2000 4516 2054 4516 1797 4516 2057 4517 2002 4517 1938 4517 1940 4518 2004 4518 1804 4518 2004 4519 2057 4519 1804 4519 2060 4520 2006 4520 1942 4520 1944 4506 2008 4506 1811 4506 2008 4521 2060 4521 1811 4521 2064 4522 2010 4522 1946 4522 1947 4509 2012 4509 1822 4509 2012 4523 2064 4523 1822 4523 2018 4524 2017 4524 1950 4524 2021 4525 2020 4525 1954 4525 2024 4526 2023 4526 1958 4526 2027 4527 2026 4527 1962 4527 2030 4528 2029 4528 1966 4528 2033 4529 2032 4529 1970 4529 2037 4530 2035 4530 1974 4530 2039 4531 2038 4531 1978 4531 2042 4532 2041 4532 1982 4532 2045 4533 2044 4533 1986 4533 2048 4534 2047 4534 1990 4534 2051 4535 2050 4535 1994 4535 2054 4536 2053 4536 1998 4536 2057 4537 2056 4537 2002 4537 2060 4538 2059 4538 2006 4538 2064 4539 2063 4539 2010 4539 2099 4540 2546 4540 2339 4540 2546 4541 2352 4541 2339 4541 2295 4542 2304 4542 2314 4542 2257 4543 2355 4543 2312 4543 2547 4544 2310 4544 2298 4544 2548 4545 2547 4545 2298 4545 2297 4546 2548 4546 2298 4546 2300 4547 2549 4547 2299 4547 2549 4548 2550 4548 2299 4548 2550 4549 2305 4549 2299 4549 2551 4550 2548 4550 2297 4550 2304 4551 2551 4551 2297 4551 2550 4552 2552 4552 2305 4552 2552 4553 2349 4553 2305 4553 2553 4554 2363 4554 2348 4554 2554 4555 2553 4555 2348 4555 2349 4556 2554 4556 2348 4556 2294 4557 2304 4557 2295 4557 2350 4558 2555 4558 2338 4558 2555 4559 2259 4559 2338 4559 2364 4560 2556 4560 2351 4560 2556 4561 2557 4561 2351 4561 2557 4562 2350 4562 2351 4562 2353 4563 2558 4563 2271 4563 2558 4564 2365 4564 2271 4564 2559 4565 2334 4565 2310 4565 2547 4566 2559 4566 2310 4566 2334 4567 2549 4567 2300 4567 2368 4568 2560 4568 2366 4568 2560 4569 2561 4569 2366 4569 2561 4570 2367 4570 2366 4570 2363 4571 2562 4571 2369 4571 2562 4572 2563 4572 2369 4572 2563 4573 1397 4573 2369 4573 2561 4574 2564 4574 2367 4574 2564 4575 2329 4575 2367 4575 2331 4576 2565 4576 2368 4576 2565 4577 2560 4577 2368 4577 2350 4578 2566 4578 2555 4578 2566 4579 2259 4579 2555 4579 2564 4580 2567 4580 2329 4580 2567 4581 2332 4581 2329 4581 2330 4582 2568 4582 2331 4582 2568 4583 2565 4583 2331 4583 2099 4584 2569 4584 2546 4584 2569 4585 2352 4585 2546 4585 2257 4586 2570 4586 2355 4586 2570 4587 2285 4587 2355 4587 2567 4588 2571 4588 2332 4588 2571 4589 2364 4589 2332 4589 2333 4590 2572 4590 2330 4590 2572 4591 2568 4591 2330 4591 2293 4592 2551 4592 2304 4592 2294 4593 2293 4593 2304 4593 2552 4594 2573 4594 2349 4594 2573 4595 2554 4595 2349 4595 2574 4596 2566 4596 2350 4596 2557 4597 2574 4597 2350 4597 2569 4598 2575 4598 2352 4598 2575 4599 2576 4599 2352 4599 2576 4600 2353 4600 2352 4600 2577 4601 2549 4601 2334 4601 2559 4602 2577 4602 2334 4602 2553 4603 2562 4603 2363 4603 2578 4604 2556 4604 2364 4604 2571 4605 2579 4605 2364 4605 2579 4606 2578 4606 2364 4606 2365 4607 2580 4607 2333 4607 2580 4608 2572 4608 2333 4608 2256 4609 2570 4609 2257 4609 2292 4610 2551 4610 2293 4610 2556 4611 2581 4611 2557 4611 2581 4612 2582 4612 2557 4612 2582 4613 2574 4613 2557 4613 2576 4614 2583 4614 2353 4614 2583 4615 2558 4615 2353 4615 2573 4616 2584 4616 2554 4616 2584 4617 2585 4617 2554 4617 2585 4618 2553 4618 2554 4618 2586 4619 2562 4619 2553 4619 2585 4620 2586 4620 2553 4620 2256 4621 2587 4621 2570 4621 2587 4622 2285 4622 2570 4622 2574 4623 2588 4623 2566 4623 2588 4624 2259 4624 2566 4624 2578 4625 2589 4625 2556 4625 2589 4626 2581 4626 2556 4626 2558 4627 2590 4627 2365 4627 2590 4628 2580 4628 2365 4628 2291 4629 2551 4629 2292 4629 2562 4630 2591 4630 2563 4630 2592 4631 1397 4631 2563 4631 2591 4632 2592 4632 2563 4632 2099 4633 2593 4633 2569 4633 2593 4634 2575 4634 2569 4634 2548 4635 2594 4635 2547 4635 2594 4636 2595 4636 2547 4636 2595 4637 2559 4637 2547 4637 2596 4638 2552 4638 2550 4638 2597 4639 2596 4639 2550 4639 2549 4640 2597 4640 2550 4640 2551 4641 2598 4641 2548 4641 2598 4642 2599 4642 2548 4642 2599 4643 2594 4643 2548 4643 2600 4644 2573 4644 2552 4644 2596 4645 2600 4645 2552 4645 2248 4646 2601 4646 2256 4646 2601 4647 2587 4647 2256 4647 2601 4648 2285 4648 2587 4648 2602 4649 2565 4649 2568 4649 2603 4650 2602 4650 2568 4650 2572 4651 2603 4651 2568 4651 2604 4652 2571 4652 2567 4652 2564 4653 2604 4653 2567 4653 2561 4654 2604 4654 2564 4654 2602 4655 2604 4655 2561 4655 2560 4656 2602 4656 2561 4656 2565 4657 2602 4657 2560 4657 2604 4658 2579 4658 2571 4658 2595 4659 2605 4659 2559 4659 2605 4660 2577 4660 2559 4660 2577 4661 2597 4661 2549 4661 2606 4662 2588 4662 2574 4662 2582 4663 2606 4663 2574 4663 2593 4664 2607 4664 2575 4664 2607 4665 2608 4665 2575 4665 2608 4666 2576 4666 2575 4666 2290 4667 2289 4667 2551 4667 2289 4668 2228 4668 2551 4668 2228 4669 2598 4669 2551 4669 2291 4670 2290 4670 2551 4670 2609 4671 2584 4671 2573 4671 2600 4672 2609 4672 2573 4672 2610 4673 2591 4673 2562 4673 2586 4674 2610 4674 2562 4674 2605 4675 2611 4675 2577 4675 2611 4676 2597 4676 2577 4676 2604 4677 2612 4677 2579 4677 2612 4678 2578 4678 2579 4678 2584 4679 2613 4679 2585 4679 2613 4680 2614 4680 2585 4680 2614 4681 2586 4681 2585 4681 2606 4682 2615 4682 2588 4682 2615 4683 2259 4683 2588 4683 2612 4684 2589 4684 2578 4684 2580 4685 2603 4685 2572 4685 2589 4686 2616 4686 2581 4686 2616 4687 2617 4687 2581 4687 2617 4688 2582 4688 2581 4688 2583 4689 2618 4689 2558 4689 2618 4690 2590 4690 2558 4690 2617 4691 2619 4691 2582 4691 2619 4692 2606 4692 2582 4692 2608 4693 2620 4693 2576 4693 2620 4694 2583 4694 2576 4694 2248 4695 2621 4695 2601 4695 2621 4696 2285 4696 2601 4696 2622 4697 2610 4697 2586 4697 2614 4698 2622 4698 2586 4698 2623 4699 2613 4699 2584 4699 2609 4700 2623 4700 2584 4700 2624 4701 2603 4701 2580 4701 2590 4702 2624 4702 2580 4702 2610 4703 2625 4703 2591 4703 2625 4704 2592 4704 2591 4704 2626 4705 2627 4705 2593 4705 2099 4706 2626 4706 2593 4706 2627 4707 2607 4707 2593 4707 2247 4708 2621 4708 2248 4708 2612 4709 2628 4709 2589 4709 2628 4710 2616 4710 2589 4710 2618 4711 2624 4711 2590 4711 2629 4712 2630 4712 2614 4712 2613 4713 2629 4713 2614 4713 2630 4714 2622 4714 2614 4714 2616 4715 2631 4715 2617 4715 2631 4716 2632 4716 2617 4716 2632 4717 2619 4717 2617 4717 2620 4718 2633 4718 2583 4718 2633 4719 2618 4719 2583 4719 2634 4720 2615 4720 2606 4720 2635 4721 2634 4721 2606 4721 2619 4722 2635 4722 2606 4722 2636 4723 2637 4723 2607 4723 2627 4724 2636 4724 2607 4724 2637 4725 2638 4725 2607 4725 2638 4726 2608 4726 2607 4726 2634 4727 2259 4727 2615 4727 2626 4728 2636 4728 2627 4728 2623 4729 2629 4729 2613 4729 2628 4730 2631 4730 2616 4730 2639 4731 2625 4731 2610 4731 2622 4732 2639 4732 2610 4732 2640 4733 2595 4733 2594 4733 2599 4734 2640 4734 2594 4734 2641 4735 2605 4735 2595 4735 2640 4736 2641 4736 2595 4736 2642 4737 2611 4737 2605 4737 2641 4738 2642 4738 2605 4738 2643 4739 2644 4739 2611 4739 2645 4740 2646 4740 2611 4740 2646 4741 2647 4741 2611 4741 2644 4742 2597 4742 2611 4742 2642 4743 2645 4743 2611 4743 2648 4744 2643 4744 2611 4744 2647 4745 2648 4745 2611 4745 2644 4746 2649 4746 2597 4746 2649 4747 2596 4747 2597 4747 2649 4748 2650 4748 2596 4748 2650 4749 2600 4749 2596 4749 2650 4750 2651 4750 2600 4750 2651 4751 2609 4751 2600 4751 2652 4752 2612 4752 2653 4752 2612 4753 2604 4753 2653 4753 2602 4754 2654 4754 2653 4754 2604 4755 2602 4755 2653 4755 2655 4756 2656 4756 2653 4756 2654 4757 2655 4757 2653 4757 2656 4758 2657 4758 2653 4758 2657 4759 2658 4759 2653 4759 2658 4760 2652 4760 2653 4760 2602 4761 2659 4761 2654 4761 2660 4762 2661 4762 2654 4762 2659 4763 2662 4763 2654 4763 2662 4764 2663 4764 2654 4764 2663 4765 2664 4765 2654 4765 2665 4766 2655 4766 2654 4766 2661 4767 2665 4767 2654 4767 2666 4768 2660 4768 2654 4768 2667 4769 2666 4769 2654 4769 2664 4770 2667 4770 2654 4770 2603 4771 2659 4771 2602 4771 2598 4772 2640 4772 2599 4772 2639 4773 2668 4773 2625 4773 2668 4774 2592 4774 2625 4774 2247 4775 2669 4775 2621 4775 2669 4776 2285 4776 2621 4776 2626 4777 2670 4777 2636 4777 2670 4778 2637 4778 2636 4778 2228 4779 2640 4779 2598 4779 2632 4780 2671 4780 2619 4780 2671 4781 2635 4781 2619 4781 2638 4782 2672 4782 2608 4782 2672 4783 2620 4783 2608 4783 2673 4784 2639 4784 2622 4784 2630 4785 2673 4785 2622 4785 2651 4786 2623 4786 2609 4786 2674 4787 2628 4787 2652 4787 2628 4788 2612 4788 2652 4788 2658 4789 2675 4789 2652 4789 2675 4790 2674 4790 2652 4790 2603 4791 2676 4791 2659 4791 2676 4792 2677 4792 2659 4792 2677 4793 2662 4793 2659 4793 2624 4794 2676 4794 2603 4794 2227 4795 2678 4795 2228 4795 2678 4796 2679 4796 2228 4796 2679 4797 2640 4797 2228 4797 2255 4798 2669 4798 2247 4798 2623 4799 2680 4799 2629 4799 2681 4800 2630 4800 2629 4800 2680 4801 2681 4801 2629 4801 2633 4802 2624 4802 2618 4802 2681 4803 2682 4803 2630 4803 2682 4804 2673 4804 2630 4804 2631 4805 2683 4805 2632 4805 2683 4806 2684 4806 2632 4806 2684 4807 2671 4807 2632 4807 2672 4808 2685 4808 2620 4808 2685 4809 2686 4809 2620 4809 2686 4810 2633 4810 2620 4810 2635 4811 2687 4811 2634 4811 2687 4812 2259 4812 2634 4812 2255 4813 2688 4813 2669 4813 2688 4814 2285 4814 2669 4814 2628 2518 2689 2518 2631 2518 2689 4815 2683 4815 2631 4815 2651 4816 2680 4816 2623 4816 2686 4817 2624 4817 2633 4817 2255 4818 2690 4818 2688 4818 2690 4819 2285 4819 2688 4819 2691 4820 2687 4820 2635 4820 2671 4821 2691 4821 2635 4821 2692 4822 2693 4822 2637 4822 2670 4823 2692 4823 2637 4823 2693 4824 2694 4824 2637 4824 2694 4825 2638 4825 2637 4825 2639 4826 2695 4826 2668 4826 2695 4827 2696 4827 2668 4827 2696 4828 2592 4828 2668 4828 2626 4829 2692 4829 2670 4829 2673 4830 2695 4830 2639 4830 2254 4831 2690 4831 2255 4831 2684 4832 2697 4832 2671 4832 2697 4833 2691 4833 2671 4833 2694 4834 2698 4834 2638 4834 2698 4835 2672 4835 2638 4835 2699 4836 2689 4836 2674 4836 2689 4837 2628 4837 2674 4837 2675 4838 2699 4838 2674 4838 2624 4839 2700 4839 2676 4839 2700 4840 2701 4840 2676 4840 2701 4841 2677 4841 2676 4841 2686 4842 2702 4842 2624 4842 2702 4843 2700 4843 2624 4843 2703 4844 2695 4844 2673 4844 2682 4845 2703 4845 2673 4845 2704 4846 2705 4846 2681 4846 2680 4847 2704 4847 2681 4847 2705 4848 2706 4848 2681 4848 2706 4849 2682 4849 2681 4849 2685 4850 2702 4850 2686 4850 2707 4851 2684 4851 2683 4851 2689 4852 2707 4852 2683 4852 2691 4853 2708 4853 2687 4853 2708 4854 2259 4854 2687 4854 2655 4855 2709 4855 2710 4855 2656 4856 2655 4856 2710 4856 2711 4857 2712 4857 2710 4857 2712 4858 2656 4858 2710 4858 2713 4859 2711 4859 2710 4859 2714 4860 2713 4860 2710 4860 2715 4861 2714 4861 2710 4861 2709 4862 2715 4862 2710 4862 2655 4863 2716 4863 2709 4863 2717 4864 2715 4864 2709 4864 2716 4865 2717 4865 2709 4865 2712 4866 2657 4866 2656 4866 2665 4867 2716 4867 2655 4867 2718 4868 2704 4868 2680 4868 2651 4869 2718 4869 2680 4869 2706 4870 2719 4870 2682 4870 2719 4871 2703 4871 2682 4871 2707 4872 2720 4872 2684 4872 2720 4873 2697 4873 2684 4873 2698 4874 2721 4874 2672 4874 2721 4875 2685 4875 2672 4875 2254 4876 2722 4876 2690 4876 2722 4877 2285 4877 2690 4877 2723 4878 2724 4878 2711 4878 2724 4879 2712 4879 2711 4879 2713 4880 2725 4880 2711 4880 2725 4881 2723 4881 2711 4881 2665 4882 2726 4882 2716 4882 2726 4883 2717 4883 2716 4883 2724 4884 2727 4884 2712 4884 2727 4885 2728 4885 2712 4885 2728 4886 2657 4886 2712 4886 2661 4887 2726 4887 2665 4887 2718 4888 2705 4888 2704 4888 2721 4889 2702 4889 2685 4889 2695 4890 2729 4890 2696 4890 2729 4891 2592 4891 2696 4891 2626 4892 2730 4892 2692 4892 2730 4893 2693 4893 2692 4893 2239 4894 2722 4894 2254 4894 2731 4895 2720 4895 2707 4895 2689 4896 2731 4896 2707 4896 2705 4897 2732 4897 2706 4897 2732 4898 2719 4898 2706 4898 2733 4899 2708 4899 2691 4899 2734 4900 2733 4900 2691 4900 2697 4901 2734 4901 2691 4901 2730 4902 2735 4902 2693 4902 2735 4903 2736 4903 2693 4903 2736 4904 2694 4904 2693 4904 2737 4905 2729 4905 2695 4905 2703 4906 2737 4906 2695 4906 2733 4907 2259 4907 2708 4907 2720 4908 2738 4908 2697 4908 2738 4909 2734 4909 2697 4909 2736 4910 2739 4910 2694 4910 2739 4911 2698 4911 2694 4911 2740 4912 2737 4912 2703 4912 2719 4913 2740 4913 2703 4913 2741 4914 2732 4914 2705 4914 2718 4915 2741 4915 2705 4915 1675 4916 1638 4916 1607 4916 1606 4505 1675 4505 1607 4505 1677 4917 1640 4917 1609 4917 1608 4918 1677 4918 1609 4918 1610 4919 1642 4919 1611 4919 1681 4920 1644 4920 1613 4920 1612 4921 1681 4921 1613 4921 1683 4922 1646 4922 1615 4922 1614 4923 1683 4923 1615 4923 1685 4924 1648 4924 1617 4924 1616 4925 1685 4925 1617 4925 1688 4926 1650 4926 1619 4926 1618 4927 1688 4927 1619 4927 1620 4928 1653 4928 1621 4928 1693 4929 1655 4929 1623 4929 1622 4930 1693 4930 1623 4930 1695 4931 1657 4931 1625 4931 1624 4932 1695 4932 1625 4932 1697 4933 1659 4933 1627 4933 1626 4934 1697 4934 1627 4934 1699 4935 1661 4935 1629 4935 1628 4936 1699 4936 1629 4936 1701 4937 1663 4937 1631 4937 1630 4938 1701 4938 1631 4938 1632 4939 1665 4939 1633 4939 1634 4940 1667 4940 1635 4940 1707 4941 1669 4941 1637 4941 1636 4934 1707 4934 1637 4934 1675 4942 1674 4942 1638 4942 1639 4943 1675 4943 1606 4943 1677 4944 1676 4944 1640 4944 1641 4945 1677 4945 1608 4945 1610 4946 1679 4946 1642 4946 1679 4947 1678 4947 1642 4947 1643 4948 1679 4948 1610 4948 1681 4949 1680 4949 1644 4949 1645 4950 1681 4950 1612 4950 1683 4951 1682 4951 1646 4951 1647 4952 1683 4952 1614 4952 1685 4953 1684 4953 1648 4953 1649 4954 1685 4954 1616 4954 1688 4955 1686 4955 1650 4955 1652 4956 1688 4956 1618 4956 1620 4957 1691 4957 1653 4957 1691 4958 1690 4958 1653 4958 1654 4959 1691 4959 1620 4959 1693 4960 1692 4960 1655 4960 1656 4961 1693 4961 1622 4961 1695 4962 1694 4962 1657 4962 1658 4963 1695 4963 1624 4963 1697 4964 1696 4964 1659 4964 1660 4965 1697 4965 1626 4965 1699 4966 1698 4966 1661 4966 1662 4967 1699 4967 1628 4967 1701 4968 1700 4968 1663 4968 1664 4969 1701 4969 1630 4969 1632 4970 1703 4970 1665 4970 1703 4971 1702 4971 1665 4971 1666 4972 1703 4972 1632 4972 1634 4973 1705 4973 1667 4973 1705 4974 1704 4974 1667 4974 1668 4967 1705 4967 1634 4967 1707 4974 1706 4974 1669 4974 1670 4975 1707 4975 1636 4975 1675 4976 1711 4976 1674 4976 1677 4977 1718 4977 1676 4977 1679 4978 1725 4978 1678 4978 1681 4979 1732 4979 1680 4979 1683 4980 1739 4980 1682 4980 1685 4981 1746 4981 1684 4981 1688 4982 1753 4982 1686 4982 1691 4983 1760 4983 1690 4983 1693 4984 1766 4984 1692 4984 1695 4985 1773 4985 1694 4985 1697 4986 1780 4986 1696 4986 1699 4987 1787 4987 1698 4987 1701 4988 1794 4988 1700 4988 1703 4989 1801 4989 1702 4989 1705 4990 1808 4990 1704 4990 1707 4991 1815 4991 1706 4991 1675 4992 1710 4992 1711 4992 2371 4993 1710 4993 1675 4993 1677 4994 1717 4994 1718 4994 2375 4992 1717 4992 1677 4992 1679 4995 1724 4995 1725 4995 2379 4994 1724 4994 1679 4994 1681 4996 1731 4996 1732 4996 2383 4997 1731 4997 1681 4997 1683 4998 1738 4998 1739 4998 2387 4999 1738 4999 1683 4999 1685 5000 1745 5000 1746 5000 2391 5001 1745 5001 1685 5001 1688 5000 1752 5000 1753 5000 2395 5001 1752 5001 1688 5001 1691 5002 1759 5002 1760 5002 2399 5003 1759 5003 1691 5003 1693 5004 1765 5004 1766 5004 2403 5005 1765 5005 1693 5005 1695 5006 1772 5006 1773 5006 2407 5007 1772 5007 1695 5007 1697 5008 1779 5008 1780 5008 2411 5009 1779 5009 1697 5009 1699 5010 1786 5010 1787 5010 2415 5011 1786 5011 1699 5011 1701 5012 1793 5012 1794 5012 2419 5013 1793 5013 1701 5013 1703 5014 1800 5014 1801 5014 2423 5015 1800 5015 1703 5015 1705 5016 1807 5016 1808 5016 2427 5017 1807 5017 1705 5017 1707 3076 1814 3076 1815 3076 2431 5018 1814 5018 1707 5018 2371 5019 2435 5019 1710 5019 2373 5020 2437 5020 2371 5020 2437 5021 2500 5021 2371 5021 2500 5022 2435 5022 2371 5022 2375 5023 2439 5023 1717 5023 2502 5024 2439 5024 2375 5024 2377 5025 2441 5025 2375 5025 2441 5026 2503 5026 2375 5026 2503 5027 2502 5027 2375 5027 2505 5028 2443 5028 1724 5028 2379 5029 2505 5029 1724 5029 2381 5030 2445 5030 2379 5030 2506 5031 2505 5031 2379 5031 2445 5032 2506 5032 2379 5032 2383 5033 2447 5033 1731 5033 2508 5034 2447 5034 2383 5034 2385 5035 2449 5035 2383 5035 2449 5036 2509 5036 2383 5036 2509 5037 2508 5037 2383 5037 2387 5038 2451 5038 1738 5038 2511 5039 2451 5039 2387 5039 2389 5040 2453 5040 2387 5040 2453 5041 2512 5041 2387 5041 2512 5042 2511 5042 2387 5042 2391 5043 2455 5043 1745 5043 2514 5044 2455 5044 2391 5044 2393 5045 2457 5045 2391 5045 2457 5046 2515 5046 2391 5046 2515 5047 2514 5047 2391 5047 2395 5048 2459 5048 1752 5048 2517 5049 2459 5049 2395 5049 2397 5050 2461 5050 2395 5050 2461 5051 2518 5051 2395 5051 2518 5052 2517 5052 2395 5052 2520 5053 2463 5053 1759 5053 2399 5054 2520 5054 1759 5054 2401 5055 2465 5055 2399 5055 2521 5056 2520 5056 2399 5056 2465 5057 2521 5057 2399 5057 2403 5058 2467 5058 1765 5058 2523 5059 2467 5059 2403 5059 2405 5060 2469 5060 2403 5060 2469 5061 2524 5061 2403 5061 2524 5062 2523 5062 2403 5062 2407 5063 2471 5063 1772 5063 2526 5064 2471 5064 2407 5064 2409 5065 2473 5065 2407 5065 2473 4521 2527 4521 2407 4521 2527 5066 2526 5066 2407 5066 2411 5067 2475 5067 1779 5067 2413 5068 2477 5068 2411 5068 2477 5069 2530 5069 2411 5069 2530 5070 2475 5070 2411 5070 2532 5071 2479 5071 1786 5071 2415 5072 2532 5072 1786 5072 2417 4497 2481 4497 2415 4497 2481 5073 2533 5073 2415 5073 2533 5074 2532 5074 2415 5074 2535 5075 2483 5075 1793 5075 2419 5076 2535 5076 1793 5076 2421 5077 2485 5077 2419 5077 2485 5078 2536 5078 2419 5078 2536 5079 2535 5079 2419 5079 2423 5080 2487 5080 1800 5080 2425 5081 2489 5081 2423 5081 2489 5082 2539 5082 2423 5082 2539 5083 2487 5083 2423 5083 2427 5084 2491 5084 1807 5084 2541 5085 2491 5085 2427 5085 2429 5086 2493 5086 2427 5086 2493 5087 2542 5087 2427 5087 2542 5088 2541 5088 2427 5088 2431 5089 2495 5089 1814 5089 2544 5090 2495 5090 2431 5090 2433 5086 2497 5086 2431 5086 2497 4507 2545 4507 2431 4507 2545 5091 2544 5091 2431 5091 2500 5092 2499 5092 2435 5092 2530 5093 2529 5093 2475 5093 2539 5094 2538 5094 2487 5094 2742 5095 2743 5095 2699 5095 2743 5096 2689 5096 2699 5096 2675 5097 2744 5097 2699 5097 2744 5098 2742 5098 2699 5098 2702 5099 2745 5099 2700 5099 2745 5100 2701 5100 2700 5100 2743 5101 2731 5101 2689 5101 2721 5102 2746 5102 2702 5102 2746 5103 2745 5103 2702 5103 2747 5104 2748 5104 2723 5104 2748 5105 2724 5105 2723 5105 2725 5106 2747 5106 2723 5106 2661 5107 2749 5107 2726 5107 2750 5108 2717 5108 2726 5108 2749 5109 2750 5109 2726 5109 2748 5110 2727 5110 2724 5110 2660 5111 2749 5111 2661 5111 2751 5112 2675 5112 2752 5112 2675 5113 2658 5113 2752 5113 2658 5114 2753 5114 2752 5114 2754 5115 2751 5115 2752 5115 2755 5116 2754 5116 2752 5116 2753 5117 2755 5117 2752 5117 2756 5118 2713 5118 2714 5118 2757 5119 2756 5119 2714 5119 2715 5120 2757 5120 2714 5120 2758 5121 2759 5121 2760 5121 2759 5122 2666 5122 2760 5122 2666 5123 2761 5123 2760 5123 2762 5124 2758 5124 2760 5124 2763 5125 2762 5125 2760 5125 2761 5126 2763 5126 2760 5126 2657 5127 2753 5127 2658 5127 2764 5128 2660 5128 2666 5128 2759 5129 2764 5129 2666 5129 2667 5130 2761 5130 2666 5130 2737 5131 2765 5131 2729 5131 2765 5132 2592 5132 2729 5132 2239 5133 2766 5133 2722 5133 2766 5134 2285 5134 2722 5134 2732 5135 2767 5135 2719 5135 2767 5136 2740 5136 2719 5136 2626 5137 2768 5137 2730 5137 2768 5138 2735 5138 2730 5138 2731 5139 2769 5139 2720 5139 2769 5140 2738 5140 2720 5140 2739 5141 2770 5141 2698 5141 2770 5142 2771 5142 2698 5142 2771 5143 2721 5143 2698 5143 2772 5144 2751 5144 2754 5144 2773 5145 2772 5145 2754 5145 2774 5146 2773 5146 2754 5146 2755 5147 2774 5147 2754 5147 2775 5148 2713 5148 2756 5148 2776 5149 2775 5149 2756 5149 2777 5150 2776 5150 2756 5150 2757 5151 2777 5151 2756 5151 2778 5152 2758 5152 2762 5152 2779 5153 2778 5153 2762 5153 2780 5154 2779 5154 2762 5154 2763 5155 2780 5155 2762 5155 2657 5156 2781 5156 2753 5156 2782 5157 2755 5157 2753 5157 2781 5158 2782 5158 2753 5158 2783 5159 2757 5159 2715 5159 2717 5160 2783 5160 2715 5160 2667 5161 2784 5161 2761 5161 2785 5162 2763 5162 2761 5162 2784 5163 2785 5163 2761 5163 2728 5164 2781 5164 2657 5164 2664 5165 2786 5165 2667 5165 2786 5166 2784 5166 2667 5166 2787 5167 2774 5167 2755 5167 2782 5168 2787 5168 2755 5168 2788 5169 2777 5169 2757 5169 2783 5170 2788 5170 2757 5170 2789 5171 2780 5171 2763 5171 2785 5172 2789 5172 2763 5172 2238 5173 2766 5173 2239 5173 2741 5174 2790 5174 2732 5174 2790 5175 2767 5175 2732 5175 2791 5176 2744 5176 2751 5176 2744 5177 2675 5177 2751 5177 2772 5178 2791 5178 2751 5178 2775 5179 2725 5179 2713 5179 2792 5180 2793 5180 2758 5180 2793 5181 2759 5181 2758 5181 2778 5182 2792 5182 2758 5182 2793 5183 2764 5183 2759 5183 2794 5184 2769 5184 2731 5184 2743 5185 2794 5185 2731 5185 2771 5186 2746 5186 2721 5186 2795 5187 2791 5187 2772 5187 2796 5188 2795 5188 2772 5188 2773 5189 2796 5189 2772 5189 2797 5190 2725 5190 2775 5190 2798 5191 2797 5191 2775 5191 2776 5192 2798 5192 2775 5192 2799 5193 2792 5193 2778 5193 2800 5194 2799 5194 2778 5194 2779 5195 2800 5195 2778 5195 2801 5196 2796 5196 2773 5196 2802 5197 2801 5197 2773 5197 2774 5198 2802 5198 2773 5198 2803 5199 2802 5199 2774 5199 2787 5200 2803 5200 2774 5200 2804 5201 2798 5201 2776 5201 2805 5202 2804 5202 2776 5202 2777 5203 2805 5203 2776 5203 2806 5204 2805 5204 2777 5204 2788 5205 2806 5205 2777 5205 2807 5206 2800 5206 2779 5206 2808 5207 2807 5207 2779 5207 2780 5208 2808 5208 2779 5208 2809 5209 2808 5209 2780 5209 2789 5210 2809 5210 2780 5210 2810 5211 2801 5211 2802 5211 2811 5212 2810 5212 2802 5212 2803 5213 2811 5213 2802 5213 2812 5214 2811 5214 2803 5214 2813 5215 2812 5215 2803 5215 2787 5216 2813 5216 2803 5216 2814 5217 2804 5217 2805 5217 2815 5218 2814 5218 2805 5218 2806 5213 2815 5213 2805 5213 2816 5219 2815 5219 2806 5219 2817 5220 2816 5220 2806 5220 2788 5221 2817 5221 2806 5221 2818 5222 2807 5222 2808 5222 2819 5223 2818 5223 2808 5223 2809 5224 2819 5224 2808 5224 2820 5225 2819 5225 2809 5225 2821 5226 2820 5226 2809 5226 2789 5227 2821 5227 2809 5227 2770 5228 2746 5228 2771 5228 2734 5229 2822 5229 2733 5229 2822 5230 2259 5230 2733 5230 2823 5231 2810 5231 2824 5231 2810 5232 2811 5232 2824 5232 2811 5233 2825 5233 2824 5233 2826 5234 2823 5234 2824 5234 2827 5235 2826 5235 2824 5235 2825 5236 2827 5236 2824 5236 2828 5237 2814 5237 2829 5237 2814 5238 2815 5238 2829 5238 2815 5239 2830 5239 2829 5239 2831 5240 2828 5240 2829 5240 2832 5241 2831 5241 2829 5241 2830 5242 2832 5242 2829 5242 2833 5243 2818 5243 2834 5243 2818 5244 2819 5244 2834 5244 2819 5245 2835 5245 2834 5245 2836 5246 2833 5246 2834 5246 2837 5247 2836 5247 2834 5247 2835 5248 2837 5248 2834 5248 2812 5249 2825 5249 2811 5249 2816 5250 2830 5250 2815 5250 2820 5250 2835 5250 2819 5250 2238 5251 2237 5251 2766 5251 2237 5252 2838 5252 2766 5252 2838 5253 2285 5253 2766 5253 2734 5254 2839 5254 2822 5254 2839 5255 2259 5255 2822 5255 2840 5256 2839 5256 2734 5256 2738 5257 2840 5257 2734 5257 2841 5258 2842 5258 2735 5258 2768 5259 2841 5259 2735 5259 2842 5260 2843 5260 2735 5260 2843 5261 2736 5261 2735 5261 2737 5262 2844 5262 2765 5262 2844 5263 2592 5263 2765 5263 2728 5264 2845 5264 2781 5264 2846 5265 2782 5265 2781 5265 2845 5266 2846 5266 2781 5266 2847 5267 2783 5267 2717 5267 2750 5268 2847 5268 2717 5268 2786 5269 2848 5269 2784 5269 2849 5270 2785 5270 2784 5270 2848 5271 2849 5271 2784 5271 2727 5272 2845 5272 2728 5272 2664 5273 2850 5273 2786 5273 2850 5274 2848 5274 2786 5274 2851 5275 2844 5275 2737 5275 2740 5276 2851 5276 2737 5276 2852 5277 2853 5277 2823 5277 2853 5278 2810 5278 2823 5278 2854 5279 2852 5279 2823 5279 2826 5280 2854 5280 2823 5280 2855 5281 2856 5281 2828 5281 2856 5282 2814 5282 2828 5282 641 5283 2855 5283 2828 5283 2831 5284 641 5284 2828 5284 2857 5285 2858 5285 2833 5285 2858 5286 2818 5286 2833 5286 1095 5287 2857 5287 2833 5287 2836 4864 1095 4864 2833 4864 2853 5288 2801 5288 2810 5288 2856 5289 2804 5289 2814 5289 2858 5290 2807 5290 2818 5290 2859 5291 2787 5291 2782 5291 2846 5292 2859 5292 2782 5292 2860 5293 2788 5293 2783 5293 2847 5294 2860 5294 2783 5294 2861 5295 2789 5295 2785 5295 2849 5296 2861 5296 2785 5296 2862 5297 2790 5297 2741 5297 2718 5298 2862 5298 2741 5298 2769 5299 2863 5299 2738 5299 2863 5300 2840 5300 2738 5300 2843 5301 2864 5301 2736 5301 2864 5302 2739 5302 2736 5302 2865 5303 2851 5303 2740 5303 2767 5304 2865 5304 2740 5304 2866 5305 2663 5305 2867 5305 2663 5306 2662 5306 2867 5306 2662 5307 2868 5307 2867 5307 2868 5308 2869 5308 2867 5308 2869 5309 2866 5309 2867 5309 2677 5310 2868 5310 2662 5310 2851 5311 2870 5311 2844 5311 2870 5312 2592 5312 2844 5312 2871 5313 2769 5313 2794 5313 2743 5314 2871 5314 2794 5314 2626 5315 2841 5315 2768 5315 2790 5316 2872 5316 2767 5316 2872 5317 2865 5317 2767 5317 2871 5318 2873 5318 2769 5318 2873 5319 2863 5319 2769 5319 2864 5320 2874 5320 2739 5320 2874 5321 2770 5321 2739 5321 2875 5322 2664 5322 2866 5322 2664 5323 2663 5323 2866 5323 2869 5324 2876 5324 2866 5324 2876 5325 2877 5325 2866 5325 2877 5326 2875 5326 2866 5326 2878 5327 2879 5327 2747 5327 2879 5328 2748 5328 2747 5328 2880 5329 2878 5329 2747 5329 2725 5330 2880 5330 2747 5330 2660 5331 2881 5331 2749 5331 2882 5332 2750 5332 2749 5332 2881 5333 2882 5333 2749 5333 2879 5334 2727 5334 2748 5334 2764 5335 2881 5335 2660 5335 2812 5336 2883 5336 2825 5336 2884 5337 2827 5337 2825 5337 2883 5338 2884 5338 2825 5338 2816 5339 2885 5339 2830 5339 2886 5340 2832 5340 2830 5340 2885 5341 2886 5341 2830 5341 2820 5342 2887 5342 2835 5342 2888 5343 2837 5343 2835 5343 2887 5344 2888 5344 2835 5344 2813 5345 2889 5345 2812 5345 2889 5346 2883 5346 2812 5346 2817 5347 2890 5347 2816 5347 2890 5348 2885 5348 2816 5348 2821 5349 2891 5349 2820 5349 2891 5350 2887 5350 2820 5350 2892 5351 2795 5351 2796 5351 2893 5352 2892 5352 2796 5352 2801 5353 2893 5353 2796 5353 2859 5354 2813 5354 2787 5354 2894 5355 2797 5355 2798 5355 2895 5356 2894 5356 2798 5356 2804 5357 2895 5357 2798 5357 2860 5358 2817 5358 2788 5358 2896 5359 2799 5359 2800 5359 2897 5360 2896 5360 2800 5360 2807 5361 2897 5361 2800 5361 2861 5362 2821 5362 2789 5362 2853 5363 2893 5363 2801 5363 2898 5364 2889 5364 2813 5364 2859 5365 2898 5365 2813 5365 2856 5366 2895 5366 2804 5366 2899 5367 2890 5367 2817 5367 2860 5368 2899 5368 2817 5368 2858 5369 2897 5369 2807 5369 2900 5370 2891 5370 2821 5370 2861 5371 2900 5371 2821 5371 2901 5372 2902 5372 2862 5372 2902 5373 2790 5373 2862 5373 2718 5374 2901 5374 2862 5374 2902 5375 2872 5375 2790 5375 2903 5376 2904 5376 2791 5376 2904 5377 2744 5377 2791 5377 2795 5378 2903 5378 2791 5378 2797 5379 2880 5379 2725 5379 2905 5380 2906 5380 2792 5380 2906 5381 2793 5381 2792 5381 2799 5382 2905 5382 2792 5382 2904 5383 2742 5383 2744 5383 2907 5384 2764 5384 2793 5384 2906 5385 2907 5385 2793 5385 2908 5386 2873 5386 2871 5386 2743 5387 2908 5387 2871 5387 2909 5388 2746 5388 2770 5388 2874 5389 2909 5389 2770 5389 2677 5390 2910 5390 2868 5390 2910 5391 2911 5391 2868 5391 2911 5392 2912 5392 2868 5392 2912 5393 2869 5393 2868 5393 2701 5394 2910 5394 2677 5394 2913 5395 2903 5395 2795 5395 2892 5396 2913 5396 2795 5396 2914 5397 2880 5397 2797 5397 2894 5398 2914 5398 2797 5398 2915 5399 2905 5399 2799 5399 2896 5400 2915 5400 2799 5400 2840 5401 2916 5401 2839 5401 2916 5402 2259 5402 2839 5402 2917 5403 2918 5403 2742 5403 2918 5404 2743 5404 2742 5404 2904 5405 2917 5405 2742 5405 2746 5406 2919 5406 2745 5406 2919 5407 2920 5407 2745 5407 2920 5408 2701 5408 2745 5408 2918 5409 2908 5409 2743 5409 2909 5410 2919 5410 2746 5410 2921 5411 2922 5411 2852 5411 2922 5412 2853 5412 2852 5412 2923 5413 2921 5413 2852 5413 2854 5414 2923 5414 2852 5414 2924 5415 2925 5415 2855 5415 2925 5416 2856 5416 2855 5416 2926 5417 2924 5417 2855 5417 641 5418 2926 5418 2855 5418 2927 5419 2928 5419 2857 5419 2928 5420 2858 5420 2857 5420 2929 5421 2927 5421 2857 5421 1095 5422 2929 5422 2857 5422 2922 5423 2893 5423 2853 5423 2925 5424 2895 5424 2856 5424 2928 5425 2897 5425 2858 5425 1823 5426 2930 5426 1824 5426 2930 5427 1826 5427 1824 5427 2930 5428 1834 5428 1826 5428 1827 5429 2930 5429 1823 5429 2930 5430 1842 5430 1834 5430 1835 5431 2930 5431 1827 5431 2930 5432 1852 5432 1842 5432 1844 5433 2930 5433 1835 5433 2930 5434 1871 5434 1852 5434 1854 5435 2930 5435 1844 5435 2930 5436 1872 5436 1871 5436 1872 5437 2930 5437 1854 5437 2931 5438 2932 5438 2876 5438 2932 5439 2877 5439 2876 5439 2933 5440 2934 5440 2876 5440 2934 5441 2931 5441 2876 5441 2869 5442 2933 5442 2876 5442 2912 5443 2935 5443 2869 5443 2936 5444 2933 5444 2869 5444 2935 5445 2936 5445 2869 5445 2936 5446 2934 5446 2933 5446 2935 5447 2937 5447 2936 5447 2937 5448 2938 5448 2936 5448 2938 5449 2934 5449 2936 5449 2237 5450 2939 5450 2838 5450 2939 4087 2285 4087 2838 4087 2940 5451 2941 5451 2875 5451 2941 5452 2664 5452 2875 5452 2877 5453 2942 5453 2875 5453 2942 5454 2940 5454 2875 5454 2941 5455 2943 5455 2664 5455 2943 5456 2850 5456 2664 5456 2944 5457 2854 5457 2826 5457 2945 5458 2944 5458 2826 5458 2827 5459 2945 5459 2826 5459 642 5460 641 5460 2831 5460 2946 5461 642 5461 2831 5461 2832 5462 2946 5462 2831 5462 1096 5463 1095 5463 2836 5463 2947 5464 1096 5464 2836 5464 2837 5465 2947 5465 2836 5465 2948 5466 2944 5466 2945 5466 2949 5467 2948 5467 2945 5467 2950 5468 2949 5468 2945 5468 2827 5469 2950 5469 2945 5469 2951 5470 642 5470 2946 5470 2952 5471 2951 5471 2946 5471 2953 5472 2952 5472 2946 5472 2832 5473 2953 5473 2946 5473 2954 5474 1096 5474 2947 5474 2955 5475 2954 5475 2947 5475 2956 5476 2955 5476 2947 5476 2837 5477 2956 5477 2947 5477 2957 5478 2942 5478 2877 5478 2958 5479 2957 5479 2877 5479 2932 5480 2958 5480 2877 5480 2959 5481 2935 5481 2912 5481 2960 5482 2961 5482 2912 5482 2961 5483 2959 5483 2912 5483 2911 5484 2960 5484 2912 5484 2932 5485 2962 5485 2958 5485 2962 5486 2963 5486 2958 5486 2963 5487 2957 5487 2958 5487 2911 5488 2964 5488 2960 5488 2964 5489 2961 5489 2960 5489 2727 5490 2965 5490 2845 5490 2966 5491 2846 5491 2845 5491 2965 5492 2966 5492 2845 5492 2967 5493 2847 5493 2750 5493 2882 5494 2967 5494 2750 5494 2850 5495 2968 5495 2848 5495 2969 5496 2849 5496 2848 5496 2968 5497 2969 5497 2848 5497 2879 5498 2970 5498 2727 5498 2970 5499 2965 5499 2727 5499 2943 5500 2968 5500 2850 5500 2971 5501 2859 5501 2846 5501 2966 5502 2971 5502 2846 5502 2972 5503 2860 5503 2847 5503 2967 5504 2972 5504 2847 5504 995 5505 2861 5505 2849 5505 2969 5506 995 5506 2849 5506 2851 5507 2973 5507 2870 5507 2973 5508 2592 5508 2870 5508 2962 5509 2932 5509 2931 5509 2934 5510 2962 5510 2931 5510 2959 5511 2937 5511 2935 5511 2938 5512 2962 5512 2934 5512 2959 5513 2961 5513 2937 5513 2974 5514 2975 5514 2937 5514 2975 5515 2976 5515 2937 5515 2976 5516 2938 5516 2937 5516 2961 5517 2974 5517 2937 5517 2626 5518 2977 5518 2841 5518 2977 5519 2842 5519 2841 5519 2978 5520 2979 5520 2980 5520 2979 5521 2948 5521 2980 5521 2948 5522 2981 5522 2980 5522 2982 5523 2978 5523 2980 5523 2983 5524 2982 5524 2980 5524 2981 5525 2983 5525 2980 5525 2984 5526 2985 5526 2986 5526 2985 5527 2951 5527 2986 5527 2951 5528 2987 5528 2986 5528 2988 5529 2984 5529 2986 5529 2989 5530 2988 5530 2986 5530 2987 5531 2989 5531 2986 5531 2990 5532 2991 5532 2992 5532 2991 5533 2954 5533 2992 5533 2954 5534 2993 5534 2992 5534 2994 5535 2990 5535 2992 5535 2995 5536 2994 5536 2992 5536 2993 5537 2995 5537 2992 5537 2979 5538 2944 5538 2948 5538 2949 5539 2981 5539 2948 5539 2985 5540 642 5540 2951 5540 2952 5541 2987 5541 2951 5541 2991 5542 1096 5542 2954 5542 2955 5543 2993 5543 2954 5543 2996 5544 2916 5544 2840 5544 2863 5545 2996 5545 2840 5545 2977 5546 2997 5546 2842 5546 2997 5547 2998 5547 2842 5547 2998 5548 2843 5548 2842 5548 2999 5549 2973 5549 2851 5549 2865 5550 2999 5550 2851 5550 3000 5551 2923 5551 2854 5551 2944 5552 3000 5552 2854 5552 2884 5553 2950 5553 2827 5553 3001 5554 2926 5554 641 5554 642 5555 3001 5555 641 5555 2886 5556 2953 5556 2832 5556 3002 5557 2929 5557 1095 5557 1096 5558 3002 5558 1095 5558 2888 5559 2956 5559 2837 5559 2979 5560 3000 5560 2944 5560 3003 5561 2949 5561 2950 5561 3004 5562 3003 5562 2950 5562 2884 5563 3004 5563 2950 5563 2985 5564 3001 5564 642 5564 3005 5565 2952 5565 2953 5565 3006 5566 3005 5566 2953 5566 2886 5567 3006 5567 2953 5567 2991 5568 3002 5568 1096 5568 3007 5569 2955 5569 2956 5569 3008 5570 3007 5570 2956 5570 2888 5571 3008 5571 2956 5571 2889 5572 3009 5572 2883 5572 3010 5573 2884 5573 2883 5573 3009 5574 3010 5574 2883 5574 2890 5572 3011 5572 2885 5572 694 5575 2886 5575 2885 5575 3011 5576 694 5576 2885 5576 2891 5577 999 5577 2887 5577 1148 5578 2888 5578 2887 5578 999 5579 1148 5579 2887 5579 2898 5580 3012 5580 2889 5580 3012 5581 3009 5581 2889 5581 2899 5582 3013 5582 2890 5582 3013 5583 3011 5583 2890 5583 2900 5584 996 5584 2891 5584 996 5585 999 5585 2891 5585 2236 5586 2939 5586 2237 5586 3014 5587 2999 5587 2865 5587 2872 5588 3014 5588 2865 5588 3015 5589 2913 5589 2892 5589 3016 5590 3015 5590 2892 5590 2893 5591 3016 5591 2892 5591 2971 5592 2898 5592 2859 5592 3017 5593 2914 5593 2894 5593 3018 5594 3017 5594 2894 5594 2895 5595 3018 5595 2894 5595 2972 5596 2899 5596 2860 5596 3019 5597 2915 5597 2896 5597 3020 5598 3019 5598 2896 5598 2897 5599 3020 5599 2896 5599 995 5600 2900 5600 2861 5600 2922 5601 3016 5601 2893 5601 3021 5602 3012 5602 2898 5602 2971 5603 3021 5603 2898 5603 2925 5604 3018 5604 2895 5604 3022 5605 3013 5605 2899 5605 2972 5606 3022 5606 2899 5606 2928 5607 3020 5607 2897 5607 997 5608 996 5608 2900 5608 995 5609 997 5609 2900 5609 2873 5610 3023 5610 2863 5610 3023 5611 2996 5611 2863 5611 2998 5612 3024 5612 2843 5612 3024 5613 2864 5613 2843 5613 2938 5614 2963 5614 2962 5614 2964 5615 3025 5615 2961 5615 3025 5616 2974 5616 2961 5616 2902 5617 3026 5617 2872 5617 3026 5618 3014 5618 2872 5618 3027 5619 3028 5619 2978 5619 3028 5620 2979 5620 2978 5620 3029 5621 3027 5621 2978 5621 2982 5622 3029 5622 2978 5622 2949 5623 3030 5623 2981 5623 3031 5624 2983 5624 2981 5624 3030 5625 3031 5625 2981 5625 3032 5626 3033 5626 2984 5626 3033 5627 2985 5627 2984 5627 795 5628 3032 5628 2984 5628 2988 5629 795 5629 2984 5629 2952 5630 3034 5630 2987 5630 3035 5631 2989 5631 2987 5631 3034 5632 3035 5632 2987 5632 3036 5633 3037 5633 2990 5633 3037 5634 2991 5634 2990 5634 1249 5635 3036 5635 2990 5635 2994 5636 1249 5636 2990 5636 2955 5637 3038 5637 2993 5637 3039 5638 2995 5638 2993 5638 3038 5639 3039 5639 2993 5639 3028 5640 3000 5640 2979 5640 3003 5641 3030 5641 2949 5641 3033 5642 3001 5642 2985 5642 3005 5643 3034 5643 2952 5643 3037 5644 3002 5644 2991 5644 3007 5645 3038 5645 2955 5645 2908 5646 3040 5646 2873 5646 3040 5647 3023 5647 2873 5647 3024 5648 3041 5648 2864 5648 3041 5649 2874 5649 2864 5649 2701 5650 3042 5650 2910 5650 3042 5651 3043 5651 2910 5651 3043 5652 2911 5652 2910 5652 2920 5653 3042 5653 2701 5653 3041 5654 2909 5654 2874 5654 2901 5655 3044 5655 2902 5655 3044 5656 3026 5656 2902 5656 3045 5657 3046 5657 2942 5657 3046 5658 2940 5658 2942 5658 2957 5659 2963 5659 2942 5659 2963 5660 3045 5660 2942 5660 3047 5661 3048 5661 2911 5661 3043 5662 3047 5662 2911 5662 3048 5663 2964 5663 2911 5663 3048 5664 3025 5664 2964 5664 2996 5665 3049 5665 2916 5665 3049 5666 2259 5666 2916 5666 1390 5667 2645 5667 2642 5667 1395 5668 1390 5668 2642 5668 2641 5669 1395 5669 2642 5669 1379 5670 2650 5670 2649 5670 3050 5671 1379 5671 2649 5671 2644 5672 3050 5672 2649 5672 1382 5673 2645 5673 1390 5673 3050 5674 3051 5674 1379 5674 3051 5675 3052 5675 1379 5675 3052 5676 3053 5676 1379 5676 3053 5677 3054 5677 1379 5677 3054 5678 3055 5678 1379 5678 3055 5675 3056 5675 1379 5675 3056 5679 3057 5679 1379 5679 3057 5680 1378 5680 1379 5680 1393 5681 2650 5681 1379 5681 3058 5682 1429 5682 1428 5682 3059 5683 3058 5683 1428 5683 1398 5684 3059 5684 1428 5684 3060 5685 1560 5685 1541 5685 3061 5686 3060 5686 1541 5686 1531 5687 3061 5687 1541 5687 3059 5688 3062 5688 3058 5688 3062 5689 3063 5689 3058 5689 3063 5690 1429 5690 3058 5690 3061 5691 3064 5691 3060 5691 3064 5692 3065 5692 3060 5692 3065 5693 1560 5693 3060 5693 3066 5694 3044 5694 2901 5694 2718 5695 3066 5695 2901 5695 3067 5696 3068 5696 2878 5696 3068 5697 2879 5697 2878 5697 2880 5698 3067 5698 2878 5698 2764 5699 3069 5699 2881 5699 3069 5700 2882 5700 2881 5700 3068 5701 2970 5701 2879 5701 2907 5702 3069 5702 2764 5702 3070 5703 3029 5703 2982 5703 3071 5704 3070 5704 2982 5704 2983 5705 3071 5705 2982 5705 796 5703 795 5703 2988 5703 3072 5706 796 5706 2988 5706 2989 5707 3072 5707 2988 5707 1250 5708 1249 5708 2994 5708 3073 5709 1250 5709 2994 5709 2995 5710 3073 5710 2994 5710 2983 5711 3074 5711 3071 5711 3075 5712 3070 5712 3071 5712 3076 5713 3075 5713 3071 5713 3074 5714 3076 5714 3071 5714 2989 5715 3077 5715 3072 5715 3078 5716 796 5716 3072 5716 3079 5717 3078 5717 3072 5717 3077 5718 3079 5718 3072 5718 3080 5719 1250 5719 3073 5719 3081 5720 3080 5720 3073 5720 3082 5721 3081 5721 3073 5721 2995 5722 3082 5722 3073 5722 2112 5723 1395 5723 2641 5723 2640 5724 2112 5724 2641 5724 1382 5725 2646 5725 2645 5725 3083 5726 3050 5726 2644 5726 2643 5727 3083 5727 2644 5727 1393 5728 2651 5728 2650 5728 1378 5729 2646 5729 1382 5729 3083 5730 3051 5730 3050 5730 1397 5731 2651 5731 1393 5731 3084 5732 3059 5732 1398 5732 1401 5733 3084 5733 1398 5733 3085 5734 1430 5734 1429 5734 3063 5735 3085 5735 1429 5735 3086 5736 3061 5736 1531 5736 1493 5737 3086 5737 1531 5737 3065 5738 2099 5738 1560 5738 3084 5739 3062 5739 3059 5739 3062 5740 3087 5740 3063 5740 3087 5741 3085 5741 3063 5741 3086 5742 3064 5742 3061 5742 3064 5743 3088 5743 3065 5743 3088 5744 2099 5744 3065 5744 3089 5745 2921 5745 2923 5745 3090 5746 3089 5746 2923 5746 3000 5747 3090 5747 2923 5747 3010 5748 3004 5748 2884 5748 3091 5749 2924 5749 2926 5749 3092 5750 3091 5750 2926 5750 3001 5751 3092 5751 2926 5751 694 5752 3006 5752 2886 5752 3093 5753 2927 5753 2929 5753 3094 5754 3093 5754 2929 5754 3002 5755 3094 5755 2929 5755 1148 5756 3008 5756 2888 5756 3028 5757 3090 5757 3000 5757 3095 5758 3003 5758 3004 5758 3096 5759 3095 5759 3004 5759 3010 5760 3096 5760 3004 5760 3033 5761 3092 5761 3001 5761 695 5762 3005 5762 3006 5762 696 5763 695 5763 3006 5763 694 5764 696 5764 3006 5764 3037 5765 3094 5765 3002 5765 1149 5766 3007 5766 3008 5766 1150 1404 1149 1404 3008 1404 1148 5767 1150 5767 3008 5767 3097 5768 3098 5768 2903 5768 3098 5769 2904 5769 2903 5769 2913 5770 3097 5770 2903 5770 3099 5771 3067 5771 2880 5771 2914 5772 3099 5772 2880 5772 3100 5773 3101 5773 2905 5773 3101 5774 2906 5774 2905 5774 2915 5775 3100 5775 2905 5775 3098 5776 2917 5776 2904 5776 3102 5777 3103 5777 2906 5777 3104 5778 2907 5778 2906 5778 3103 5779 3104 5779 2906 5779 3101 5780 3102 5780 2906 5780 3105 5781 3046 5781 3045 5781 3106 5782 3105 5782 3045 5782 2963 5783 3106 5783 3045 5783 3047 5784 3025 5784 3048 5784 2938 5785 3107 5785 2963 5785 3107 5786 3108 5786 2963 5786 3108 5787 3106 5787 2963 5787 3047 5788 3109 5788 3025 5788 3110 5789 2974 5789 3025 5789 3109 5790 3110 5790 3025 5790 3111 5791 3097 5791 2913 5791 3015 5792 3111 5792 2913 5792 3112 5793 3099 5793 2914 5793 3017 5794 3112 5794 2914 5794 3113 5795 3100 5795 2915 5795 3019 5796 3113 5796 2915 5796 3114 5797 3040 5797 2908 5797 2918 5798 3114 5798 2908 5798 3115 5799 3027 5799 3029 5799 3116 5800 3115 5800 3029 5800 3070 5801 3116 5801 3029 5801 3031 5802 3074 5802 2983 5802 3117 5803 3032 5803 795 5803 3118 5804 3117 5804 795 5804 796 5805 3118 5805 795 5805 3035 5806 3077 5806 2989 5806 3119 5807 3036 5807 1249 5807 3120 5808 3119 5808 1249 5808 1250 5809 3120 5809 1249 5809 3039 5810 3082 5810 2995 5810 3121 5811 3116 5811 3070 5811 3075 5812 3121 5812 3070 5812 3031 5813 3122 5813 3074 5813 3123 5814 3076 5814 3074 5814 3122 5815 3123 5815 3074 5815 3124 5816 3118 5816 796 5816 3078 5817 3124 5817 796 5817 3035 5818 3125 5818 3077 5818 3126 5819 3079 5819 3077 5819 3125 5820 3126 5820 3077 5820 3127 5821 3120 5821 1250 5821 3080 5822 3127 5822 1250 5822 3128 5823 3081 5823 3082 5823 3129 5824 3128 5824 3082 5824 3039 5825 3129 5825 3082 5825 3130 5826 3131 5826 3027 5826 3131 5827 3028 5827 3027 5827 3115 5828 3130 5828 3027 5828 3003 5829 3132 5829 3030 5829 3133 5830 3031 5830 3030 5830 3132 5831 3133 5831 3030 5831 3134 5832 3135 5832 3032 5832 3135 5833 3033 5833 3032 5833 3117 5834 3134 5834 3032 5834 3005 5835 697 5835 3034 5835 844 5836 3035 5836 3034 5836 697 5837 844 5837 3034 5837 3136 5838 3137 5838 3036 5838 3137 5839 3037 5839 3036 5839 3119 5840 3136 5840 3036 5840 3007 5841 1151 5841 3038 5841 1298 5842 3039 5842 3038 5842 1151 5843 1298 5843 3038 5843 3131 5844 3090 5844 3028 5844 3095 5845 3132 5845 3003 5845 3135 5846 3092 5846 3033 5846 695 5847 697 5847 3005 5847 3137 5846 3094 5846 3037 5846 1149 5848 1151 5848 3007 5848 3138 5849 3044 5849 3066 5849 3139 5850 3138 5850 3066 5850 2718 5851 3139 5851 3066 5851 3140 5852 3141 5852 2921 5852 3141 5853 2922 5853 2921 5853 3089 5854 3140 5854 2921 5854 3142 5855 3143 5855 2924 5855 3143 5856 2925 5856 2924 5856 3091 5857 3142 5857 2924 5857 3144 5858 3145 5858 2927 5858 3145 5859 2928 5859 2927 5859 3093 5860 3144 5860 2927 5860 3141 5861 3016 5861 2922 5861 3143 5862 3018 5862 2925 5862 3145 5863 3020 5863 2928 5863 3146 5864 3147 5864 2940 5864 3147 5865 2941 5865 2940 5865 3046 5866 3146 5866 2940 5866 3148 5867 3149 5867 2941 5867 3147 5868 3148 5868 2941 5868 3149 5869 3150 5869 2941 5869 3150 5870 2943 5870 2941 5870 2236 5871 3151 5871 2939 5871 3151 5872 2285 5872 2939 5872 2999 5873 3152 5873 2973 5873 3152 5874 2592 5874 2973 5874 2626 5875 3153 5875 2977 5875 3153 5876 2997 5876 2977 5876 2113 5877 2112 5877 2640 5877 2679 5878 2113 5878 2640 5878 1378 5879 2647 5879 2646 5879 3154 5880 3083 5880 2643 5880 2648 5881 3154 5881 2643 5881 1397 5882 2718 5882 2651 5882 3057 5883 2647 5883 1378 5883 3154 5884 3051 5884 3083 5884 2592 5885 2718 5885 1397 5885 3155 5886 3084 5886 1401 5886 2108 5887 3155 5887 1401 5887 3156 5888 1430 5888 3085 5888 3087 5889 3156 5889 3085 5889 1492 5890 3157 5890 1493 5890 3158 5891 3086 5891 1493 5891 3157 5892 3158 5892 1493 5892 3088 5893 2626 5893 2099 5893 3155 5894 3062 5894 3084 5894 3062 5895 3159 5895 3087 5895 3159 5896 3156 5896 3087 5896 3158 5897 3064 5897 3086 5897 3064 5898 3160 5898 3088 5898 3160 5899 2626 5899 3088 5899 3123 5900 3161 5900 3076 5900 3161 5901 3075 5901 3076 5901 3126 5902 3162 5902 3079 5902 3162 5903 3078 5903 3079 5903 3128 5904 3163 5904 3081 5904 3163 5905 3080 5905 3081 5905 3164 5906 3107 5906 3165 5906 3107 5907 2938 5907 3165 5907 2938 5908 3166 5908 3165 5908 3167 5909 3164 5909 3165 5909 3168 5910 3167 5910 3165 5910 3166 5911 3168 5911 3165 5911 2976 5912 3166 5912 2938 5912 3169 5913 3130 5913 3115 5913 3170 5914 3169 5914 3115 5914 3116 5915 3170 5915 3115 5915 3133 5916 3122 5916 3031 5916 3171 5917 3134 5917 3117 5917 3172 5918 3171 5918 3117 5918 3118 5919 3172 5919 3117 5919 844 5920 3125 5920 3035 5920 3173 5921 3136 5921 3119 5921 3174 5922 3173 5922 3119 5922 3120 5923 3174 5923 3119 5923 1298 5924 3129 5924 3039 5924 3175 5925 3170 5925 3116 5925 3121 5926 3175 5926 3116 5926 3133 5927 3176 5927 3122 5927 3177 5928 3123 5928 3122 5928 3176 5929 3177 5929 3122 5929 3178 5930 3172 5930 3118 5930 3124 5931 3178 5931 3118 5931 844 5932 846 5932 3125 5932 3179 5933 3126 5933 3125 5933 846 5934 3179 5934 3125 5934 3180 5935 3174 5935 3120 5935 3127 5936 3180 5936 3120 5936 3181 5937 3128 5937 3129 5937 1300 5938 3181 5938 3129 5938 1298 5939 1300 5939 3129 5939 3161 5940 3121 5940 3075 5940 3177 5941 3161 5941 3123 5941 3162 5942 3124 5942 3078 5942 3179 5943 3162 5943 3126 5943 3163 5944 3127 5944 3080 5944 3181 5945 3163 5945 3128 5945 3182 5946 3108 5946 3164 5946 3108 5947 3107 5947 3164 5947 3183 5948 3182 5948 3164 5948 3167 5949 3183 5949 3164 5949 2976 5950 3184 5950 3166 5950 3185 5951 3168 5951 3166 5951 3184 5952 3185 5952 3166 5952 2975 5953 3184 5953 2976 5953 3186 5954 3146 5954 3046 5954 3187 5955 3186 5955 3046 5955 3188 5956 3187 5956 3046 5956 3105 5957 3188 5957 3046 5957 3106 5958 3188 5958 3105 5958 3189 5959 3183 5959 3167 5959 3190 5960 3189 5960 3167 5960 3168 5961 3190 5961 3167 5961 3043 5962 3109 5962 3047 5962 3042 5963 3191 5963 3043 5963 3192 5964 3109 5964 3043 5964 3191 5965 3192 5965 3043 5965 3193 5966 3187 5966 3188 5966 3106 5967 3193 5967 3188 5967 3194 5968 3193 5968 3106 5968 3108 5969 3195 5969 3106 5969 3195 5970 3196 5970 3106 5970 3196 5971 3197 5971 3106 5971 3197 5972 3194 5972 3106 5972 3168 5973 3198 5973 3190 5973 3199 5974 3189 5974 3190 5974 3200 5975 3199 5975 3190 5975 3198 5976 3200 5976 3190 5976 3192 5977 3201 5977 3109 5977 3201 5978 3202 5978 3109 5978 3202 5979 3197 5979 3109 5979 3203 5980 3110 5980 3109 5980 3197 5981 3203 5981 3109 5981 3191 5982 3201 5982 3192 5982 3204 5983 3182 5983 3183 5983 3205 5984 3204 5984 3183 5984 3189 5985 3205 5985 3183 5985 3185 5986 3198 5986 3168 5986 3206 5987 3205 5987 3189 5987 3199 5988 3206 5988 3189 5988 3185 5989 3207 5989 3198 5989 3208 5990 3200 5990 3198 5990 3207 5991 3208 5991 3198 5991 3161 5992 3175 5992 3121 5992 3209 5993 3161 5993 3177 5993 3176 5994 3209 5994 3177 5994 3162 5995 3178 5995 3124 5995 3210 5996 3162 5996 3179 5996 846 5997 3210 5997 3179 5997 3163 5998 3180 5998 3127 5998 3211 5999 3163 5999 3181 5999 1300 6000 3211 6000 3181 6000 3212 6001 3195 6001 3182 6001 3195 6002 3108 6002 3182 6002 3204 6003 3212 6003 3182 6003 2975 6004 3213 6004 3184 6004 3214 6005 3185 6005 3184 6005 3213 5909 3214 5909 3184 5909 2974 6006 3213 6006 2975 6006 3208 6007 3215 6007 3200 6007 3215 6008 3199 6008 3200 6008 3216 6009 3151 6009 2236 6009 3217 6010 3216 6010 2236 6010 2235 6011 3217 6011 2236 6011 3218 6012 3212 6012 3204 6012 3219 6013 3218 6013 3204 6013 3205 6014 3219 6014 3204 6014 3214 6015 3207 6015 3185 6015 3220 6016 3219 6016 3205 6016 3206 6017 3220 6017 3205 6017 3214 6018 3221 6018 3207 6018 3222 6019 3208 6019 3207 6019 3221 6020 3222 6020 3207 6020 3215 6021 3206 6021 3199 6021 3222 6022 3215 6022 3208 6022 3215 6023 3220 6023 3206 6023 3223 6024 3215 6024 3222 6024 3221 6025 3223 6025 3222 6025 2999 6026 3224 6026 3152 6026 3224 6027 3225 6027 3152 6027 3226 6028 2592 6028 3152 6028 3225 6029 3226 6029 3152 6029 3224 6030 3226 6030 3225 6030 2999 6031 3227 6031 3224 6031 3227 6032 3226 6032 3224 6032 2999 6033 3228 6033 3227 6033 3228 6034 3226 6034 3227 6034 3217 6035 3151 6035 3216 6035 3141 6036 3229 6036 3016 6036 3229 6037 3015 6037 3016 6037 3230 6038 3111 6038 3015 6038 3231 6039 3230 6039 3015 6039 3229 6040 3231 6040 3015 6040 3232 6041 3169 6041 3170 6041 3233 6042 3234 6042 3169 6042 3234 6043 3130 6043 3169 6043 3232 6044 3233 6044 3169 6044 3235 6045 3236 6045 3131 6045 3236 6046 3090 6046 3131 6046 3130 6047 3235 6047 3131 6047 3234 6048 3235 6048 3130 6048 3236 6049 3089 6049 3090 6049 3237 6050 3140 6050 3089 6050 3238 6051 3237 6051 3089 6051 3236 6052 3238 6052 3089 6052 3143 6053 3239 6053 3018 6053 3239 6054 3017 6054 3018 6054 3240 6055 3112 6055 3017 6055 3241 6056 3240 6056 3017 6056 3239 6057 3241 6057 3017 6057 3242 6058 3171 6058 3172 6058 3243 6059 3244 6059 3171 6059 3244 6060 3134 6060 3171 6060 3242 6061 3243 6061 3171 6061 3245 6062 3246 6062 3135 6062 3246 6063 3092 6063 3135 6063 3134 6064 3245 6064 3135 6064 3244 6065 3245 6065 3134 6065 3246 6066 3091 6066 3092 6066 3247 6067 3142 6067 3091 6067 3248 6068 3247 6068 3091 6068 3246 6069 3248 6069 3091 6069 3145 6070 3249 6070 3020 6070 3249 6071 3019 6071 3020 6071 3250 6072 3113 6072 3019 6072 3251 6073 3250 6073 3019 6073 3249 6074 3251 6074 3019 6074 3252 6075 3173 6075 3174 6075 3253 6076 3254 6076 3173 6076 3254 1404 3136 1404 3173 1404 3252 6077 3253 6077 3173 6077 3255 6078 3256 6078 3137 6078 3256 6079 3094 6079 3137 6079 3136 6080 3255 6080 3137 6080 3254 6081 3255 6081 3136 6081 3256 6082 3093 6082 3094 6082 3257 6083 3144 6083 3093 6083 3258 6084 3257 6084 3093 6084 3256 6085 3258 6085 3093 6085 3217 6086 2235 6086 3151 6086 2235 6087 3259 6087 3151 6087 3259 6088 3260 6088 3151 6088 3260 6089 3261 6089 3151 6089 3261 6090 3262 6090 3151 6090 3262 6091 3263 6091 3151 6091 3263 6092 3264 6092 3151 6092 3264 6093 2285 6093 3151 6093 3265 6094 3266 6094 2909 6094 3041 6095 3265 6095 2909 6095 2909 6096 3267 6096 2919 6096 3267 6097 2920 6097 2919 6097 3266 6098 3267 6098 2909 6098 3226 6099 3268 6099 2592 6099 3268 6100 3269 6100 2592 6100 3269 6101 3270 6101 2592 6101 3270 6102 3271 6102 2592 6102 3272 6103 3273 6103 2592 6103 3273 6104 3274 6104 2592 6104 3274 6105 3275 6105 2592 6105 3271 6106 3276 6106 2592 6106 3276 6107 3277 6107 2592 6107 3277 6108 3272 6108 2592 6108 3278 6109 3279 6109 2626 6109 3280 6110 3281 6110 2626 6110 3281 6111 3282 6111 2626 6111 3279 6112 3153 6112 2626 6112 3282 6113 3283 6113 2626 6113 3283 6114 3284 6114 2626 6114 3284 6115 3285 6115 2626 6115 3285 6116 3286 6116 2626 6116 3286 6117 3287 6117 2626 6117 3287 6118 3278 6118 2626 6118 3288 6119 3051 6119 3154 6119 3289 6120 3288 6120 3154 6120 2648 6121 3289 6121 3154 6121 3290 6122 3064 6122 3158 6122 3157 6123 3290 6123 3158 6123 3290 6124 3291 6124 3064 6124 3292 6125 3293 6125 3064 6125 3294 6126 3292 6126 3064 6126 3291 6127 3294 6127 3064 6127 3293 6128 3160 6128 3064 6128 3295 6129 3296 6129 3297 6129 3298 6130 3295 6130 3297 6130 3299 6131 3298 6131 3297 6131 3300 6132 3299 6132 3297 6132 3301 6133 3302 6133 3303 6133 3302 6134 3304 6134 3303 6134 3304 6135 3305 6135 3303 6135 3305 6136 3306 6136 3303 6136 3307 6137 3308 6137 3306 6137 3309 6138 3307 6138 3306 6138 3305 6139 3310 6139 3306 6139 3310 6140 3309 6140 3306 6140 3311 6141 3299 6141 3300 6141 3051 6142 3312 6142 3300 6142 3312 6143 3313 6143 3300 6143 3313 6144 3311 6144 3300 6144 3314 6145 3052 6145 3308 6145 3307 6146 3314 6146 3308 6146 3315 6147 3316 6147 3317 6147 3318 6148 3315 6148 3317 6148 3319 6149 3318 6149 3317 6149 1489 6150 3319 6150 3317 6150 3320 6151 3321 6151 3316 6151 3322 6152 3320 6152 3316 6152 3315 6153 3322 6153 3316 6153 3323 6154 3324 6154 3321 6154 3320 6155 3323 6155 3321 6155 1492 6156 3325 6156 3157 6156 3325 6157 3290 6157 3157 6157 3326 6158 3327 6158 2648 6158 2647 6159 3326 6159 2648 6159 3327 6160 3289 6160 2648 6160 1587 6161 1501 6161 1847 6161 1501 6162 1500 6162 1847 6162 1500 6163 1845 6163 1847 6163 1849 6164 1845 6164 1500 6164 3293 6165 3280 6165 3160 6165 3280 6166 2626 6166 3160 6166 3275 6167 3328 6167 2592 6167 3328 6168 2718 6168 2592 6168 3329 6169 3330 6169 2718 6169 3331 6170 3329 6170 2718 6170 3332 6171 3333 6171 2718 6171 3333 6172 3334 6172 2718 6172 3334 6173 3331 6173 2718 6173 3330 6174 3139 6174 2718 6174 3328 6175 3335 6175 2718 6175 3335 6176 3336 6176 2718 6176 3336 6177 3332 6177 2718 6177 3337 6178 3040 6178 3114 6178 3338 6179 3337 6179 3114 6179 2918 6180 3338 6180 3114 6180 3339 6181 3340 6181 2999 6181 3340 6182 3228 6182 2999 6182 3341 6183 3268 6183 2999 6183 3268 6184 3226 6184 2999 6184 3226 6185 3339 6185 2999 6185 3014 6186 3341 6186 2999 6186 3153 6187 3342 6187 2997 6187 3342 6188 3343 6188 2997 6188 3343 6189 2998 6189 2997 6189 3344 6190 3345 6190 3346 6190 3347 6191 3344 6191 3346 6191 3348 6192 3347 6192 3346 6192 3321 6193 3349 6193 3350 6193 3316 6194 3321 6194 3350 6194 3351 6195 3316 6195 3350 6195 3324 6196 3349 6196 3321 6196 3352 6197 3345 6197 3344 6197 3353 6198 3354 6198 3161 6198 3209 6199 3353 6199 3161 6199 3355 6200 3356 6200 3161 6200 3357 6201 3355 6201 3161 6201 3354 6202 3357 6202 3161 6202 3356 6203 3175 6203 3161 6203 3358 6204 3353 6204 3209 6204 3176 6205 3358 6205 3209 6205 3351 6206 3317 6206 3316 6206 3352 6207 1430 6207 3345 6207 1492 6208 3317 6208 3351 6208 1466 6209 1430 6209 3352 6209 1492 6210 1489 6210 3317 6210 3056 6211 3359 6211 3057 6211 3360 6212 1430 6212 3156 6212 3361 6213 3360 6213 3156 6213 3362 6214 1574 6214 1577 6214 1480 6215 3362 6215 1577 6215 1487 6216 1480 6216 1577 6216 1581 6217 1487 6217 1577 6217 3363 6218 3364 6218 1503 6218 3365 6219 3363 6219 1503 6219 1586 6220 3365 6220 1503 6220 3364 6221 1491 6221 1503 6221 1589 6222 1586 6222 1503 6222 1502 6223 1589 6223 1503 6223 1502 6224 1501 6224 3324 6224 1501 6225 3349 6225 3324 6225 3323 6226 3366 6226 3324 6226 3366 6227 1502 6227 3324 6227 3300 6228 3306 6228 3308 6228 3051 6229 3300 6229 3308 6229 3052 6230 3051 6230 3308 6230 3367 6231 3055 6231 3368 6231 3369 6232 3367 6232 3368 6232 3370 6233 3369 6233 3368 6233 3056 6234 3055 6234 3367 6234 3297 6235 3306 6235 3300 6235 3297 6236 3303 6236 3306 6236 3371 6237 3023 6237 3040 6237 3337 6238 3371 6238 3040 6238 3372 6239 3369 6239 3370 6239 3373 6240 3372 6240 3370 6240 3297 6241 3301 6241 3303 6241 3296 6242 3301 6242 3297 6242 3356 6243 3170 6243 3175 6243 3343 6244 3374 6244 2998 6244 3374 6245 3024 6245 2998 6245 3356 6246 3232 6246 3170 6246 3375 6247 2996 6247 3023 6247 3371 6248 3375 6248 3023 6248 1480 6249 3054 6249 3362 6249 1480 6250 1466 6250 3376 6250 3055 6251 1480 6251 3376 6251 2970 6252 3377 6252 2965 6252 3378 6253 2966 6253 2965 6253 3377 6254 3378 6254 2965 6254 3069 6255 3379 6255 2882 6255 3380 6256 2967 6256 2882 6256 3379 6257 3380 6257 2882 6257 3381 6258 3049 6258 2996 6258 3375 6259 3381 6259 2996 6259 3374 6260 3265 6260 3024 6260 3265 6261 3041 6261 3024 6261 3021 6262 3382 6262 3012 6262 3383 6263 3009 6263 3012 6263 3382 6264 3383 6264 3012 6264 3022 6265 3384 6265 3013 6265 3385 6266 3011 6266 3013 6266 3384 6267 3385 6267 3013 6267 3386 6268 3387 6268 846 6268 844 6269 3386 6269 846 6269 3387 6270 3210 6270 846 6270 2013 6271 1886 6271 2015 6271 1879 6272 2013 6272 2015 6272 1883 6273 1879 6273 2015 6273 1880 6274 1868 6274 1886 6274 2013 6275 1880 6275 1886 6275 1862 6276 1868 6276 1880 6276 3388 6277 3213 6277 2974 6277 3110 6278 3388 6278 2974 6278 3096 6279 3389 6279 3095 6279 3390 6280 3132 6280 3095 6280 3389 6281 3390 6281 3095 6281 1861 6282 1879 6282 1883 6282 1866 6283 1861 6283 1883 6283 1862 6284 1849 6284 1868 6284 1845 6285 1849 6285 1862 6285 3391 6286 3392 6286 3221 6286 3214 6287 3391 6287 3221 6287 3392 6288 3223 6288 3221 6288 3213 6289 3391 6289 3214 6289 696 6290 3393 6290 695 6290 3394 6291 697 6291 695 6291 3393 6292 3394 6292 695 6292 1579 6293 1861 6293 1866 6293 1839 6294 1579 6294 1866 6294 3395 6295 3396 6295 3162 6295 3210 6296 3395 6296 3162 6296 3397 6200 3398 6200 3162 6200 3399 6297 3397 6297 3162 6297 3396 6298 3399 6298 3162 6298 3398 6299 3178 6299 3162 6299 3387 6300 3395 6300 3210 6300 3400 6301 3401 6301 3215 6301 3223 6302 3400 6302 3215 6302 3402 6303 3403 6303 3215 6303 3404 6304 3402 6304 3215 6304 3401 6305 3404 6305 3215 6305 3403 6306 3220 6306 3215 6306 3392 6307 3400 6307 3223 6307 3405 6308 1491 6308 3364 6308 1585 6309 3406 6309 3407 6309 1586 6310 1585 6310 3407 6310 3408 6311 1488 6311 3405 6311 1488 6312 1491 6312 3405 6312 1585 6313 1574 6313 3406 6313 1480 6314 3055 6314 3054 6314 3053 6315 3409 6315 3054 6315 3409 6316 3410 6316 3054 6316 3410 6317 3411 6317 3054 6317 3411 6318 3362 6318 3054 6318 1488 6319 3053 6319 3052 6319 1489 6320 1488 6320 3052 6320 3412 6321 1489 6321 3052 6321 3314 6322 3412 6322 3052 6322 3288 6323 3413 6323 3051 6323 3413 6324 3312 6324 3051 6324 3414 6325 3319 6325 1489 6325 3412 6326 3414 6326 1489 6326 3415 6327 3325 6327 1492 6327 3351 6328 3416 6328 1492 6328 3416 6329 3417 6329 1492 6329 3417 6330 3415 6330 1492 6330 3362 6331 3418 6331 1574 6331 3418 6332 3419 6332 1574 6332 3419 6333 3406 6333 1574 6333 3420 6334 3365 6334 1586 6334 3407 6335 3420 6335 1586 6335 1581 6336 1587 6336 1589 6336 3421 6337 1581 6337 1589 6337 1502 6338 3421 6338 1589 6338 3366 6339 3421 6339 1502 6339 1581 6340 1580 6340 1587 6340 3422 6341 1501 6341 1587 6341 3423 6342 3422 6342 1587 6342 1580 6343 3423 6343 1587 6343 3422 6344 3349 6344 1501 6344 1580 6345 1579 6345 1839 6345 1486 6161 1580 6161 1839 6161 3424 6346 3389 6346 3096 6346 3425 6347 3424 6347 3096 6347 3010 6348 3425 6348 3096 6348 3426 6349 3382 6349 3021 6349 3427 6350 3426 6350 3021 6350 2971 6351 3427 6351 3021 6351 3428 6352 3393 6352 696 6352 3429 6353 3428 6353 696 6353 694 6354 3429 6354 696 6354 3430 6355 3384 6355 3022 6355 3431 6356 3430 6356 3022 6356 2972 6357 3431 6357 3022 6357 3388 6358 3391 6358 3213 6358 2920 6359 3432 6359 3042 6359 3432 6360 3191 6360 3042 6360 3053 6361 3433 6361 3409 6361 3433 6362 3434 6362 3409 6362 3434 6363 3435 6363 3409 6363 3435 6364 3436 6364 3409 6364 3403 6365 3219 6365 3220 6365 3437 6366 3358 6366 3176 6366 3133 6367 3437 6367 3176 6367 3438 6368 3218 6368 3219 6368 3403 6369 3438 6369 3219 6369 3398 6370 3172 6370 3178 6370 3439 6371 3440 6371 3218 6371 3440 6372 3212 6372 3218 6372 3438 6373 3439 6373 3218 6373 3212 6374 3196 6374 3195 6374 3440 6375 3196 6375 3212 6375 3398 6376 3242 6376 3172 6376 3441 6377 3341 6377 3014 6377 3026 6378 3441 6378 3014 6378 3434 6379 3442 6379 3435 6379 3442 6380 3443 6380 3435 6380 3443 6381 3436 6381 3435 6381 3444 6382 3409 6382 3436 6382 3443 6383 3445 6383 3436 6383 3445 6384 3444 6384 3436 6384 3433 6385 3446 6385 3434 6385 3446 6386 3447 6386 3434 6386 3447 6387 3442 6387 3434 6387 3444 6388 3448 6388 3409 6388 3448 6389 3449 6389 3409 6389 3449 6390 3410 6390 3409 6390 3450 6391 3446 6391 3433 6391 3053 6392 3451 6392 3433 6392 3451 6393 3452 6393 3433 6393 3452 6394 3450 6394 3433 6394 3411 6395 3453 6395 3362 6395 3453 6396 3418 6396 3362 6396 3419 6397 3407 6397 3406 6397 3454 6398 1488 6398 3408 6398 3405 6399 3455 6399 3408 6399 3455 6400 3456 6400 3408 6400 3456 6401 3454 6401 3408 6401 3419 6402 3457 6402 3407 6402 3458 6403 3420 6403 3407 6403 3457 6404 3458 6404 3407 6404 3363 6405 3459 6405 3405 6405 3459 6406 3460 6406 3405 6406 3460 6407 3455 6407 3405 6407 3364 6408 3363 6408 3405 6408 3461 6409 3462 6409 3345 6409 3462 6410 3346 6410 3345 6410 1430 6411 3463 6411 3345 6411 3463 6412 3464 6412 3345 6412 3464 6413 3461 6413 3345 6413 3465 6414 3466 6414 3351 6414 3466 6415 3416 6415 3351 6415 3350 6416 3467 6416 3351 6416 3467 6417 3468 6417 3351 6417 3468 6418 3465 6418 3351 6418 3469 6419 3348 6419 3346 6419 3470 6420 3469 6420 3346 6420 3471 6421 3470 6421 3346 6421 3462 6422 3472 6422 3346 6422 3472 6423 3471 6423 3346 6423 3473 6424 3474 6424 3350 6424 3474 6425 3467 6425 3350 6425 3475 6426 3473 6426 3350 6426 3349 6427 3475 6427 3350 6427 3009 6428 3425 6428 3010 6428 2966 6429 3427 6429 2971 6429 2109 6430 3476 6430 2108 6430 3477 6431 3155 6431 2108 6431 3476 6432 3477 6432 2108 6432 3478 6433 2113 6433 2679 6433 2678 6434 3478 6434 2679 6434 3477 6435 3062 6435 3155 6435 3132 6436 3437 6436 3133 6436 3479 6437 3480 6437 3163 6437 3211 6438 3479 6438 3163 6438 3481 6439 3482 6439 3163 6439 3483 6440 3481 6440 3163 6440 3480 6441 3483 6441 3163 6441 3482 6442 3180 6442 3163 6442 3484 6443 3479 6443 3211 6443 1300 6444 3484 6444 3211 6444 3477 6445 3485 6445 3062 6445 3486 6446 3487 6446 3062 6446 3488 6447 3486 6447 3062 6447 3485 6448 3488 6448 3062 6448 3487 6449 3159 6449 3062 6449 3296 6450 3372 6450 3373 6450 3301 6451 3296 6451 3373 6451 3489 6452 3490 6452 3373 6452 3370 6453 3489 6453 3373 6453 3491 2851 3301 2851 3373 2851 3490 6454 3491 6454 3373 6454 3492 6455 3344 6455 3347 6455 3348 6456 1487 6456 3347 6456 1487 5109 3492 5109 3347 5109 3348 6457 1486 6457 1487 6457 1581 6458 3492 6458 1487 6458 3421 6459 3492 6459 1581 6459 3469 6460 3493 6460 3348 6460 3493 6461 1486 6461 3348 6461 3493 6462 3423 6462 1486 6462 3423 6463 1580 6463 1486 6463 3390 6464 3437 6464 3132 6464 3383 6465 3425 6465 3009 6465 3378 6466 3427 6466 2966 6466 3482 6467 3174 6467 3180 6467 3487 6468 3361 6468 3159 6468 3361 6469 3156 6469 3159 6469 3359 6470 3494 6470 3057 6470 3494 6471 2647 6471 3057 6471 3482 6472 3252 6472 3174 6472 3494 6473 3326 6473 2647 6473 3372 6474 3495 6474 3369 6474 3495 6475 3496 6475 3369 6475 3496 6476 3497 6476 3369 6476 3497 6477 3498 6477 3369 6477 3498 6478 3367 6478 3369 6478 3499 6479 3489 6479 3370 6479 3368 6480 3500 6480 3370 6480 3500 6481 3501 6481 3370 6481 3501 6482 3499 6482 3370 6482 3502 6483 3056 6483 3367 6483 3503 6484 3502 6484 3367 6484 3504 6485 3503 6485 3367 6485 3498 6486 3505 6486 3367 6486 3505 6487 3504 6487 3367 6487 3506 6488 3507 6488 3368 6488 3507 6489 3500 6489 3368 6489 3508 6490 3506 6490 3368 6490 3055 6491 3508 6491 3368 6491 3509 6492 3055 6492 3376 6492 3510 6493 3509 6493 3376 6493 1466 6494 3510 6494 3376 6494 3511 6495 1466 6495 3352 6495 3512 6496 3511 6496 3352 6496 3344 6497 3513 6497 3352 6497 3513 6498 3514 6498 3352 6498 3514 6499 3512 6499 3352 6499 3492 6500 3515 6500 3344 6500 3515 6501 3513 6501 3344 6501 3011 6502 3429 6502 694 6502 2967 6503 3431 6503 2972 6503 697 6504 3386 6504 844 6504 1488 6505 3516 6505 3053 6505 3516 6506 3451 6506 3053 6506 3422 6507 3475 6507 3349 6507 3394 6508 3386 6508 697 6508 3385 6509 3429 6509 3011 6509 3380 6510 3431 6510 2967 6510 3517 6511 2968 6511 2943 6511 3150 6512 3517 6512 2943 6512 3518 6513 2969 6513 2968 6513 3517 6514 3518 6514 2968 6514 999 6515 3519 6515 1148 6515 3519 6516 1150 6516 1148 6516 2969 6517 3520 6517 995 6517 3520 6518 997 6518 995 6518 3521 6519 3484 6519 1300 6519 1298 6520 3521 6520 1300 6520 997 133 3522 133 996 133 3523 6521 999 6521 996 6521 3522 6522 3523 6522 996 6522 1150 6523 3524 6523 1149 6523 3525 6524 1151 6524 1149 6524 3524 6525 3525 6525 1149 6525 1151 6526 3521 6526 1298 6526 3296 6527 3526 6527 3372 6527 3526 6528 3527 6528 3372 6528 3527 6529 3495 6529 3372 6529 3528 6530 3529 6530 3056 6530 3530 6531 3528 6531 3056 6531 3531 6532 3530 6532 3056 6532 3529 6533 3359 6533 3056 6533 3502 6534 3531 6534 3056 6534 3532 6535 3508 6535 3055 6535 3509 6536 3532 6536 3055 6536 3525 6537 3521 6537 1151 6537 3523 6509 3519 6509 999 6509 3533 6538 3524 6538 1150 6538 3519 6539 3533 6539 1150 6539 3534 6540 3522 6540 997 6540 3520 6541 3534 6541 997 6541 3518 6542 3520 6542 2969 6542 3044 6543 3535 6543 3026 6543 3535 6544 3441 6544 3026 6544 3295 6545 3526 6545 3296 6545 3491 6546 3302 6546 3301 6546 3454 6547 3536 6547 1488 6547 3536 6548 3537 6548 1488 6548 3537 6549 3516 6549 1488 6549 3538 6550 3539 6550 2918 6550 3539 6551 3338 6551 2918 6551 3540 6552 3538 6552 2917 6552 3538 6553 2918 6553 2917 6553 3098 6554 3540 6554 2917 6554 3138 6555 3535 6555 3044 6555 3360 6556 3541 6556 1430 6556 3541 6557 3463 6557 1430 6557 3511 6558 3510 6558 1466 6558 3068 6559 3542 6559 2970 6559 3542 6560 3377 6560 2970 6560 3267 6561 3543 6561 2920 6561 3543 6562 3432 6562 2920 6562 3478 6563 2114 6563 2113 6563 3340 6564 3226 6564 3228 6564 3339 6565 3226 6565 3340 6565 3402 6566 3438 6566 3403 6566 3392 6567 3544 6567 3400 6567 3544 6568 3401 6568 3400 6568 3381 6569 2259 6569 3049 6569 3404 6570 3545 6570 3402 6570 3545 6571 3438 6571 3402 6571 3544 6572 3546 6572 3401 6572 3546 6573 3404 6573 3401 6573 3547 6574 3548 6574 3439 6574 3548 6575 3440 6575 3439 6575 3545 6576 3547 6576 3439 6576 3438 6577 3545 6577 3439 6577 3388 6578 3549 6578 3391 6578 3549 6579 3392 6579 3391 6579 3549 6580 3544 6580 3392 6580 2246 6581 3259 6581 2235 6581 3546 6582 3545 6582 3404 6582 3548 6583 3550 6583 3440 6583 3550 6584 3196 6584 3440 6584 3110 6585 3551 6585 3388 6585 3551 6586 3549 6586 3388 6586 3550 6587 3197 6587 3196 6587 3203 6588 3551 6588 3110 6588 3355 6589 3232 6589 3356 6589 3358 6590 3552 6590 3353 6590 3552 6591 3354 6591 3353 6591 3397 6592 3242 6592 3398 6592 3387 6593 3553 6593 3395 6593 3553 6594 3396 6594 3395 6594 3481 6595 3252 6595 3482 6595 3484 6596 3554 6596 3479 6596 3554 6597 3480 6597 3479 6597 2246 6598 3555 6598 3259 6598 3556 6599 3260 6599 3259 6599 3557 6600 3558 6600 3259 6600 3555 6601 3557 6601 3259 6601 3558 6602 3559 6602 3259 6602 3559 6603 3560 6603 3259 6603 3560 6604 3556 6604 3259 6604 3561 6605 3562 6605 3547 6605 3562 6606 3548 6606 3547 6606 3546 6607 3561 6607 3547 6607 3545 6608 3546 6608 3547 6608 3551 6609 3561 6609 3549 6609 3561 6610 3544 6610 3549 6610 3561 6611 3546 6611 3544 6611 3563 6612 3564 6612 3186 6612 3564 6613 3565 6613 3186 6613 3565 6614 3146 6614 3186 6614 3187 6615 3193 6615 3186 6615 3193 6616 3563 6616 3186 6616 3194 6617 3564 6617 3563 6617 3193 6618 3194 6618 3563 6618 3551 6619 3562 6619 3561 6619 3566 6620 3567 6620 3568 6620 3191 6621 3566 6621 3568 6621 3202 6622 3201 6622 3568 6622 3201 6623 3191 6623 3568 6623 3567 6624 3202 6624 3568 6624 3432 6625 3566 6625 3191 6625 3567 6626 3569 6626 3202 6626 3569 6627 3570 6627 3202 6627 3570 6628 3197 6628 3202 6628 3562 6629 3571 6629 3548 6629 3571 6630 3550 6630 3548 6630 3203 6631 3562 6631 3551 6631 3571 6632 3197 6632 3550 6632 3197 6633 3571 6633 3203 6633 3571 6634 3562 6634 3203 6634 3357 6635 3572 6635 3355 6635 3572 6636 3232 6636 3355 6636 3552 6637 3573 6637 3354 6637 3573 6638 3357 6638 3354 6638 3399 6639 891 6639 3397 6639 891 6640 3242 6640 3397 6640 3553 6641 3574 6641 3396 6641 3574 6642 3399 6642 3396 6642 3483 6643 1345 6643 3481 6643 1345 6644 3252 6644 3481 6644 3554 6645 3575 6645 3480 6645 3575 6646 3483 6646 3480 6646 3576 6647 3577 6647 3233 6647 3577 6648 3234 6648 3233 6648 3572 6649 3576 6649 3233 6649 3232 6650 3572 6650 3233 6650 3390 6651 3578 6651 3437 6651 3578 6652 3358 6652 3437 6652 898 6653 3579 6653 3243 6653 3579 6654 3244 6654 3243 6654 891 6655 898 6655 3243 6655 3242 6656 891 6656 3243 6656 3394 6657 3580 6657 3386 6657 3580 6658 3387 6658 3386 6658 1352 5638 3581 5638 3253 5638 3581 6659 3254 6659 3253 6659 1345 6660 1352 6660 3253 6660 3252 6661 1345 6661 3253 6661 3525 6662 3582 6662 3521 6662 3582 6663 3484 6663 3521 6663 3578 6664 3552 6664 3358 6664 3580 6665 3553 6665 3387 6665 3582 6666 3554 6666 3484 6666 3573 6667 3572 6667 3357 6667 3574 6668 891 6668 3399 6668 3575 6669 1345 6669 3483 6669 3583 6670 3584 6670 2678 6670 2227 6671 3583 6671 2678 6671 3585 6672 3478 6672 2678 6672 3584 6673 3585 6673 2678 6673 3586 6674 3326 6674 3494 6674 3587 6675 3586 6675 3494 6675 3359 6676 3587 6676 3494 6676 3326 6677 3588 6677 3327 6677 3589 6678 3289 6678 3327 6678 3588 6679 3589 6679 3327 6679 3590 6680 3591 6680 3328 6680 3591 6681 3592 6681 3328 6681 3593 6682 3590 6682 3328 6682 3592 6683 3594 6683 3328 6683 3594 6684 3335 6684 3328 6684 3275 6685 3593 6685 3328 6685 3595 6686 2114 6686 3478 6686 3585 6687 3595 6687 3478 6687 3529 6688 3587 6688 3359 6688 3589 6689 3288 6689 3289 6689 3596 6690 3597 6690 3275 6690 3598 6691 3596 6691 3275 6691 3599 6692 3600 6692 3275 6692 3274 6693 3601 6693 3275 6693 3601 6694 3599 6694 3275 6694 3600 6695 3602 6695 3275 6695 3602 6696 3603 6696 3275 6696 3603 6697 3604 6697 3275 6697 3604 6698 3605 6698 3275 6698 3605 6699 3606 6699 3275 6699 3606 6700 3598 6700 3275 6700 3597 6701 3593 6701 3275 6701 2109 6702 3607 6702 3476 6702 3607 6703 3608 6703 3476 6703 3485 6704 3477 6704 3476 6704 3608 6705 3485 6705 3476 6705 3609 6706 3360 6706 3361 6706 3610 6707 3609 6707 3361 6707 3487 6708 3610 6708 3361 6708 3415 6709 3611 6709 3325 6709 3291 6710 3290 6710 3325 6710 3611 6711 3291 6711 3325 6711 3612 6712 3613 6712 3280 6712 3613 6713 3614 6713 3280 6713 3614 6714 3615 6714 3280 6714 3615 6715 3616 6715 3280 6715 3616 6716 3617 6716 3280 6716 3617 6717 3618 6717 3280 6717 3618 6718 3619 6718 3280 6718 3619 6719 3620 6719 3280 6719 3620 6720 3281 6720 3280 6720 3293 6721 3612 6721 3280 6721 3486 6722 3610 6722 3487 6722 3292 6723 3612 6723 3293 6723 3279 6724 3342 6724 3153 6724 3621 6725 3622 6725 3146 6725 3622 6726 3147 6726 3146 6726 3565 6727 3621 6727 3146 6727 3622 6728 3148 6728 3147 6728 3237 6729 3623 6729 3140 6729 3623 6730 3141 6730 3140 6730 3247 6731 3624 6731 3142 6731 3624 6732 3143 6732 3142 6732 3257 6733 3625 6733 3144 6733 3625 6734 3145 6734 3144 6734 3623 6735 3229 6735 3141 6735 3624 6736 3239 6736 3143 6736 3625 6737 3249 6737 3145 6737 3577 6738 3626 6738 3234 6738 3626 6739 3235 6739 3234 6739 3389 6740 3627 6740 3390 6740 3627 6741 3578 6741 3390 6741 3579 6742 3628 6742 3244 6742 3628 6743 3245 6743 3244 6743 3393 6744 3629 6744 3394 6744 3629 6745 3580 6745 3394 6745 3581 6746 3630 6746 3254 6746 3630 6747 3255 6747 3254 6747 3524 6748 3631 6748 3525 6748 3631 6749 3582 6749 3525 6749 3626 6750 3632 6750 3235 6750 3632 6751 3236 6751 3235 6751 3424 6752 3633 6752 3389 6752 3633 6753 3627 6753 3389 6753 3628 6754 748 6754 3245 6754 748 6755 3246 6755 3245 6755 3428 5644 3634 5644 3393 5644 3634 6756 3629 6756 3393 6756 3630 6757 1202 6757 3255 6757 1202 6758 3256 6758 3255 6758 3533 6078 3635 6078 3524 6078 3635 6759 3631 6759 3524 6759 3636 6760 3637 6760 3576 6760 3637 6761 3577 6761 3576 6761 3573 6762 3636 6762 3576 6762 3572 6763 3573 6763 3576 6763 3627 6764 3636 6764 3578 6764 3636 6765 3552 6765 3578 6765 3638 6766 3639 6766 898 6766 3639 6767 3579 6767 898 6767 3574 6768 3638 6768 898 6768 891 6769 3574 6769 898 6769 3629 6770 3638 6770 3580 6770 3638 6771 3553 6771 3580 6771 3640 6772 3641 6772 1352 6772 3641 6773 3581 6773 1352 6773 3575 6774 3640 6774 1352 6774 1345 6775 3575 6775 1352 6775 3631 6776 3640 6776 3582 6776 3640 6777 3554 6777 3582 6777 3636 6778 3573 6778 3552 6778 3638 6779 3574 6779 3553 6779 3640 6780 3575 6780 3554 6780 3374 6781 3642 6781 3265 6781 3642 6782 3266 6782 3265 6782 3230 6783 3643 6783 3111 6783 3643 6784 3097 6784 3111 6784 3240 6785 3644 6785 3112 6785 3644 6786 3099 6786 3112 6786 3250 6787 3645 6787 3113 6787 3645 6788 3100 6788 3113 6788 3194 6789 3646 6789 3564 6789 3646 6790 3565 6790 3564 6790 3566 5480 3569 5480 3567 5480 3197 6791 3647 6791 3194 6791 3647 6792 3646 6792 3194 6792 3566 6793 3648 6793 3569 6793 3648 6794 3649 6794 3569 6794 3649 5487 3570 5487 3569 5487 3643 6795 3650 6795 3097 6795 3650 6796 3098 6796 3097 6796 3644 6797 3651 6797 3099 6797 3651 6798 3067 6798 3099 6798 3645 6799 3652 6799 3100 6799 3652 6800 3101 6800 3100 6800 3653 6801 3540 6801 3098 6801 3650 6802 3653 6802 3098 6802 3652 6803 3102 6803 3101 6803 3654 6804 3655 6804 3238 6804 3655 6805 3237 6805 3238 6805 3632 6806 3654 6806 3238 6806 3236 6807 3632 6807 3238 6807 3383 6808 3656 6808 3425 6808 3656 6809 3424 6809 3425 6809 752 6810 3657 6810 3248 6810 3657 6811 3247 6811 3248 6811 748 6812 752 6812 3248 6812 3246 6813 748 6813 3248 6813 3385 6814 3658 6814 3429 6814 3658 6815 3428 6815 3429 6815 1206 6816 3659 6816 3258 6816 3659 6817 3257 6817 3258 6817 1202 6818 1206 6818 3258 6818 3256 6819 1202 6819 3258 6819 3523 6820 3660 6820 3519 6820 3660 6821 3533 6821 3519 6821 3661 6822 3633 6822 3424 6822 3656 6823 3661 6823 3424 6823 3662 6824 3634 6824 3428 6824 3658 6825 3662 6825 3428 6825 3663 6824 3635 6824 3533 6824 3660 6826 3663 6826 3533 6826 3664 6827 3665 6827 3584 6827 3583 6828 3664 6828 3584 6828 3528 6829 3585 6829 3584 6829 3665 6830 3528 6830 3584 6830 3665 6831 3586 6831 3587 6831 3529 6832 3665 6832 3587 6832 3326 6833 3666 6833 3588 6833 3667 6834 3589 6834 3588 6834 3666 6835 3667 6835 3588 6835 3666 6836 3590 6836 3593 6836 3597 6837 3666 6837 3593 6837 3668 6838 3595 6838 3585 6838 3528 6839 3668 6839 3585 6839 3528 6840 3665 6840 3529 6840 3669 6841 3288 6841 3589 6841 3667 6842 3669 6842 3589 6842 3670 6843 3667 6843 3597 6843 3596 6844 3670 6844 3597 6844 3667 6845 3666 6845 3597 6845 3671 6846 3672 6846 3608 6846 3673 6847 3671 6847 3608 6847 3607 6848 3674 6848 3608 6848 3674 6849 3673 6849 3608 6849 3488 6850 3485 6850 3608 6850 3672 6851 3488 6851 3608 6851 3675 6852 3609 6852 3610 6852 3672 6853 3675 6853 3610 6853 3486 6854 3672 6854 3610 6854 3415 6855 3676 6855 3611 6855 3294 6856 3291 6856 3611 6856 3676 6857 3294 6857 3611 6857 3676 6858 3677 6858 3612 6858 3677 6859 3613 6859 3612 6859 3292 6860 3676 6860 3612 6860 3488 6861 3672 6861 3486 6861 3294 6862 3676 6862 3292 6862 3627 6863 3637 6863 3636 6863 3629 6864 3639 6864 3638 6864 3631 6865 3641 6865 3640 6865 3651 6866 3678 6866 3067 6866 3678 6867 3068 6867 3067 6867 2907 6868 3679 6868 3069 6868 3679 6869 3379 6869 3069 6869 3678 6870 3542 6870 3068 6870 3104 6871 3679 6871 2907 6871 3330 6872 3138 6872 3139 6872 3664 6873 3586 6873 3665 6873 3326 6874 3590 6874 3666 6874 3680 6875 3668 6875 3528 6875 3530 6876 3680 6876 3528 6876 3670 6877 3669 6877 3667 6877 3671 6878 3675 6878 3672 6878 3415 6879 3677 6879 3676 6879 3375 6880 3681 6880 3381 6880 3681 6881 2259 6881 3381 6881 2245 6882 3555 6882 2246 6882 3682 6883 3138 6883 3330 6883 3329 6884 3682 6884 3330 6884 3683 6885 3621 6885 3565 6885 3684 6886 3683 6886 3565 6886 3685 6887 3684 6887 3565 6887 3646 6888 3685 6888 3565 6888 3432 6889 3686 6889 3566 6889 3686 6890 3648 6890 3566 6890 3647 6791 3685 6791 3646 6791 3686 6891 3649 6891 3648 6891 3687 6892 3535 6892 3138 6892 3682 6893 3687 6893 3138 6893 3688 6894 3337 6894 3338 6894 3539 6895 3688 6895 3338 6895 3543 6896 3689 6896 3432 6896 3689 6897 3686 6897 3432 6897 3690 6898 3691 6898 3543 6898 3267 6899 3690 6899 3543 6899 3691 6900 3689 6900 3543 6900 3692 6901 3371 6901 3337 6901 3688 6902 3692 6902 3337 6902 3693 6903 3642 6903 3374 6903 3343 6904 3693 6904 3374 6904 3637 6905 3694 6905 3577 6905 3694 6906 3626 6906 3577 6906 3633 6907 3637 6907 3627 6907 3639 6908 3695 6908 3579 6908 3695 6909 3628 6909 3579 6909 3634 6910 3639 6910 3629 6910 3641 6911 3696 6911 3581 6911 3696 6909 3630 6909 3581 6909 3635 6912 3641 6912 3631 6912 3694 6913 3697 6913 3626 6913 3697 6914 3632 6914 3626 6914 3661 6915 3694 6915 3633 6915 3694 6916 3637 6916 3633 6916 3695 6917 3698 6917 3628 6917 3698 6918 748 6918 3628 6918 3662 6919 3695 6919 3634 6919 3695 6920 3639 6920 3634 6920 3696 6921 3699 6921 3630 6921 3699 6922 1202 6922 3630 6922 3663 6923 3696 6923 3635 6923 3696 6924 3641 6924 3635 6924 3341 6925 3269 6925 3268 6925 3687 6926 3700 6926 3535 6926 3700 6927 3441 6927 3535 6927 3701 6928 3702 6928 3703 6928 3702 6929 3684 6929 3703 6929 3197 6930 3701 6930 3703 6930 3647 6931 3197 6931 3703 6931 3684 6932 3647 6932 3703 6932 3704 6933 3705 6933 3706 6933 3686 6934 3704 6934 3706 6934 3570 6935 3649 6935 3706 6935 3649 6936 3686 6936 3706 6936 3705 6937 3570 6937 3706 6937 3684 6938 3685 6938 3647 6938 3705 6939 3707 6939 3570 6939 3707 6940 3197 6940 3570 6940 3708 6941 3375 6941 3371 6941 3692 6942 3708 6942 3371 6942 3709 6943 3693 6943 3343 6943 3342 6944 3709 6944 3343 6944 3710 6945 3711 6945 3231 6945 3711 6946 3230 6946 3231 6946 3712 6947 3710 6947 3231 6947 3229 6948 3712 6948 3231 6948 3378 6949 3713 6949 3427 6949 3713 6950 3426 6950 3427 6950 3714 6951 3715 6951 3241 6951 3715 6952 3240 6952 3241 6952 3716 6953 3714 6953 3241 6953 3239 6954 3716 6954 3241 6954 3380 6955 3717 6955 3431 6955 3717 6956 3430 6956 3431 6956 3718 6957 3719 6957 3251 6957 3719 6958 3250 6958 3251 6958 3720 6959 3718 6959 3251 6959 3249 6960 3720 6960 3251 6960 3518 6961 3721 6961 3520 6961 3721 6962 3534 6962 3520 6962 3623 6963 3712 6963 3229 6963 3722 6964 3382 6964 3426 6964 3723 6965 3722 6965 3426 6965 3713 6966 3723 6966 3426 6966 3624 6967 3716 6967 3239 6967 3724 6968 3384 6968 3430 6968 3725 6969 3724 6969 3430 6969 3717 6970 3725 6970 3430 6970 3625 6971 3720 6971 3249 6971 3726 6972 3522 6972 3534 6972 3727 2518 3726 2518 3534 2518 3721 6973 3727 6973 3534 6973 3700 6974 3728 6974 3441 6974 3728 6975 3341 6975 3441 6975 3382 6976 3729 6976 3383 6976 3729 6977 3656 6977 3383 6977 3384 6978 3730 6978 3385 6978 3730 6979 3658 6979 3385 6979 3522 6980 3731 6980 3523 6980 3731 6981 3660 6981 3523 6981 3722 6982 3729 6982 3382 6982 3724 6983 3730 6983 3384 6983 3726 6984 3731 6984 3522 6984 3732 6985 3733 6985 3654 6985 3733 6986 3655 6986 3654 6986 3697 6987 3732 6987 3654 6987 3632 6988 3697 6988 3654 6988 3729 6989 3732 6989 3656 6989 3732 6990 3661 6990 3656 6990 3734 6991 3735 6991 752 6991 3735 6992 3657 6992 752 6992 3698 6993 3734 6993 752 6993 748 6994 3698 6994 752 6994 3730 6995 3734 6995 3658 6995 3734 6996 3662 6996 3658 6996 3736 6997 3737 6997 1206 6997 3737 6998 3659 6998 1206 6998 3699 6999 3736 6999 1206 6999 1202 7000 3699 7000 1206 7000 3731 7001 3736 7001 3660 7001 3736 7002 3663 7002 3660 7002 3697 7003 3694 7003 3661 7003 3732 7004 3697 7004 3661 7004 3698 7005 3695 7005 3662 7005 3734 7006 3698 7006 3662 7006 3699 7007 3696 7007 3663 7007 3736 7008 3699 7008 3663 7008 2245 7009 2244 7009 3555 7009 2244 7010 3557 7010 3555 7010 3728 7011 3269 7011 3341 7011 3708 7012 3681 7012 3375 7012 3278 7013 3738 7013 3342 7013 3279 7014 3278 7014 3342 7014 3738 7015 3709 7015 3342 7015 3197 7016 3739 7016 3701 7016 3739 7017 3702 7017 3701 7017 3704 7018 3707 7018 3705 7018 3707 7019 3739 7019 3197 7019 3704 7020 3740 7020 3707 7020 3740 7021 3739 7021 3707 7021 3377 7022 3741 7022 3378 7022 3741 7023 3713 7023 3378 7023 3379 7024 3742 7024 3380 7024 3742 7025 3717 7025 3380 7025 3517 7026 3743 7026 3518 7026 3743 7027 3721 7027 3518 7027 3542 7028 3744 7028 3377 7028 3744 7029 3741 7029 3377 7029 3745 7030 3746 7030 3379 7030 3679 7031 3745 7031 3379 7031 3746 7032 3742 7032 3379 7032 3150 7033 3747 7033 3517 7033 3747 7034 3743 7034 3517 7034 3748 7035 3749 7035 3542 7035 3750 7036 3748 7036 3542 7036 3678 7037 3750 7037 3542 7037 3749 7038 3744 7038 3542 7038 3149 7039 3747 7039 3150 7039 3702 7040 3683 7040 3684 7040 3751 7041 3704 7041 3686 7041 3689 7042 3751 7042 3686 7042 3729 7043 3733 7043 3732 7043 3730 7044 3735 7044 3734 7044 3731 7045 3737 7045 3736 7045 3287 7046 3738 7046 3278 7046 3683 7047 3752 7047 3621 7047 3752 7048 3622 7048 3621 7048 3752 7049 3148 7049 3622 7049 3753 7050 3682 7050 3329 7050 3331 7051 3753 7051 3329 7051 3751 7052 3683 7052 3702 7052 3704 7053 3751 7053 3702 7053 3740 7054 3704 7054 3702 7054 3739 7055 3740 7055 3702 7055 3655 7056 3754 7056 3237 7056 3754 7057 3623 7057 3237 7057 3657 7058 3755 7058 3247 7058 3755 7059 3624 7059 3247 7059 3659 7060 3756 7060 3257 7060 3756 7061 3625 7061 3257 7061 3754 7062 3712 7062 3623 7062 3755 7063 3716 7063 3624 7063 3756 7064 3720 7064 3625 7064 3653 7065 3757 7065 3540 7065 3757 7066 3538 7066 3540 7066 3266 7067 3690 7067 3267 7067 3757 7068 3758 7068 3538 7068 3758 7069 3759 7069 3538 7069 3759 7070 3539 7070 3538 7070 3642 7071 3760 7071 3266 7071 3760 7072 3761 7072 3266 7072 3761 7073 3762 7073 3266 7073 3762 7074 3690 7074 3266 7074 3708 7075 3763 7075 3681 7075 3763 7076 2259 7076 3681 7076 3711 7077 3764 7077 3230 7077 3764 7078 3643 7078 3230 7078 3715 7079 3765 7079 3240 7079 3765 7080 3644 7080 3240 7080 3719 7081 3766 7081 3250 7081 3766 7082 3645 7082 3250 7082 3691 7083 3751 7083 3689 7083 3690 7084 3767 7084 3691 7084 3767 7085 3768 7085 3691 7085 3768 7086 3769 7086 3691 7086 3769 7087 3751 7087 3691 7087 3770 7088 3688 7088 3539 7088 3759 7089 3770 7089 3539 7089 3693 7090 3760 7090 3642 7090 3764 7091 3771 7091 3643 7091 3771 7092 3650 7092 3643 7092 3765 7093 3772 7093 3644 7093 3772 7094 3773 7094 3644 7094 3773 7095 3651 7095 3644 7095 3766 7096 3774 7096 3645 7096 3774 7097 3652 7097 3645 7097 3775 7098 3653 7098 3650 7098 3771 7099 3775 7099 3650 7099 3776 7100 3102 7100 3652 7100 3774 7101 3776 7101 3652 7101 3777 7102 3687 7102 3682 7102 3753 7103 3777 7103 3682 7103 3728 7104 3270 7104 3269 7104 3778 6877 3779 6877 3710 6877 3779 7105 3711 7105 3710 7105 3780 7106 3778 7106 3710 7106 3712 7107 3780 7107 3710 7107 3741 7108 3781 7108 3713 7108 3781 7109 3723 7109 3713 7109 3782 7110 3783 7110 3714 7110 3783 7111 3715 7111 3714 7111 3784 7112 3782 7112 3714 7112 3716 7113 3784 7113 3714 7113 3742 7114 3785 7114 3717 7114 3785 7115 3725 7115 3717 7115 3786 7116 3787 7116 3718 7116 3787 7117 3719 7117 3718 7117 3788 7118 3786 7118 3718 7118 3720 7119 3788 7119 3718 7119 3743 7120 3789 7120 3721 7120 3789 7121 3727 7121 3721 7121 3754 7122 3780 7122 3712 7122 3790 7123 3722 7123 3723 7123 3791 7124 3790 7124 3723 7124 3781 7125 3791 7125 3723 7125 3755 7126 3784 7126 3716 7126 3792 7127 3793 7127 3725 7127 3793 7128 3724 7128 3725 7128 3785 7129 3792 7129 3725 7129 3756 7130 3788 7130 3720 7130 3794 7131 3795 7131 3727 7131 3795 7132 3726 7132 3727 7132 3789 7133 3794 7133 3727 7133 3722 7134 3733 7134 3729 7134 3724 7134 3735 7134 3730 7134 3726 7135 3737 7135 3731 7135 3790 7136 3733 7136 3722 7136 3793 7137 3735 7137 3724 7137 3795 7138 3737 7138 3726 7138 3773 7139 3750 7139 3651 7139 3750 7140 3678 7140 3651 7140 3104 7141 3745 7141 3679 7141 3103 7142 3745 7142 3104 7142 3751 7143 3769 7143 3683 7143 3769 7144 3752 7144 3683 7144 3769 7145 3796 7145 3752 7145 3796 7146 3148 7146 3752 7146 3797 7147 3692 7147 3688 7147 3770 7148 3797 7148 3688 7148 3798 7149 3761 7149 3693 7149 3761 7150 3760 7150 3693 7150 3709 7151 3798 7151 3693 7151 3777 7152 3799 7152 3687 7152 3799 7153 3700 7153 3687 7153 2244 7154 3558 7154 3557 7154 3286 7155 3738 7155 3287 7155 3768 7156 3796 7156 3769 7156 3800 7157 3753 7157 3331 7157 3334 7158 3800 7158 3331 7158 3799 7159 3801 7159 3700 7159 3801 7160 3728 7160 3700 7160 3802 7161 3708 7161 3692 7161 3797 7162 3802 7162 3692 7162 3803 7163 3798 7163 3709 7163 3738 7164 3803 7164 3709 7164 3744 7165 3804 7165 3741 7165 3804 7166 3781 7166 3741 7166 3746 7167 3805 7167 3742 7167 3805 7168 3785 7168 3742 7168 3747 7169 3806 7169 3743 7169 3806 7170 3789 7170 3743 7170 3733 7171 3790 7171 3655 7171 3790 7172 3754 7172 3655 7172 3735 7173 3793 7173 3657 7173 3793 7174 3755 7174 3657 7174 3737 7175 3795 7175 3659 7175 3795 7176 3756 7176 3659 7176 3790 7177 3780 7177 3754 7177 3793 7178 3784 7178 3755 7178 3795 7179 3788 7179 3756 7179 3801 7180 3271 7180 3728 7180 3271 7181 3270 7181 3728 7181 3749 7182 3807 7182 3744 7182 3807 7183 3804 7183 3744 7183 3745 7184 3808 7184 3746 7184 3808 7185 3809 7185 3746 7185 3809 7186 3805 7186 3746 7186 3149 7187 3810 7187 3747 7187 3810 7188 3806 7188 3747 7188 3811 7189 3812 7189 3749 7189 3748 7190 3811 7190 3749 7190 3812 7191 3807 7191 3749 7191 3148 7192 3810 7192 3149 7192 3813 7193 3763 7193 3708 7193 3802 7194 3813 7194 3708 7194 3286 7195 3814 7195 3738 7195 3814 7196 3803 7196 3738 7196 3791 7197 3780 7197 3790 7197 3792 7198 3784 7198 3793 7198 3794 7199 3788 7199 3795 7199 3758 7200 3770 7200 3759 7200 3781 7201 3804 7201 3778 7201 3804 7202 3779 7202 3778 7202 3791 7203 3781 7203 3778 7203 3780 7204 3791 7204 3778 7204 3785 7205 3805 7205 3782 7205 3805 7206 3783 7206 3782 7206 3792 7203 3785 7203 3782 7203 3784 7207 3792 7207 3782 7207 3789 7208 3806 7208 3786 7208 3806 7209 3787 7209 3786 7209 3794 7210 3789 7210 3786 7210 3788 7211 3794 7211 3786 7211 3779 7212 3815 7212 3711 7212 3815 7213 3764 7213 3711 7213 3783 7214 3816 7214 3715 7214 3816 7215 3765 7215 3715 7215 3787 7216 3817 7216 3719 7216 3817 7217 3766 7217 3719 7217 3801 7218 3276 7218 3271 7218 3818 7219 3770 7219 3758 7219 3819 7220 3818 7220 3758 7220 3757 7221 3819 7221 3758 7221 3798 7222 3820 7222 3761 7222 3820 7223 3762 7223 3761 7223 3813 7224 2259 7224 3763 7224 2253 7225 3558 7225 2244 7225 3815 7226 3821 7226 3764 7226 3821 7227 3771 7227 3764 7227 3816 7228 3822 7228 3765 7228 3822 7229 3772 7229 3765 7229 3817 7230 3823 7230 3766 7230 3823 7231 3774 7231 3766 7231 3824 7232 3775 7232 3771 7232 3821 7233 3824 7233 3771 7233 3823 7234 3776 7234 3774 7234 3825 7235 3777 7235 3753 7235 3800 7236 3825 7236 3753 7236 2253 7237 3559 7237 3558 7237 3807 7238 3779 7238 3804 7238 3809 7239 3783 7239 3805 7239 3810 7240 3787 7240 3806 7240 3826 7241 3800 7241 3334 7241 3333 7242 3826 7242 3334 7242 3812 7243 3815 7243 3807 7243 3815 7244 3779 7244 3807 7244 3808 7245 3827 7245 3809 7245 3827 7246 3816 7246 3809 7246 3816 7247 3783 7247 3809 7247 3148 7248 3817 7248 3810 7248 3817 7249 3787 7249 3810 7249 3811 7250 3821 7250 3812 7250 3821 7251 3815 7251 3812 7251 3796 7252 3823 7252 3148 7252 3823 7253 3817 7253 3148 7253 3828 7254 3797 7254 3770 7254 3818 7255 3828 7255 3770 7255 3829 7256 3820 7256 3798 7256 3803 7257 3829 7257 3798 7257 3285 7258 3814 7258 3286 7258 3825 7259 3830 7259 3777 7259 3830 7260 3799 7260 3777 7260 3827 7261 3822 7261 3816 7261 3811 7262 3824 7262 3821 7262 3811 7263 3776 7263 3823 7263 3796 7264 3811 7264 3823 7264 3772 7265 3748 7265 3773 7265 3748 7266 3750 7266 3773 7266 3103 7267 3808 7267 3745 7267 3102 7268 3808 7268 3103 7268 3775 7269 3831 7269 3653 7269 3831 7270 3757 7270 3653 7270 3762 7271 3767 7271 3690 7271 3831 7272 3832 7272 3757 7272 3832 7273 3819 7273 3757 7273 3833 7274 3834 7274 3762 7274 3835 7275 3833 7275 3762 7275 3820 7276 3835 7276 3762 7276 3834 7277 3767 7277 3762 7277 3836 7278 3837 7278 3838 7278 3839 7279 3836 7279 3838 7279 3840 7280 3839 7280 3838 7280 3841 7281 3840 7281 3838 7281 3837 7282 3841 7282 3838 7282 3842 7283 3843 7283 3844 7283 3845 7284 3842 7284 3844 7284 3846 7285 3845 7285 3844 7285 3847 7286 3846 7286 3844 7286 3843 7287 3847 7287 3844 7287 3848 7288 3849 7288 3850 7288 3851 7289 3848 7289 3850 7289 3852 7290 3851 7290 3850 7290 3853 7291 3852 7291 3850 7291 3849 7292 3853 7292 3850 7292 3854 7293 3855 7293 3856 7293 3857 7294 3854 7294 3856 7294 3858 7295 3857 7295 3856 7295 3859 7296 3858 7296 3856 7296 3855 7297 3859 7297 3856 7297 3860 7298 3861 7298 3862 7298 3863 7299 3860 7299 3862 7299 3864 7300 3863 7300 3862 7300 3865 7301 3864 7301 3862 7301 3861 7302 3865 7302 3862 7302 3866 7303 3867 7303 3868 7303 3869 7304 3866 7304 3868 7304 3870 7305 3869 7305 3868 7305 3871 7306 3870 7306 3868 7306 3867 7307 3871 7307 3868 7307 3872 7308 3873 7308 3874 7308 3875 7309 3872 7309 3874 7309 3876 7310 3875 7310 3874 7310 3877 7311 3876 7311 3874 7311 3873 7312 3877 7312 3874 7312 3878 7313 3879 7313 3880 7313 3881 7314 3878 7314 3880 7314 3882 7315 3881 7315 3880 7315 3883 7316 3882 7316 3880 7316 3879 7317 3883 7317 3880 7317 3884 7318 3885 7318 3886 7318 3887 7319 3884 7319 3886 7319 3888 7320 3887 7320 3886 7320 3889 7321 3888 7321 3886 7321 3885 7322 3889 7322 3886 7322 3890 7323 3891 7323 3892 7323 3893 7324 3890 7324 3892 7324 3894 7325 3893 7325 3892 7325 3895 7326 3894 7326 3892 7326 3891 7327 3895 7327 3892 7327 3896 7328 3897 7328 3898 7328 3899 7329 3896 7329 3898 7329 3900 7330 3899 7330 3898 7330 3901 7331 3900 7331 3898 7331 3897 7332 3901 7332 3898 7332 3902 7333 3903 7333 3904 7333 3905 7334 3902 7334 3904 7334 3906 7335 3905 7335 3904 7335 3907 7336 3906 7336 3904 7336 3903 7337 3907 7337 3904 7337 3908 7338 3906 7338 3907 7338 3909 7339 3908 7339 3907 7339 3910 7340 3909 7340 3907 7340 3903 7341 3911 7341 3907 7341 3911 7342 3910 7342 3907 7342 3912 7343 3913 7343 3914 7343 3915 7344 3912 7344 3914 7344 3916 7345 3915 7345 3914 7345 3917 7346 3916 7346 3914 7346 3913 7347 3917 7347 3914 7347 3918 7348 3916 7348 3917 7348 3919 7349 3918 7349 3917 7349 3920 7350 3919 7350 3917 7350 3913 7351 3921 7351 3917 7351 3921 7352 3920 7352 3917 7352 3922 7353 3923 7353 3924 7353 3925 7354 3922 7354 3924 7354 3926 7355 3925 7355 3924 7355 3927 7356 3926 7356 3924 7356 3928 7357 3927 7357 3924 7357 3923 7358 3928 7358 3924 7358 3929 7359 3926 7359 3927 7359 3930 7360 3929 7360 3927 7360 3928 7361 3930 7361 3927 7361 3931 7362 3932 7362 3933 7362 3934 7363 3931 7363 3933 7363 3935 7364 3934 7364 3933 7364 3936 7365 3935 7365 3933 7365 3932 7366 3936 7366 3933 7366 3937 7367 3935 7367 3936 7367 3938 7368 3937 7368 3936 7368 3939 7369 3938 7369 3936 7369 3932 7370 3940 7370 3936 7370 3940 7371 3939 7371 3936 7371 3941 7372 3942 7372 3943 7372 3944 7373 3941 7373 3943 7373 3945 7374 3944 7374 3943 7374 3946 7375 3945 7375 3943 7375 3942 7376 3947 7376 3943 7376 3947 7377 3948 7377 3943 7377 3948 7378 3946 7378 3943 7378 3949 7379 3945 7379 3946 7379 3950 7380 3949 7380 3946 7380 3951 7381 3950 7381 3946 7381 3948 7382 3951 7382 3946 7382 3952 7383 3953 7383 3954 7383 3955 7384 3952 7384 3954 7384 3956 7385 3955 7385 3954 7385 3957 7386 3956 7386 3954 7386 3958 7387 3957 7387 3954 7387 3953 7388 3958 7388 3954 7388 3959 7389 3956 7389 3957 7389 3960 7390 3959 7390 3957 7390 3958 7391 3960 7391 3957 7391 3961 7392 3962 7392 3963 7392 3964 7393 3961 7393 3963 7393 3965 7394 3964 7394 3963 7394 3966 7395 3965 7395 3963 7395 3967 7396 3966 7396 3963 7396 3962 7397 3967 7397 3963 7397 3968 7398 3965 7398 3966 7398 3969 7399 3968 7399 3966 7399 3967 7400 3969 7400 3966 7400 3970 7401 3971 7401 3972 7401 3973 7402 3970 7402 3972 7402 3974 7403 3973 7403 3972 7403 3975 7404 3974 7404 3972 7404 3971 7405 3975 7405 3972 7405 3976 7406 3974 7406 3975 7406 3977 7407 3976 7407 3975 7407 3978 7408 3977 7408 3975 7408 3971 7409 3979 7409 3975 7409 3979 7410 3978 7410 3975 7410 3980 7411 3981 7411 3982 7411 3983 7412 3980 7412 3982 7412 3984 7413 3983 7413 3982 7413 3985 7414 3984 7414 3982 7414 3981 7415 3985 7415 3982 7415 3986 7416 3984 7416 3985 7416 3987 7417 3986 7417 3985 7417 3988 7418 3987 7418 3985 7418 3981 7419 3989 7419 3985 7419 3989 7420 3988 7420 3985 7420 3990 7421 3991 7421 3992 7421 3993 7422 3990 7422 3992 7422 3994 7423 3993 7423 3992 7423 3995 7424 3994 7424 3992 7424 3991 7425 3995 7425 3992 7425 3996 7426 3994 7426 3995 7426 3997 7427 3996 7427 3995 7427 3998 7428 3997 7428 3995 7428 3991 7429 3999 7429 3995 7429 3999 7430 3998 7430 3995 7430 4000 7431 4001 7431 3837 7431 4001 7432 4002 7432 3837 7432 4002 7433 4003 7433 3837 7433 3836 7434 4000 7434 3837 7434 4003 7435 4004 7435 3837 7435 4004 7436 3841 7436 3837 7436 4005 7437 3840 7437 3841 7437 4006 7438 4007 7438 3841 7438 4007 7439 4008 7439 3841 7439 4008 7440 4005 7440 3841 7440 4004 7441 4006 7441 3841 7441 4009 7442 4010 7442 3843 7442 4010 7443 4011 7443 3843 7443 4011 7444 4012 7444 3843 7444 3842 7445 4009 7445 3843 7445 4012 7446 4013 7446 3843 7446 4013 7447 3847 7447 3843 7447 4014 7448 3846 7448 3847 7448 4015 7449 4016 7449 3847 7449 4016 7450 4017 7450 3847 7450 4017 7451 4014 7451 3847 7451 4013 7452 4015 7452 3847 7452 4018 7453 4019 7453 3849 7453 4019 7454 4020 7454 3849 7454 4020 7455 4021 7455 3849 7455 3848 7456 4018 7456 3849 7456 4021 7457 4022 7457 3849 7457 4022 7458 3853 7458 3849 7458 4023 7459 3852 7459 3853 7459 4024 7460 4025 7460 3853 7460 4025 7461 4026 7461 3853 7461 4026 7462 4023 7462 3853 7462 4022 7463 4024 7463 3853 7463 4027 7464 4028 7464 3855 7464 4028 7465 4029 7465 3855 7465 4029 7466 4030 7466 3855 7466 3854 7467 4027 7467 3855 7467 4030 7468 4031 7468 3855 7468 4031 7469 3859 7469 3855 7469 4032 7470 3858 7470 3859 7470 4033 7471 4034 7471 3859 7471 4034 7472 4035 7472 3859 7472 4035 7473 4032 7473 3859 7473 4031 7474 4033 7474 3859 7474 4036 7475 4037 7475 3861 7475 4037 7476 4038 7476 3861 7476 4038 7477 4039 7477 3861 7477 3860 7478 4036 7478 3861 7478 4039 7479 4040 7479 3861 7479 4040 7480 3865 7480 3861 7480 4041 7481 3864 7481 3865 7481 4042 7482 4043 7482 3865 7482 4043 7483 4044 7483 3865 7483 4044 7484 4041 7484 3865 7484 4040 7485 4042 7485 3865 7485 4045 7486 4046 7486 3867 7486 4046 7487 4047 7487 3867 7487 4047 7488 4048 7488 3867 7488 3866 7489 4045 7489 3867 7489 4048 7490 4049 7490 3867 7490 4049 7491 3871 7491 3867 7491 4050 7492 3870 7492 3871 7492 4051 7493 4052 7493 3871 7493 4052 7494 4053 7494 3871 7494 4053 7495 4050 7495 3871 7495 4049 7496 4051 7496 3871 7496 4054 7497 4055 7497 3873 7497 4055 7498 4056 7498 3873 7498 4056 7499 4057 7499 3873 7499 3872 7500 4054 7500 3873 7500 4057 7501 4058 7501 3873 7501 4058 7502 3877 7502 3873 7502 4059 7503 3876 7503 3877 7503 4060 7504 4061 7504 3877 7504 4061 7505 4062 7505 3877 7505 4062 7506 4059 7506 3877 7506 4058 7507 4060 7507 3877 7507 4063 7508 4064 7508 3879 7508 4064 7509 4065 7509 3879 7509 4065 7510 4066 7510 3879 7510 3878 7511 4063 7511 3879 7511 4066 7512 4067 7512 3879 7512 4067 7447 3883 7447 3879 7447 4068 7513 3882 7513 3883 7513 4069 7514 4070 7514 3883 7514 4070 7515 4071 7515 3883 7515 4071 7516 4068 7516 3883 7516 4067 7517 4069 7517 3883 7517 4072 7518 4073 7518 3885 7518 4073 7519 4074 7519 3885 7519 4074 7520 4075 7520 3885 7520 3884 7521 4072 7521 3885 7521 4075 7522 4076 7522 3885 7522 4076 7523 3889 7523 3885 7523 4077 7524 3888 7524 3889 7524 4078 7525 4079 7525 3889 7525 4079 7526 4080 7526 3889 7526 4080 7527 4077 7527 3889 7527 4076 7528 4078 7528 3889 7528 4081 7529 4082 7529 3891 7529 4082 7530 4083 7530 3891 7530 4083 7531 4084 7531 3891 7531 3890 7532 4081 7532 3891 7532 4084 7533 4085 7533 3891 7533 4085 7534 3895 7534 3891 7534 4086 7535 3894 7535 3895 7535 4087 7536 4088 7536 3895 7536 4088 7537 4089 7537 3895 7537 4089 7538 4086 7538 3895 7538 4085 7539 4087 7539 3895 7539 4090 7540 4091 7540 3897 7540 4091 7541 4092 7541 3897 7541 4092 7542 4093 7542 3897 7542 3896 7543 4090 7543 3897 7543 4093 7544 4094 7544 3897 7544 4094 7545 3901 7545 3897 7545 4095 7546 3900 7546 3901 7546 4096 7547 4097 7547 3901 7547 4097 7548 4098 7548 3901 7548 4098 7549 4095 7549 3901 7549 4094 7550 4096 7550 3901 7550 4099 7551 4100 7551 3903 7551 4101 7552 4099 7552 3903 7552 3902 7553 4101 7553 3903 7553 4100 7554 3911 7554 3903 7554 4102 7555 3909 7555 3910 7555 4103 7556 4102 7556 3910 7556 4104 7557 4103 7557 3910 7557 3911 7558 4104 7558 3910 7558 4105 7559 4106 7559 3913 7559 4107 7560 4105 7560 3913 7560 3912 7561 4107 7561 3913 7561 4106 7562 3921 7562 3913 7562 4108 7563 3919 7563 3920 7563 4109 7564 4108 7564 3920 7564 4110 7565 4109 7565 3920 7565 3921 7566 4110 7566 3920 7566 4111 7567 4112 7567 3923 7567 4113 7568 4111 7568 3923 7568 3922 7569 4113 7569 3923 7569 4112 7570 4114 7570 3923 7570 4115 7571 3928 7571 3923 7571 4114 7572 4115 7572 3923 7572 4116 7573 3930 7573 3928 7573 4117 7574 4116 7574 3928 7574 4115 7575 4117 7575 3928 7575 4118 7576 4119 7576 3932 7576 4120 7577 4118 7577 3932 7577 3931 7578 4120 7578 3932 7578 4119 7579 3940 7579 3932 7579 4121 7580 3938 7580 3939 7580 4122 7581 4121 7581 3939 7581 4123 7582 4122 7582 3939 7582 3940 7583 4123 7583 3939 7583 4124 7584 3947 7584 3942 7584 4125 7585 4124 7585 3942 7585 3941 7586 4125 7586 3942 7586 4126 7587 3950 7587 3951 7587 4127 7588 4126 7588 3951 7588 4128 7589 4127 7589 3951 7589 3948 7590 4128 7590 3951 7590 4129 7591 4130 7591 3953 7591 4131 7592 4129 7592 3953 7592 3952 7593 4131 7593 3953 7593 4130 7594 4132 7594 3953 7594 4133 7595 3958 7595 3953 7595 4132 7596 4133 7596 3953 7596 4134 7597 3960 7597 3958 7597 4135 7598 4134 7598 3958 7598 4133 7599 4135 7599 3958 7599 4136 7600 4137 7600 3962 7600 4138 7592 4136 7592 3962 7592 3961 7601 4138 7601 3962 7601 4137 7602 4139 7602 3962 7602 4140 7603 3967 7603 3962 7603 4139 7604 4140 7604 3962 7604 4141 7605 3969 7605 3967 7605 4142 7606 4141 7606 3967 7606 4140 7607 4142 7607 3967 7607 4143 7608 4144 7608 3971 7608 4145 7609 4143 7609 3971 7609 3970 7610 4145 7610 3971 7610 4144 7611 3979 7611 3971 7611 4146 7612 3977 7612 3978 7612 4147 7613 4146 7613 3978 7613 4148 7614 4147 7614 3978 7614 3979 7615 4148 7615 3978 7615 4149 7616 4150 7616 3981 7616 4151 7617 4149 7617 3981 7617 3980 7618 4151 7618 3981 7618 4150 7619 3989 7619 3981 7619 4152 7620 3987 7620 3988 7620 4153 7621 4152 7621 3988 7621 4154 7622 4153 7622 3988 7622 3989 7623 4154 7623 3988 7623 4155 7624 4156 7624 3991 7624 4157 7625 4155 7625 3991 7625 3990 7626 4157 7626 3991 7626 4156 7627 3999 7627 3991 7627 4158 7628 3997 7628 3998 7628 4159 7629 4158 7629 3998 7629 4160 7630 4159 7630 3998 7630 3999 7631 4160 7631 3998 7631 4161 7632 4162 7632 4003 7632 4002 7633 4163 7633 4003 7633 4163 7634 4161 7634 4003 7634 4162 7635 4004 7635 4003 7635 4164 7636 4165 7636 4006 7636 4165 7637 4007 7637 4006 7637 4166 7638 4164 7638 4006 7638 4004 7639 4166 7639 4006 7639 4167 7640 4168 7640 4012 7640 4011 7641 4169 7641 4012 7641 4169 7642 4167 7642 4012 7642 4168 7643 4013 7643 4012 7643 4170 7644 4171 7644 4015 7644 4171 7645 4016 7645 4015 7645 4172 7646 4170 7646 4015 7646 4013 7647 4172 7647 4015 7647 4173 7648 4174 7648 4021 7648 4020 7649 4175 7649 4021 7649 4175 7650 4173 7650 4021 7650 4174 7651 4022 7651 4021 7651 4176 7652 4177 7652 4024 7652 4177 7653 4025 7653 4024 7653 4178 7654 4176 7654 4024 7654 4022 7655 4178 7655 4024 7655 4179 7656 4180 7656 4030 7656 4029 7657 4181 7657 4030 7657 4181 7658 4179 7658 4030 7658 4180 7659 4031 7659 4030 7659 4182 7660 4183 7660 4033 7660 4183 7661 4034 7661 4033 7661 4184 7662 4182 7662 4033 7662 4031 7663 4184 7663 4033 7663 4185 7664 4186 7664 4039 7664 4038 7665 4187 7665 4039 7665 4187 7666 4185 7666 4039 7666 4186 7667 4040 7667 4039 7667 4188 7668 4189 7668 4042 7668 4189 7669 4043 7669 4042 7669 4190 7670 4188 7670 4042 7670 4040 7671 4190 7671 4042 7671 4191 7672 4192 7672 4048 7672 4047 7673 4193 7673 4048 7673 4193 7674 4191 7674 4048 7674 4192 7675 4049 7675 4048 7675 4194 7676 4195 7676 4051 7676 4195 7677 4052 7677 4051 7677 4196 7678 4194 7678 4051 7678 4049 7679 4196 7679 4051 7679 4197 7680 4198 7680 4057 7680 4056 7681 4199 7681 4057 7681 4199 7682 4197 7682 4057 7682 4198 7683 4058 7683 4057 7683 4200 7684 4201 7684 4060 7684 4201 7685 4061 7685 4060 7685 4202 7686 4200 7686 4060 7686 4058 7687 4202 7687 4060 7687 4203 7688 4204 7688 4066 7688 4065 7689 4205 7689 4066 7689 4205 7690 4203 7690 4066 7690 4204 7691 4067 7691 4066 7691 4206 7692 4207 7692 4069 7692 4207 7693 4070 7693 4069 7693 4208 7694 4206 7694 4069 7694 4067 7695 4208 7695 4069 7695 4209 7696 4210 7696 4075 7696 4074 7697 4211 7697 4075 7697 4211 7698 4209 7698 4075 7698 4210 7691 4076 7691 4075 7691 4212 7699 4213 7699 4078 7699 4213 7700 4079 7700 4078 7700 4214 7701 4212 7701 4078 7701 4076 7702 4214 7702 4078 7702 4215 7703 4216 7703 4084 7703 4083 7704 4217 7704 4084 7704 4217 7705 4215 7705 4084 7705 4216 7706 4085 7706 4084 7706 4218 7707 4219 7707 4087 7707 4219 7708 4088 7708 4087 7708 4220 7709 4218 7709 4087 7709 4085 7710 4220 7710 4087 7710 4221 7711 4222 7711 4093 7711 4092 7712 4223 7712 4093 7712 4223 7713 4221 7713 4093 7713 4222 7714 4094 7714 4093 7714 4224 7715 4225 7715 4096 7715 4225 7716 4097 7716 4096 7716 4226 7717 4224 7717 4096 7717 4094 7718 4226 7718 4096 7718 4227 7719 4228 7719 4100 7719 4229 7720 4227 7720 4100 7720 4099 7721 4229 7721 4100 7721 4228 7722 3911 7722 4100 7722 4230 7723 4103 7723 4104 7723 4231 7724 4230 7724 4104 7724 3911 7725 4231 7725 4104 7725 4232 7726 4233 7726 4106 7726 4234 7727 4232 7727 4106 7727 4105 7728 4234 7728 4106 7728 4233 7729 3921 7729 4106 7729 4235 7730 4109 7730 4110 7730 4236 7731 4235 7731 4110 7731 3921 7732 4236 7732 4110 7732 4237 7733 4238 7733 4112 7733 4239 7734 4237 7734 4112 7734 4111 7735 4239 7735 4112 7735 4238 7736 4114 7736 4112 7736 4240 7737 4117 7737 4115 7737 4241 7738 4240 7738 4115 7738 4114 7739 4241 7739 4115 7739 4242 7740 4243 7740 4119 7740 4244 7741 4242 7741 4119 7741 4118 7742 4244 7742 4119 7742 4243 7743 3940 7743 4119 7743 4245 7744 4122 7744 4123 7744 4246 7745 4245 7745 4123 7745 3940 7746 4246 7746 4123 7746 4247 7747 4248 7747 3947 7747 4249 7748 4247 7748 3947 7748 4124 7749 4249 7749 3947 7749 4248 7750 3948 7750 3947 7750 4250 7751 4127 7751 4128 7751 4251 7752 4250 7752 4128 7752 3948 7753 4251 7753 4128 7753 4252 7754 4253 7754 4130 7754 4254 7755 4252 7755 4130 7755 4129 7756 4254 7756 4130 7756 4253 7757 4132 7757 4130 7757 4255 7758 4135 7758 4133 7758 4256 7759 4255 7759 4133 7759 4132 7760 4256 7760 4133 7760 4257 7761 4258 7761 4137 7761 4259 7762 4257 7762 4137 7762 4136 7763 4259 7763 4137 7763 4258 7764 4139 7764 4137 7764 4260 7765 4142 7765 4140 7765 4261 7766 4260 7766 4140 7766 4139 7767 4261 7767 4140 7767 4262 7768 4263 7768 4144 7768 4264 7769 4262 7769 4144 7769 4143 7770 4264 7770 4144 7770 4263 7771 3979 7771 4144 7771 4265 7772 4147 7772 4148 7772 4266 7773 4265 7773 4148 7773 3979 7774 4266 7774 4148 7774 4267 7775 4268 7775 4150 7775 4269 7776 4267 7776 4150 7776 4149 7777 4269 7777 4150 7777 4268 7778 3989 7778 4150 7778 4270 7779 4153 7779 4154 7779 4271 7780 4270 7780 4154 7780 3989 7781 4271 7781 4154 7781 4272 7782 4273 7782 4156 7782 4274 7783 4272 7783 4156 7783 4155 7784 4274 7784 4156 7784 4273 7785 3999 7785 4156 7785 4275 7786 4159 7786 4160 7786 4276 7787 4275 7787 4160 7787 3999 7788 4276 7788 4160 7788 4227 7789 4277 7789 4228 7789 4278 7790 4279 7790 4228 7790 4277 7791 4278 7791 4228 7791 4280 7792 3911 7792 4228 7792 4279 7793 4280 7793 4228 7793 4280 7794 4281 7794 3911 7794 4281 7795 4282 7795 3911 7795 4282 7796 4283 7796 3911 7796 4283 7797 4284 7797 3911 7797 4284 7798 4231 7798 3911 7798 4161 7799 4285 7799 4162 7799 4286 7800 4287 7800 4162 7800 4285 7801 4286 7801 4162 7801 4287 7802 4288 7802 4162 7802 4288 7803 4004 7803 4162 7803 4288 7804 4289 7804 4004 7804 4290 7805 4291 7805 4004 7805 4289 7806 4290 7806 4004 7806 4291 7807 4166 7807 4004 7807 4167 7808 4292 7808 4168 7808 4293 7809 4294 7809 4168 7809 4292 7810 4293 7810 4168 7810 4294 7811 4295 7811 4168 7811 4295 7812 4013 7812 4168 7812 4295 7813 4296 7813 4013 7813 4297 7814 4298 7814 4013 7814 4296 7815 4297 7815 4013 7815 4298 7816 4172 7816 4013 7816 4232 7817 4299 7817 4233 7817 4300 7818 4301 7818 4233 7818 4299 7819 4300 7819 4233 7819 4302 7820 3921 7820 4233 7820 4301 7803 4302 7803 4233 7803 4302 7821 4303 7821 3921 7821 4304 7822 4305 7822 3921 7822 4303 7823 4304 7823 3921 7823 4305 7824 4236 7824 3921 7824 4173 7825 4306 7825 4174 7825 4307 7826 4308 7826 4174 7826 4306 7827 4307 7827 4174 7827 4309 7828 4022 7828 4174 7828 4308 7829 4309 7829 4174 7829 4309 7830 4310 7830 4022 7830 4311 7831 4312 7831 4022 7831 4310 7832 4311 7832 4022 7832 4312 7833 4178 7833 4022 7833 4237 7834 4313 7834 4238 7834 4314 7835 4315 7835 4238 7835 4313 7836 4314 7836 4238 7836 4316 7837 4114 7837 4238 7837 4315 7838 4316 7838 4238 7838 4316 7839 4317 7839 4114 7839 4318 7840 4319 7840 4114 7840 4317 7841 4318 7841 4114 7841 4319 7842 4241 7842 4114 7842 4179 7843 4320 7843 4180 7843 4321 7844 4322 7844 4180 7844 4320 7845 4321 7845 4180 7845 4322 7793 4323 7793 4180 7793 4323 7846 4031 7846 4180 7846 4324 7847 4325 7847 4031 7847 4323 92 4324 92 4031 92 4325 7848 4184 7848 4031 7848 4185 7849 4326 7849 4186 7849 4327 7850 4328 7850 4186 7850 4326 7851 4327 7851 4186 7851 4328 7852 4329 7852 4186 7852 4329 7853 4040 7853 4186 7853 4330 7854 4331 7854 4040 7854 4329 7855 4330 7855 4040 7855 4331 7856 4190 7856 4040 7856 4191 7857 4332 7857 4192 7857 4333 7858 4334 7858 4192 7858 4332 122 4333 122 4192 122 4335 7859 4049 7859 4192 7859 4334 7860 4335 7860 4192 7860 4336 7861 4337 7861 4049 7861 4335 7862 4336 7862 4049 7862 4337 7863 4196 7863 4049 7863 4197 7864 4338 7864 4198 7864 4339 7865 4340 7865 4198 7865 4338 7866 4339 7866 4198 7866 4340 7867 4341 7867 4198 7867 4341 7859 4058 7859 4198 7859 4342 7868 4343 7868 4058 7868 4341 7869 4342 7869 4058 7869 4343 7870 4202 7870 4058 7870 4242 7871 4344 7871 4243 7871 4345 7872 4346 7872 4243 7872 4344 7873 4345 7873 4243 7873 4347 7874 3940 7874 4243 7874 4346 7860 4347 7860 4243 7860 4348 7875 4349 7875 3940 7875 4347 7876 4348 7876 3940 7876 4349 7877 4246 7877 3940 7877 4247 7878 4350 7878 4248 7878 4351 7879 4352 7879 4248 7879 4353 7880 4351 7880 4248 7880 4350 7881 4353 7881 4248 7881 4354 7882 3948 7882 4248 7882 4352 7883 4354 7883 4248 7883 4354 7813 4355 7813 3948 7813 4355 7884 4356 7884 3948 7884 4356 7885 4357 7885 3948 7885 4357 7886 4358 7886 3948 7886 4358 7887 4251 7887 3948 7887 4203 7888 4359 7888 4204 7888 4360 7889 4361 7889 4204 7889 4362 122 4360 122 4204 122 4359 7890 4362 7890 4204 7890 4363 7882 4067 7882 4204 7882 4361 7891 4363 7891 4204 7891 4363 7839 4364 7839 4067 7839 4364 7892 4365 7892 4067 7892 4365 7893 4366 7893 4067 7893 4366 92 4367 92 4067 92 4367 7894 4208 7894 4067 7894 4252 7895 4368 7895 4253 7895 4369 7896 4370 7896 4253 7896 4371 7897 4369 7897 4253 7897 4368 7898 4371 7898 4253 7898 4372 7899 4132 7899 4253 7899 4370 7900 4372 7900 4253 7900 4372 7901 4373 7901 4132 7901 4373 7902 4374 7902 4132 7902 4374 7903 4375 7903 4132 7903 4375 7904 4376 7904 4132 7904 4376 7856 4256 7856 4132 7856 4257 7905 4377 7905 4258 7905 4378 7906 4379 7906 4258 7906 4380 7907 4378 7907 4258 7907 4377 7908 4380 7908 4258 7908 4381 7792 4139 7792 4258 7792 4379 7909 4381 7909 4258 7909 4381 7910 4382 7910 4139 7910 4382 7911 4383 7911 4139 7911 4383 7912 4384 7912 4139 7912 4384 7913 4385 7913 4139 7913 4385 7914 4261 7914 4139 7914 4262 7915 4386 7915 4263 7915 4387 7916 4388 7916 4263 7916 4389 7917 4387 7917 4263 7917 4386 7918 4389 7918 4263 7918 4390 7919 3979 7919 4263 7919 4388 7920 4390 7920 4263 7920 4390 7921 4391 7921 3979 7921 4391 7922 4392 7922 3979 7922 4392 7923 4393 7923 3979 7923 4393 7924 4394 7924 3979 7924 4394 7925 4266 7925 3979 7925 4209 7926 4395 7926 4210 7926 4396 7927 4397 7927 4210 7927 4398 7928 4396 7928 4210 7928 4395 7929 4398 7929 4210 7929 4397 7930 4399 7930 4210 7930 4399 7931 4076 7931 4210 7931 4399 7932 4400 7932 4076 7932 4400 7933 4401 7933 4076 7933 4401 7934 4402 7934 4076 7934 4402 7935 4403 7935 4076 7935 4403 7936 4214 7936 4076 7936 4267 7937 4404 7937 4268 7937 4405 7938 4406 7938 4268 7938 4407 7939 4405 7939 4268 7939 4404 7940 4407 7940 4268 7940 4408 7941 3989 7941 4268 7941 4406 7942 4408 7942 4268 7942 4408 7943 4409 7943 3989 7943 4410 7944 4411 7944 3989 7944 4409 7945 4410 7945 3989 7945 4411 7946 4271 7946 3989 7946 4272 7947 4412 7947 4273 7947 4413 7948 4414 7948 4273 7948 4412 7949 4413 7949 4273 7949 4415 7950 3999 7950 4273 7950 4414 7951 4415 7951 4273 7951 4415 7932 4416 7932 3999 7932 4417 7952 4418 7952 3999 7952 4416 7953 4417 7953 3999 7953 4418 7954 4276 7954 3999 7954 4215 7955 4419 7955 4216 7955 4420 7956 4421 7956 4216 7956 4419 7957 4420 7957 4216 7957 4422 7958 4085 7958 4216 7958 4421 7959 4422 7959 4216 7959 4422 7960 4423 7960 4085 7960 4424 7961 4425 7961 4085 7961 4423 7962 4424 7962 4085 7962 4425 7963 4220 7963 4085 7963 4221 7964 4426 7964 4222 7964 4427 7965 4428 7965 4222 7965 4429 122 4427 122 4222 122 4426 7966 4429 7966 4222 7966 4430 7967 4094 7967 4222 7967 4428 7941 4430 7941 4222 7941 4430 92 4431 92 4094 92 4432 7968 4433 7968 4094 7968 4431 7969 4432 7969 4094 7969 4433 7970 4226 7970 4094 7970 4278 7971 4434 7971 4279 7971 4434 7972 4435 7972 4279 7972 4435 7973 4280 7973 4279 7973 4436 7974 4281 7974 4280 7974 4437 7975 4436 7975 4280 7975 4438 7976 4437 7976 4280 7976 4435 7977 4438 7977 4280 7977 4286 7978 4439 7978 4287 7978 4439 7979 4440 7979 4287 7979 4440 7980 4288 7980 4287 7980 4441 7981 4289 7981 4288 7981 4442 7982 4441 7982 4288 7982 4443 7983 4442 7983 4288 7983 4444 7984 4443 7984 4288 7984 4440 7985 4444 7985 4288 7985 4293 7986 4445 7986 4294 7986 4445 7987 4446 7987 4294 7987 4446 7988 4295 7988 4294 7988 4447 7989 4296 7989 4295 7989 4448 7990 4447 7990 4295 7990 4449 7991 4448 7991 4295 7991 4450 7992 4449 7992 4295 7992 4446 7993 4450 7993 4295 7993 4300 7994 4451 7994 4301 7994 4451 7995 4452 7995 4301 7995 4452 7996 4302 7996 4301 7996 4453 7997 4303 7997 4302 7997 4454 7998 4453 7998 4302 7998 4455 7999 4454 7999 4302 7999 4456 8000 4455 8000 4302 8000 4452 8001 4456 8001 4302 8001 4307 8002 4457 8002 4308 8002 4457 8003 4458 8003 4308 8003 4458 8004 4309 8004 4308 8004 4459 8005 4310 8005 4309 8005 4460 8006 4459 8006 4309 8006 4461 8007 4460 8007 4309 8007 4458 8008 4461 8008 4309 8008 4314 8009 4462 8009 4315 8009 4462 8010 4463 8010 4315 8010 4463 8011 4316 8011 4315 8011 4464 8012 4317 8012 4316 8012 4465 8013 4464 8013 4316 8013 4466 8014 4465 8014 4316 8014 4463 8015 4466 8015 4316 8015 4321 8016 4467 8016 4322 8016 4467 8017 4468 8017 4322 8017 4468 8018 4323 8018 4322 8018 4469 8019 4324 8019 4323 8019 4470 8020 4469 8020 4323 8020 4471 8021 4470 8021 4323 8021 4472 8022 4471 8022 4323 8022 4473 8023 4472 8023 4323 8023 4468 8024 4473 8024 4323 8024 4327 8025 4474 8025 4328 8025 4474 8026 4475 8026 4328 8026 4475 8027 4329 8027 4328 8027 4476 8028 4330 8028 4329 8028 4477 8029 4476 8029 4329 8029 4478 8030 4477 8030 4329 8030 4479 8031 4478 8031 4329 8031 4480 8032 4479 8032 4329 8032 4475 8033 4480 8033 4329 8033 4333 8034 4481 8034 4334 8034 4481 8035 4482 8035 4334 8035 4482 8036 4335 8036 4334 8036 4483 8037 4336 8037 4335 8037 4484 4169 4483 4169 4335 4169 4485 8038 4484 8038 4335 8038 4486 8039 4485 8039 4335 8039 4487 8040 4486 8040 4335 8040 4482 8041 4487 8041 4335 8041 4339 8042 4488 8042 4340 8042 4488 8043 4489 8043 4340 8043 4489 8044 4341 8044 4340 8044 4490 8045 4342 8045 4341 8045 4491 4203 4490 4203 4341 4203 4492 8046 4491 8046 4341 8046 4493 8047 4492 8047 4341 8047 4489 8048 4493 8048 4341 8048 4345 122 4494 122 4346 122 4494 8049 4495 8049 4346 8049 4495 8018 4347 8018 4346 8018 4496 8050 4348 8050 4347 8050 4497 4169 4496 4169 4347 4169 4498 8051 4497 8051 4347 8051 4499 8052 4498 8052 4347 8052 4495 8053 4499 8053 4347 8053 4351 8054 4500 8054 4352 8054 4500 8055 4501 8055 4352 8055 4501 8018 4354 8018 4352 8018 4502 4241 4355 4241 4354 4241 4503 8056 4502 8056 4354 8056 4504 8057 4503 8057 4354 8057 4501 8058 4504 8058 4354 8058 4360 122 4505 122 4361 122 4505 8059 4506 8059 4361 8059 4506 8018 4363 8018 4361 8018 4507 8060 4364 8060 4363 8060 4508 8061 4507 8061 4363 8061 4509 8062 4508 8062 4363 8062 4510 8063 4509 8063 4363 8063 4506 8064 4510 8064 4363 8064 4369 122 4511 122 4370 122 4511 8065 4512 8065 4370 8065 4512 8044 4372 8044 4370 8044 4513 8066 4373 8066 4372 8066 4514 8067 4513 8067 4372 8067 4515 8068 4514 8068 4372 8068 4516 8069 4515 8069 4372 8069 4512 8041 4516 8041 4372 8041 4378 8070 4517 8070 4379 8070 4517 8071 4518 8071 4379 8071 4518 8072 4381 8072 4379 8072 4519 4215 4382 4215 4381 4215 4520 8073 4519 8073 4381 8073 4521 8074 4520 8074 4381 8074 4522 8075 4521 8075 4381 8075 4518 8076 4522 8076 4381 8076 4387 8077 4523 8077 4388 8077 4523 8078 4524 8078 4388 8078 4524 8044 4390 8044 4388 8044 4525 8079 4391 8079 4390 8079 4526 8080 4525 8080 4390 8080 4527 8081 4526 8081 4390 8081 4528 8082 4527 8082 4390 8082 4524 8083 4528 8083 4390 8083 4396 8084 4529 8084 4397 8084 4529 8085 4530 8085 4397 8085 4530 7691 4399 7691 4397 7691 4531 4163 4400 4163 4399 4163 4532 4220 4531 4220 4399 4220 4533 8086 4532 8086 4399 8086 4530 8087 4533 8087 4399 8087 4405 8088 4534 8088 4406 8088 4534 8089 4535 8089 4406 8089 4535 8090 4408 8090 4406 8090 4536 8091 4409 8091 4408 8091 4537 8060 4536 8060 4408 8060 4538 8092 4537 8092 4408 8092 4535 8093 4538 8093 4408 8093 4413 8094 4539 8094 4414 8094 4539 8095 4540 8095 4414 8095 4540 8096 4415 8096 4414 8096 4541 4163 4416 4163 4415 4163 4542 4163 4541 4163 4415 4163 4543 8097 4542 8097 4415 8097 4540 8098 4543 8098 4415 8098 4420 5855 4544 5855 4421 5855 4544 8099 4545 8099 4421 8099 4545 8100 4422 8100 4421 8100 4546 8101 4423 8101 4422 8101 4547 4163 4546 4163 4422 4163 4548 8102 4547 8102 4422 8102 4549 8103 4548 8103 4422 8103 4545 8104 4549 8104 4422 8104 4427 8105 4550 8105 4428 8105 4550 8106 4551 8106 4428 8106 4551 8107 4430 8107 4428 8107 4552 4163 4431 4163 4430 4163 4553 8066 4552 8066 4430 8066 4554 8108 4553 8108 4430 8108 4555 8082 4554 8082 4430 8082 4551 8109 4555 8109 4430 8109 4556 8110 4557 8110 4435 8110 4434 8111 4556 8111 4435 8111 4558 8112 4438 8112 4435 8112 4557 8113 4558 8113 4435 8113 4559 8114 4436 8114 4437 8114 4438 8115 4559 8115 4437 8115 4560 8116 4444 8116 4440 8116 4439 8117 4560 8117 4440 8117 4561 8118 4441 8118 4442 8118 4562 4328 4561 4328 4442 4328 4443 8119 4562 8119 4442 8119 4563 8120 4450 8120 4446 8120 4445 8121 4563 8121 4446 8121 4564 8122 4447 8122 4448 8122 4565 8123 4564 8123 4448 8123 4449 8124 4565 8124 4448 8124 4566 8125 4456 8125 4452 8125 4451 8126 4566 8126 4452 8126 4567 8127 4453 8127 4454 8127 4568 8128 4567 8128 4454 8128 4455 8129 4568 8129 4454 8129 4569 8130 4570 8130 4458 8130 4457 8131 4569 8131 4458 8131 4571 8132 4461 8132 4458 8132 4570 8133 4571 8133 4458 8133 4572 8134 4459 8134 4460 8134 4461 8135 4572 8135 4460 8135 4573 8136 4574 8136 4463 8136 4462 8121 4573 8121 4463 8121 4575 8137 4466 8137 4463 8137 4574 8138 4575 8138 4463 8138 4576 8114 4464 8114 4465 8114 4466 4328 4576 4328 4465 4328 4577 8139 4473 8139 4468 8139 4467 8140 4577 8140 4468 8140 4578 8141 4470 8141 4471 8141 4579 8142 4578 8142 4471 8142 4472 8143 4579 8143 4471 8143 4580 8144 4480 8144 4475 8144 4474 8145 4580 8145 4475 8145 4581 4294 4477 4294 4478 4294 4582 8146 4581 8146 4478 8146 4479 8147 4582 8147 4478 8147 4583 8148 4487 8148 4482 8148 4481 8149 4583 8149 4482 8149 4584 8150 4484 8150 4485 8150 4585 8123 4584 8123 4485 8123 4486 8151 4585 8151 4485 8151 4586 8152 4587 8152 4489 8152 4488 8153 4586 8153 4489 8153 4588 8154 4493 8154 4489 8154 4587 8155 4588 8155 4489 8155 4589 4300 4491 4300 4492 4300 4493 8156 4589 8156 4492 8156 4590 8157 4591 8157 4495 8157 4494 8158 4590 8158 4495 8158 4592 8159 4499 8159 4495 8159 4591 8160 4592 8160 4495 8160 4593 4311 4497 4311 4498 4311 4499 4328 4593 4328 4498 4328 4594 8161 4595 8161 4501 8161 4500 8162 4594 8162 4501 8162 4596 8163 4504 8163 4501 8163 4595 8164 4596 8164 4501 8164 4597 8165 4502 8165 4503 8165 4504 4252 4597 4252 4503 4252 4598 8166 4510 8166 4506 8166 4505 8162 4598 8162 4506 8162 4599 8167 4507 8167 4508 8167 4600 4328 4599 4328 4508 4328 4509 8168 4600 8168 4508 8168 4601 8169 4516 8169 4512 8169 4511 8170 4601 8170 4512 8170 4602 8167 4513 8167 4514 8167 4603 4316 4602 4316 4514 4316 4515 8151 4603 8151 4514 8151 4604 8171 4522 8171 4518 8171 4517 8172 4604 8172 4518 8172 4605 8173 4519 8173 4520 8173 4606 8174 4605 8174 4520 8174 4521 8175 4606 8175 4520 8175 4607 8176 4528 8176 4524 8176 4523 4249 4607 4249 4524 4249 4608 8177 4525 8177 4526 8177 4609 8178 4608 8178 4526 8178 4527 8179 4609 8179 4526 8179 4610 8180 4611 8180 4530 8180 4529 8181 4610 8181 4530 8181 4612 8182 4533 8182 4530 8182 4611 8183 4612 8183 4530 8183 4613 8184 4531 8184 4532 8184 4533 8185 4613 8185 4532 8185 4614 8186 4615 8186 4535 8186 4534 4318 4614 4318 4535 4318 4616 8187 4538 8187 4535 8187 4615 8188 4616 8188 4535 8188 4617 8189 4536 8189 4537 8189 4538 8190 4617 8190 4537 8190 4618 8191 4619 8191 4540 8191 4539 8192 4618 8192 4540 8192 4620 8193 4543 8193 4540 8193 4619 8194 4620 8194 4540 8194 4621 8195 4541 8195 4542 8195 4543 8196 4621 8196 4542 8196 4622 8197 4549 8197 4545 8197 4544 8198 4622 8198 4545 8198 4623 8199 4546 8199 4547 8199 4624 8200 4623 8200 4547 8200 4548 8201 4624 8201 4547 8201 4625 8202 4555 8202 4551 8202 4550 8203 4625 8203 4551 8203 4626 8178 4552 8178 4553 8178 4627 4294 4626 4294 4553 4294 4554 8204 4627 8204 4553 8204 4628 8205 4558 8205 4557 8205 4556 4397 4628 4397 4557 4397 4629 8206 4559 8206 4438 8206 4558 8207 4629 8207 4438 8207 4630 8208 4443 8208 4444 8208 4560 8209 4630 8209 4444 8209 4631 8210 4561 8210 4562 8210 4443 8206 4631 8206 4562 8206 4632 8211 4449 8211 4450 8211 4563 8212 4632 8212 4450 8212 4633 8213 4564 8213 4565 8213 4449 8214 4633 8214 4565 8214 4634 8215 4455 8215 4456 8215 4566 8216 4634 8216 4456 8216 4635 4380 4567 4380 4568 4380 4455 8217 4635 8217 4568 8217 4636 8218 4571 8218 4570 8218 4569 8219 4636 8219 4570 8219 4637 8220 4572 8220 4461 8220 4571 8221 4637 8221 4461 8221 4638 8222 4575 8222 4574 8222 4573 8223 4638 8223 4574 8223 4639 8224 4576 8224 4466 8224 4575 8225 4639 8225 4466 8225 4640 8226 4472 8226 4473 8226 4577 8227 4640 8227 4473 8227 4641 8228 4578 8228 4579 8228 4472 8229 4641 8229 4579 8229 4642 8230 4479 8230 4480 8230 4580 8231 4642 8231 4480 8231 4643 4373 4581 4373 4582 4373 4479 8232 4643 8232 4582 8232 4644 8233 4486 8233 4487 8233 4583 8234 4644 8234 4487 8234 4645 8235 4584 8235 4585 8235 4486 8236 4645 8236 4585 8236 4646 8237 4588 8237 4587 8237 4586 8238 4646 8238 4587 8238 4647 8239 4589 8239 4493 8239 4588 8240 4647 8240 4493 8240 4648 8241 4592 8241 4591 8241 4590 8238 4648 8238 4591 8238 4649 8242 4593 8242 4499 8242 4592 8243 4649 8243 4499 8243 4650 8244 4596 8244 4595 8244 4594 8245 4650 8245 4595 8245 4651 4441 4597 4441 4504 4441 4596 4428 4651 4428 4504 4428 4652 8246 4509 8246 4510 8246 4598 8245 4652 8245 4510 8245 4653 4441 4599 4441 4600 4441 4509 4428 4653 4428 4600 4428 4654 8247 4515 8247 4516 8247 4601 8238 4654 8238 4516 8238 4655 8248 4602 8248 4603 8248 4515 4428 4655 4428 4603 4428 4656 8249 4521 8249 4522 8249 4604 4397 4656 4397 4522 4397 4657 8250 4605 8250 4606 8250 4521 8251 4657 8251 4606 8251 4658 8252 4527 8252 4528 8252 4607 8253 4658 8253 4528 8253 4659 8254 4608 8254 4609 8254 4527 8255 4659 8255 4609 8255 4660 8256 4612 8256 4611 8256 4610 8257 4660 8257 4611 8257 4661 8258 4613 8258 4533 8258 4612 8259 4661 8259 4533 8259 4662 8260 4616 8260 4615 8260 4614 8261 4662 8261 4615 8261 4663 4441 4617 4441 4538 4441 4616 8262 4663 8262 4538 8262 4664 8263 4620 8263 4619 8263 4618 8264 4664 8264 4619 8264 4665 8265 4621 8265 4543 8265 4620 8265 4665 8265 4543 8265 4666 8266 4548 8266 4549 8266 4622 8267 4666 8267 4549 8267 4667 8268 4623 8268 4624 8268 4548 8269 4667 8269 4624 8269 4668 8270 4554 8270 4555 8270 4625 8271 4668 8271 4555 8271 4669 8254 4626 8254 4627 8254 4554 8262 4669 8262 4627 8262 4628 8272 4629 8272 4558 8272 4630 4450 4631 4450 4443 4450 4632 8273 4633 8273 4449 8273 4634 8274 4635 8274 4455 8274 4636 8275 4637 8275 4571 8275 4638 8276 4639 8276 4575 8276 4640 8277 4641 8277 4472 8277 4642 8278 4643 8278 4479 8278 4644 8277 4645 8277 4486 8277 4646 8279 4647 8279 4588 8279 4648 8280 4649 8280 4592 8280 4650 8279 4651 8279 4596 8279 4652 8281 4653 8281 4509 8281 4654 8282 4655 8282 4515 8282 4656 8283 4657 8283 4521 8283 4658 8284 4659 8284 4527 8284 4660 8285 4661 8285 4612 8285 4662 8286 4663 8286 4616 8286 4664 8281 4665 8281 4620 8281 4666 8283 4667 8283 4548 8283 4668 8287 4669 8287 4554 8287 3830 8288 4670 8288 3799 8288 4670 8289 3801 8289 3799 8289 4671 8290 3802 8290 3797 8290 3828 8291 4671 8291 3797 8291 4672 8292 3829 8292 3803 8292 3814 8293 4672 8293 3803 8293 3802 8294 4673 8294 3813 8294 4673 8295 2259 8295 3813 8295 2252 8296 3559 8296 2253 8296 4670 8297 3276 8297 3801 8297 4674 8298 3826 8298 3333 8298 3332 8299 4674 8299 3333 8299 4675 8300 4673 8300 3802 8300 4671 8301 4675 8301 3802 8301 3285 8302 4676 8302 3814 8302 4676 8303 4672 8303 3814 8303 4677 8304 4678 8304 4673 8304 4678 8305 4679 8305 4673 8305 4679 8306 4680 8306 4673 8306 4675 8307 4681 8307 4673 8307 4681 8308 4682 8308 4673 8308 4682 8309 4677 8309 4673 8309 4683 8310 2259 8310 4673 8310 4680 8311 4683 8311 4673 8311 4684 8312 3825 8312 3800 8312 3826 8313 4684 8313 3800 8313 3829 8314 3835 8314 3820 8314 4670 8315 3277 8315 3276 8315 2252 8316 3560 8316 3559 8316 4685 8317 3818 8317 3819 8317 3832 8318 4685 8318 3819 8318 3822 8319 4686 8319 3772 8319 4686 8320 3748 8320 3772 8320 3102 8321 3827 8321 3808 8321 4686 8322 3811 8322 3748 8322 3776 8323 3827 8323 3102 8323 3284 8324 4676 8324 3285 8324 4687 8325 3828 8325 3818 8325 4685 8326 4687 8326 3818 8326 4688 8327 3835 8327 3829 8327 4672 8328 4688 8328 3829 8328 4684 8329 4689 8329 3825 8329 4689 8330 3830 8330 3825 8330 4690 8331 4674 8331 3332 8331 3336 8332 4690 8332 3332 8332 3827 8333 4686 8333 3822 8333 3776 8334 4686 8334 3827 8334 3776 8335 3811 8335 4686 8335 4671 8336 4681 8336 4675 8336 2251 8337 3556 8337 2252 8337 3556 8338 3560 8338 2252 8338 4688 8339 3833 8339 3835 8339 4691 8340 4685 8340 3832 8340 3831 8341 4691 8341 3832 8341 4692 8342 4684 8342 3826 8342 4674 8343 4692 8343 3826 8343 4689 8344 4693 8344 3830 8344 4693 8345 4670 8345 3830 8345 3824 8346 4694 8346 3775 8346 4694 8347 3831 8347 3775 8347 3834 8348 3768 8348 3767 8348 4695 8349 4691 8349 3831 8349 4694 8350 4696 8350 3831 8350 4696 8351 4697 8351 3831 8351 4697 8352 4695 8352 3831 8352 4698 8353 4699 8353 3834 8353 4699 8354 4700 8354 3834 8354 3833 8355 4698 8355 3834 8355 4700 8356 3768 8356 3834 8356 4701 8357 4671 8357 3828 8357 4687 8358 4701 8358 3828 8358 4702 8359 4688 8359 4672 8359 4676 8360 4702 8360 4672 8360 4670 8361 3272 8361 3277 8361 4703 8362 4690 8362 3336 8362 3335 8363 4703 8363 3336 8363 3273 8364 3272 8364 4670 8364 4693 8365 3273 8365 4670 8365 3283 8366 4676 8366 3284 8366 4701 8367 4681 8367 4671 8367 3283 8368 4704 8368 4676 8368 4704 8369 4702 8369 4676 8369 4705 8370 4685 8370 4691 8370 4695 8371 4705 8371 4691 8371 4706 8372 4698 8372 3833 8372 4688 8373 4706 8373 3833 8373 4707 8374 4687 8374 4685 8374 4705 8375 4707 8375 4685 8375 4702 8376 4706 8376 4688 8376 4692 8377 4708 8377 4684 8377 4708 8378 4689 8378 4684 8378 4709 8379 4705 8379 4695 8379 4697 8380 4709 8380 4695 8380 4710 8381 4703 8381 3335 8381 3594 8382 4710 8382 3335 8382 4711 8383 4692 8383 4674 8383 4690 8384 4711 8384 4674 8384 4701 8385 4682 8385 4681 8385 2250 8386 3260 8386 2251 8386 3260 8387 3556 8387 2251 8387 4712 8388 3583 8388 2227 8388 2226 8389 4713 8389 2227 8389 4713 8390 4714 8390 2227 8390 4714 8391 4712 8391 2227 8391 4715 8392 4710 8392 3594 8392 3592 8393 4715 8393 3594 8393 3811 8394 4716 8394 3824 8394 4716 8395 4694 8395 3824 8395 4700 8396 3796 8396 3768 8396 4716 8397 4717 8397 4694 8397 4717 8398 4718 8398 4694 8398 4718 8399 4696 8399 4694 8399 4699 8400 4719 8400 4700 8400 4719 8401 4720 8401 4700 8401 4720 8402 4721 8402 4700 8402 4721 8403 3796 8403 4700 8403 4708 8404 4722 8404 4689 8404 4722 8405 4693 8405 4689 8405 4723 8406 4701 8406 4687 8406 4707 8407 4723 8407 4687 8407 4724 8408 4706 8408 4702 8408 4704 8409 4724 8409 4702 8409 4712 8410 4725 8410 3583 8410 4725 8411 4726 8411 3583 8411 4726 8412 3664 8412 3583 8412 3282 8413 4704 8413 3283 8413 4727 8414 4715 8414 3592 8414 3591 8415 4727 8415 3592 8415 4728 8416 3586 8416 3664 8416 4726 8417 4729 8417 3664 8417 4729 8418 4728 8418 3664 8418 4728 8419 4730 8419 3586 8419 4730 8420 3326 8420 3586 8420 4731 8421 3590 8421 3326 8421 4730 8422 4731 8422 3326 8422 4731 8423 3591 8423 3590 8423 4731 8424 4727 8424 3591 8424 3796 8425 4716 8425 3811 8425 4721 8426 4716 8426 3796 8426 4721 8427 4732 8427 4716 8427 4732 8428 4733 8428 4716 8428 4733 8429 4734 8429 4716 8429 4734 8430 4717 8430 4716 8430 4720 8431 4735 8431 4721 8431 4735 8432 4736 8432 4721 8432 4736 8433 4737 8433 4721 8433 4737 8434 4732 8434 4721 8434 3274 8435 3273 8435 4693 8435 4722 8436 3274 8436 4693 8436 4738 8437 4699 8437 4698 8437 4706 8438 4738 8438 4698 8438 4739 8439 4711 8439 4690 8439 4703 8440 4739 8440 4690 8440 4677 8441 4682 8441 4701 8441 4723 8442 4677 8442 4701 8442 3282 8443 4740 8443 4704 8443 4740 8444 4724 8444 4704 8444 4741 8445 4707 8445 4705 8445 4709 8446 4741 8446 4705 8446 4724 8447 4738 8447 4706 8447 2250 8448 3261 8448 3260 8448 4711 8449 4742 8449 4692 8449 4742 8450 4708 8450 4692 8450 2249 8451 3261 8451 2250 8451 4743 8452 4709 8452 4697 8452 4696 8453 4743 8453 4697 8453 4744 8454 4719 8454 4699 8454 4738 8455 4744 8455 4699 8455 4745 8456 4725 8456 4712 8456 4714 8457 4746 8457 4712 8457 4746 8458 4745 8458 4712 8458 4722 8459 3601 8459 3274 8459 2249 8460 3262 8460 3261 8460 4747 8461 4743 8461 4696 8461 4718 8462 4747 8462 4696 8462 4748 8463 4739 8463 4703 8463 4710 8464 4748 8464 4703 8464 4742 8465 4749 8465 4708 8465 4749 8466 4722 8466 4708 8466 3281 8467 4740 8467 3282 8467 4750 8468 4723 8468 4707 8468 4741 8469 4750 8469 4707 8469 4751 8470 4738 8470 4724 8470 4740 8471 4751 8471 4724 8471 4752 8472 4725 8472 4745 8472 4746 8473 4752 8473 4745 8473 4753 8474 4741 8474 4709 8474 4743 8475 4753 8475 4709 8475 4751 8476 4744 8476 4738 8476 4754 8477 4747 8477 4718 8477 4717 8478 4754 8478 4718 8478 4744 8479 4755 8479 4719 8479 4755 8480 4720 8480 4719 8480 4739 8481 4756 8481 4711 8481 4756 8482 4742 8482 4711 8482 4755 8483 4735 8483 4720 8483 4757 8484 4731 8484 4730 8484 4728 8485 4758 8485 4730 8485 4758 8486 4759 8486 4730 8486 4759 8487 4757 8487 4730 8487 4723 8488 4678 8488 4677 8488 3599 8489 3601 8489 4722 8489 4749 8490 3599 8490 4722 8490 2243 8491 3263 8491 2249 8491 3263 8492 3262 8492 2249 8492 4752 8493 4760 8493 4725 8493 4760 8494 4726 8494 4725 8494 4761 8495 4748 8495 4710 8495 4715 8496 4761 8496 4710 8496 3620 8497 4740 8497 3281 8497 4679 8498 4678 8498 4723 8498 4750 8499 4679 8499 4723 8499 3620 8500 4762 8500 4740 8500 4762 8501 4751 8501 4740 8501 4729 8502 4763 8502 4728 8502 4763 8503 4758 8503 4728 8503 4757 8504 4727 8504 4731 8504 4764 8505 4736 8505 4735 8505 4755 8506 4764 8506 4735 8506 4765 8507 4717 8507 4734 8507 4766 8508 4765 8508 4734 8508 4733 8509 4766 8509 4734 8509 4767 8510 4766 8510 4733 8510 4732 8511 4767 8511 4733 8511 4768 8512 4767 8512 4732 8512 4737 8513 4768 8513 4732 8513 4769 8514 4768 8514 4737 8514 4736 8515 4769 8515 4737 8515 4764 8516 4769 8516 4736 8516 4765 8517 4754 8517 4717 8517 4760 8518 4770 8518 4726 8518 4770 8519 4729 8519 4726 8519 4771 8520 4761 8520 4715 8520 4727 8521 4771 8521 4715 8521 4770 8522 4763 8522 4729 8522 4757 8523 4771 8523 4727 8523 3619 8524 4762 8524 3620 8524 4772 8525 4753 8525 4743 8525 4747 8526 4772 8526 4743 8526 4773 8527 4755 8527 4744 8527 4751 8528 4773 8528 4744 8528 4774 8529 4760 8529 4752 8529 4746 8530 4774 8530 4752 8530 4756 8531 4775 8531 4742 8531 4775 8532 4749 8532 4742 8532 4748 8533 4776 8533 4739 8533 4776 8534 4756 8534 4739 8534 4777 8535 4750 8535 4741 8535 4753 8536 4777 8536 4741 8536 4762 8537 4773 8537 4751 8537 4750 8538 4680 8538 4679 8538 2242 8539 3263 8539 2243 8539 4749 8540 3600 8540 3599 8540 4778 8541 4760 8541 4774 8541 4746 8542 4779 8542 4774 8542 4779 8543 4778 8543 4774 8543 4780 8544 4772 8544 4747 8544 4754 8545 4780 8545 4747 8545 4781 8546 4764 8546 4755 8546 4773 8547 4781 8547 4755 8547 2242 8548 2241 8548 3263 8548 2241 8549 3264 8549 3263 8549 3602 8550 3600 8550 4749 8550 4775 8551 3602 8551 4749 8551 4758 8552 4782 8552 4759 8552 4782 8553 4783 8553 4759 8553 4783 8554 4784 8554 4759 8554 4784 8555 4757 8555 4759 8555 4777 8556 4680 8556 4750 8556 3618 8557 4785 8557 4762 8557 3619 8558 3618 8558 4762 8558 4785 8559 4773 8559 4762 8559 4778 8560 4786 8560 4760 8560 4786 8561 4770 8561 4760 8561 4761 8562 4787 8562 4748 8562 4787 8563 4776 8563 4748 8563 4788 8564 4780 8564 4754 8564 4765 8565 4788 8565 4754 8565 4789 8566 4769 8566 4764 8566 4781 8567 4789 8567 4764 8567 4790 8568 4788 8568 4765 8568 4766 8569 4790 8569 4765 8569 4791 8570 4768 8570 4769 8570 4789 8571 4791 8571 4769 8571 4792 8572 4790 8572 4766 8572 4767 8573 4792 8573 4766 8573 4793 8574 4767 8574 4768 8574 4791 8575 4793 8575 4768 8575 4793 8576 4792 8576 4767 8576 4763 8577 4794 8577 4758 8577 4794 8578 4782 8578 4758 8578 4784 8579 4771 8579 4757 8579 4795 8580 4777 8580 4753 8580 4772 8581 4795 8581 4753 8581 4785 8582 4781 8582 4773 8582 4776 8583 4796 8583 4756 8583 4796 8584 4775 8584 4756 8584 4786 8585 4797 8585 4770 8585 4797 8586 4763 8586 4770 8586 4771 8587 4798 8587 4761 8587 4798 8588 4787 8588 4761 8588 4777 8589 4683 8589 4680 8589 4797 8590 4794 8590 4763 8590 4784 8591 4798 8591 4771 8591 4779 8592 4786 8592 4778 8592 4775 8593 3603 8593 3602 8593 2241 8594 2285 8594 3264 8594 4278 8595 4799 8595 4434 8595 4799 8596 4556 8596 4434 8596 4800 8597 4801 8597 4281 8597 4801 8598 4282 8598 4281 8598 4436 8599 4800 8599 4281 8599 4286 8600 4802 8600 4439 8600 4802 8601 4560 8601 4439 8601 4803 8602 4290 8602 4289 8602 4804 8603 4803 8603 4289 8603 4441 8604 4804 8604 4289 8604 4293 8605 4805 8605 4445 8605 4805 8606 4563 8606 4445 8606 4806 8607 4297 8607 4296 8607 4807 8608 4806 8608 4296 8608 4447 8599 4807 8599 4296 8599 4300 8609 4808 8609 4451 8609 4808 8610 4566 8610 4451 8610 4809 8611 4304 8611 4303 8611 4810 8612 4809 8612 4303 8612 4453 8613 4810 8613 4303 8613 4307 8614 4811 8614 4457 8614 4811 8615 4569 8615 4457 8615 4812 8616 4311 8616 4310 8616 4813 8617 4812 8617 4310 8617 4459 8618 4813 8618 4310 8618 4314 8619 4814 8619 4462 8619 4814 8620 4573 8620 4462 8620 4815 8621 4318 8621 4317 8621 4816 8617 4815 8617 4317 8617 4464 8622 4816 8622 4317 8622 4321 8623 4817 8623 4467 8623 4817 8624 4577 8624 4467 8624 4818 8625 4819 8625 4469 8625 4819 8626 4324 8626 4469 8626 4470 8627 4818 8627 4469 8627 4327 8628 4820 8628 4474 8628 4820 8629 4580 8629 4474 8629 4821 8630 4822 8630 4476 8630 4822 8631 4330 8631 4476 8631 4477 8632 4821 8632 4476 8632 4333 8633 4823 8633 4481 8633 4823 8634 4583 8634 4481 8634 4824 8635 4825 8635 4483 8635 4825 8636 4336 8636 4483 8636 4484 8637 4824 8637 4483 8637 4339 8638 4826 8638 4488 8638 4826 8639 4586 8639 4488 8639 4827 8640 4828 8640 4490 8640 4828 8641 4342 8641 4490 8641 4491 8642 4827 8642 4490 8642 4345 8643 4829 8643 4494 8643 4829 8644 4590 8644 4494 8644 4830 8645 4831 8645 4496 8645 4831 8646 4348 8646 4496 8646 4497 8637 4830 8637 4496 8637 4351 8647 4832 8647 4500 8647 4832 8648 4594 8648 4500 8648 4833 8649 4834 8649 4355 8649 4834 8650 4356 8650 4355 8650 4502 8651 4833 8651 4355 8651 4360 8652 4835 8652 4505 8652 4835 8653 4598 8653 4505 8653 4836 8654 4837 8654 4364 8654 4837 8655 4365 8655 4364 8655 4507 8656 4836 8656 4364 8656 4369 8657 4838 8657 4511 8657 4838 8658 4601 8658 4511 8658 4839 8659 4840 8659 4373 8659 4840 8660 4374 8660 4373 8660 4513 8642 4839 8642 4373 8642 4378 8661 4841 8661 4517 8661 4841 8662 4604 8662 4517 8662 4842 8663 4843 8663 4382 8663 4843 8664 4383 8664 4382 8664 4519 8665 4842 8665 4382 8665 4387 8666 4844 8666 4523 8666 4844 8667 4607 8667 4523 8667 4845 8668 4846 8668 4391 8668 4846 8669 4392 8669 4391 8669 4525 8670 4845 8670 4391 8670 4396 8671 4847 8671 4529 8671 4847 8672 4610 8672 4529 8672 4848 8673 4849 8673 4400 8673 4849 8674 4401 8674 4400 8674 4531 8675 4848 8675 4400 8675 4405 8676 4850 8676 4534 8676 4850 8677 4614 8677 4534 8677 4851 8678 4410 8678 4409 8678 4852 8679 4851 8679 4409 8679 4536 8680 4852 8680 4409 8680 4413 8681 4853 8681 4539 8681 4853 8682 4618 8682 4539 8682 4854 8683 4417 8683 4416 8683 4855 8684 4854 8684 4416 8684 4541 8685 4855 8685 4416 8685 4420 8686 4856 8686 4544 8686 4856 8687 4622 8687 4544 8687 4857 8688 4424 8688 4423 8688 4858 8689 4857 8689 4423 8689 4546 8690 4858 8690 4423 8690 4427 8691 4859 8691 4550 8691 4859 8692 4625 8692 4550 8692 4860 8693 4432 8693 4431 8693 4861 8694 4860 8694 4431 8694 4552 8695 4861 8695 4431 8695 4799 8696 4628 8696 4556 8696 4559 8697 4800 8697 4436 8697 4802 8698 4630 8698 4560 8698 4561 8699 4804 8699 4441 8699 4805 8700 4632 8700 4563 8700 4564 8701 4807 8701 4447 8701 4808 8702 4634 8702 4566 8702 4567 8703 4810 8703 4453 8703 4811 8704 4636 8704 4569 8704 4572 8705 4813 8705 4459 8705 4814 8706 4638 8706 4573 8706 4576 8707 4816 8707 4464 8707 4817 8708 4640 8708 4577 8708 4578 8709 4818 8709 4470 8709 4820 8710 4642 8710 4580 8710 4581 8711 4821 8711 4477 8711 4823 8712 4644 8712 4583 8712 4584 8713 4824 8713 4484 8713 4826 8714 4646 8714 4586 8714 4589 8707 4827 8707 4491 8707 4829 8715 4648 8715 4590 8715 4593 8716 4830 8716 4497 8716 4832 8717 4650 8717 4594 8717 4597 8716 4833 8716 4502 8716 4835 8718 4652 8718 4598 8718 4599 8719 4836 8719 4507 8719 4838 8720 4654 8720 4601 8720 4602 8713 4839 8713 4513 8713 4841 8721 4656 8721 4604 8721 4605 8722 4842 8722 4519 8722 4844 8723 4658 8723 4607 8723 4608 8724 4845 8724 4525 8724 4847 8725 4660 8725 4610 8725 4613 8726 4848 8726 4531 8726 4850 8727 4662 8727 4614 8727 4617 8728 4852 8728 4536 8728 4853 8729 4664 8729 4618 8729 4621 8730 4855 8730 4541 8730 4856 8731 4666 8731 4622 8731 4623 8732 4858 8732 4546 8732 4859 8733 4668 8733 4625 8733 4626 8734 4861 8734 4552 8734 4799 8735 4862 8735 4628 8735 4862 8736 4629 8736 4628 8736 4629 8737 4800 8737 4559 8737 4802 8738 4863 8738 4630 8738 4863 8739 4631 8739 4630 8739 4631 8740 4804 8740 4561 8740 4805 8741 4864 8741 4632 8741 4864 8742 4633 8742 4632 8742 4633 8740 4807 8740 4564 8740 4808 8743 4865 8743 4634 8743 4865 8744 4635 8744 4634 8744 4635 8745 4810 8745 4567 8745 4811 8746 4866 8746 4636 8746 4866 8747 4637 8747 4636 8747 4637 8748 4813 8748 4572 8748 4814 8749 4867 8749 4638 8749 4867 8750 4639 8750 4638 8750 4639 8751 4816 8751 4576 8751 4817 8752 4868 8752 4640 8752 4868 8753 4641 8753 4640 8753 4641 8754 4818 8754 4578 8754 4820 8755 4869 8755 4642 8755 4869 8756 4643 8756 4642 8756 4643 8757 4821 8757 4581 8757 4823 8755 4870 8755 4644 8755 4870 8758 4645 8758 4644 8758 4645 8759 4824 8759 4584 8759 4826 8755 4871 8755 4646 8755 4871 8760 4647 8760 4646 8760 4647 8761 4827 8761 4589 8761 4829 8762 4872 8762 4648 8762 4872 8763 4649 8763 4648 8763 4649 8751 4830 8751 4593 8751 4832 8764 4873 8764 4650 8764 4873 8765 4651 8765 4650 8765 4651 8766 4833 8766 4597 8766 4835 8767 4874 8767 4652 8767 4874 8768 4653 8768 4652 8768 4653 8769 4836 8769 4599 8769 4838 8770 4875 8770 4654 8770 4875 8771 4655 8771 4654 8771 4655 8769 4839 8769 4602 8769 4841 8772 4876 8772 4656 8772 4876 8773 4657 8773 4656 8773 4657 8774 4842 8774 4605 8774 4844 8775 4877 8775 4658 8775 4877 8776 4659 8776 4658 8776 4659 8777 4845 8777 4608 8777 4847 8770 4878 8770 4660 8770 4878 8778 4661 8778 4660 8778 4661 8779 4848 8779 4613 8779 4850 8770 4879 8770 4662 8770 4879 8780 4663 8780 4662 8780 4663 8781 4852 8781 4617 8781 4853 8762 4880 8762 4664 8762 4880 8782 4665 8782 4664 8782 4665 8740 4855 8740 4621 8740 4856 8783 4881 8783 4666 8783 4881 8784 4667 8784 4666 8784 4667 8785 4858 8785 4623 8785 4859 8770 4882 8770 4668 8770 4882 8786 4669 8786 4668 8786 4669 8787 4861 8787 4626 8787 4862 8788 4800 8788 4629 8788 4863 8789 4804 8789 4631 8789 4864 8790 4807 8790 4633 8790 4865 8791 4810 8791 4635 8791 4866 8792 4813 8792 4637 8792 4867 8793 4816 8793 4639 8793 4868 8794 4818 8794 4641 8794 4869 8795 4821 8795 4643 8795 4870 8796 4824 8796 4645 8796 4871 8797 4827 8797 4647 8797 4872 8798 4830 8798 4649 8798 4873 8798 4833 8798 4651 8798 4874 8799 4836 8799 4653 8799 4875 8800 4839 8800 4655 8800 4876 8801 4842 8801 4657 8801 4877 8802 4845 8802 4659 8802 4878 8803 4848 8803 4661 8803 4879 8804 4852 8804 4663 8804 4880 8798 4855 8798 4665 8798 4881 8805 4858 8805 4667 8805 4882 8795 4861 8795 4669 8795 4278 8806 4883 8806 4799 8806 4884 8807 4885 8807 4799 8807 4883 8808 4884 8808 4799 8808 4885 8809 4886 8809 4799 8809 4886 8810 4862 8810 4799 8810 4887 8811 4801 8811 4800 8811 4888 8812 4887 8812 4800 8812 4862 8813 4888 8813 4800 8813 4286 8814 4889 8814 4802 8814 4889 8815 4890 8815 4802 8815 4890 8816 4891 8816 4802 8816 4891 8817 4892 8817 4802 8817 4892 8818 4863 8818 4802 8818 4893 8819 4803 8819 4804 8819 4894 8820 4893 8820 4804 8820 4863 8821 4894 8821 4804 8821 4293 8822 4895 8822 4805 8822 4896 8823 4897 8823 4805 8823 4895 8824 4896 8824 4805 8824 4897 8825 4898 8825 4805 8825 4898 8826 4864 8826 4805 8826 4899 8827 4806 8827 4807 8827 4900 8828 4899 8828 4807 8828 4864 8829 4900 8829 4807 8829 4300 8830 4901 8830 4808 8830 4901 8831 4902 8831 4808 8831 4902 8832 4903 8832 4808 8832 4903 8833 4904 8833 4808 8833 4904 8834 4865 8834 4808 8834 4905 8835 4809 8835 4810 8835 4906 8836 4905 8836 4810 8836 4865 8837 4906 8837 4810 8837 4307 8838 4907 8838 4811 8838 4907 8839 4908 8839 4811 8839 4908 8840 4909 8840 4811 8840 4909 8841 4910 8841 4811 8841 4910 8842 4866 8842 4811 8842 4911 8843 4812 8843 4813 8843 4912 8844 4911 8844 4813 8844 4866 8845 4912 8845 4813 8845 4314 8846 4913 8846 4814 8846 4913 8847 4914 8847 4814 8847 4914 8848 4915 8848 4814 8848 4915 8849 4916 8849 4814 8849 4916 8850 4867 8850 4814 8850 4917 8851 4815 8851 4816 8851 4918 8852 4917 8852 4816 8852 4867 8853 4918 8853 4816 8853 4321 8854 4919 8854 4817 8854 4920 8855 4921 8855 4817 8855 4919 8856 4920 8856 4817 8856 4921 8857 4922 8857 4817 8857 4922 8858 4868 8858 4817 8858 4923 8859 4819 8859 4818 8859 4924 8860 4923 8860 4818 8860 4868 8861 4925 8861 4818 8861 4925 8862 4926 8862 4818 8862 4926 8863 4924 8863 4818 8863 4327 8864 4927 8864 4820 8864 4927 8865 4928 8865 4820 8865 4928 8866 4929 8866 4820 8866 4929 8867 4930 8867 4820 8867 4930 8868 4869 8868 4820 8868 4931 8869 4822 8869 4821 8869 4932 8870 4931 8870 4821 8870 4869 8871 4932 8871 4821 8871 4333 8872 4933 8872 4823 8872 4933 8873 4934 8873 4823 8873 4934 8874 4935 8874 4823 8874 4935 8875 4936 8875 4823 8875 4936 8876 4870 8876 4823 8876 4937 8877 4825 8877 4824 8877 4938 8878 4937 8878 4824 8878 4870 8879 4938 8879 4824 8879 4339 8880 4939 8880 4826 8880 4939 8881 4940 8881 4826 8881 4940 8882 4941 8882 4826 8882 4941 8883 4942 8883 4826 8883 4942 8884 4871 8884 4826 8884 4943 8885 4828 8885 4827 8885 4944 8886 4943 8886 4827 8886 4871 8887 4944 8887 4827 8887 4345 8888 4945 8888 4829 8888 4945 8889 4946 8889 4829 8889 4946 8890 4947 8890 4829 8890 4947 8891 4948 8891 4829 8891 4948 8868 4872 8868 4829 8868 4949 8892 4831 8892 4830 8892 4950 8893 4949 8893 4830 8893 4872 8894 4950 8894 4830 8894 4351 8895 4951 8895 4832 8895 4951 8896 4952 8896 4832 8896 4952 8897 4953 8897 4832 8897 4953 8898 4954 8898 4832 8898 4954 8899 4873 8899 4832 8899 4955 8900 4834 8900 4833 8900 4956 8901 4955 8901 4833 8901 4873 8902 4956 8902 4833 8902 4360 8903 4957 8903 4835 8903 4957 8904 4958 8904 4835 8904 4958 8905 4959 8905 4835 8905 4959 8898 4960 8898 4835 8898 4960 8906 4874 8906 4835 8906 4961 8907 4837 8907 4836 8907 4962 8908 4961 8908 4836 8908 4874 8909 4962 8909 4836 8909 4369 8910 4963 8910 4838 8910 4963 8911 4964 8911 4838 8911 4964 8912 4965 8912 4838 8912 4965 8913 4966 8913 4838 8913 4966 8914 4875 8914 4838 8914 4967 8915 4840 8915 4839 8915 4968 8916 4967 8916 4839 8916 4875 8917 4968 8917 4839 8917 4378 8918 4969 8918 4841 8918 4969 8919 4970 8919 4841 8919 4970 8920 4971 8920 4841 8920 4971 8921 4972 8921 4841 8921 4972 8922 4876 8922 4841 8922 4973 8923 4843 8923 4842 8923 4974 8924 4973 8924 4842 8924 4876 8925 4974 8925 4842 8925 4387 8926 4975 8926 4844 8926 4976 8927 4977 8927 4844 8927 4975 8928 4976 8928 4844 8928 4977 8929 4978 8929 4844 8929 4978 8930 4877 8930 4844 8930 4979 8931 4846 8931 4845 8931 4980 8932 4979 8932 4845 8932 4877 8933 4980 8933 4845 8933 4396 8934 4981 8934 4847 8934 4981 8935 4982 8935 4847 8935 4982 8936 4983 8936 4847 8936 4983 8898 4984 8898 4847 8898 4984 8937 4878 8937 4847 8937 4985 8938 4849 8938 4848 8938 4986 8939 4985 8939 4848 8939 4878 8940 4986 8940 4848 8940 4405 8941 4987 8941 4850 8941 4987 8942 4988 8942 4850 8942 4988 8943 4989 8943 4850 8943 4989 8944 4990 8944 4850 8944 4990 8945 4879 8945 4850 8945 4991 8946 4851 8946 4852 8946 4992 8947 4991 8947 4852 8947 4879 8948 4992 8948 4852 8948 4413 8949 4993 8949 4853 8949 4993 8950 4994 8950 4853 8950 4994 8951 4995 8951 4853 8951 4995 8952 4996 8952 4853 8952 4996 8953 4880 8953 4853 8953 4997 8954 4854 8954 4855 8954 4998 8955 4997 8955 4855 8955 4880 8956 4998 8956 4855 8956 4420 8957 4999 8957 4856 8957 4999 8958 5000 8958 4856 8958 5000 8959 5001 8959 4856 8959 5001 8960 5002 8960 4856 8960 5002 8961 4881 8961 4856 8961 5003 8962 4857 8962 4858 8962 5004 8963 5003 8963 4858 8963 4881 8964 5004 8964 4858 8964 4427 8965 5005 8965 4859 8965 5005 8966 5006 8966 4859 8966 5006 8967 5007 8967 4859 8967 5007 8968 5008 8968 4859 8968 5008 8969 4882 8969 4859 8969 5009 8970 4860 8970 4861 8970 5010 8971 5009 8971 4861 8971 4882 8972 5010 8972 4861 8972 4896 8973 4898 8973 4897 8973 5011 8974 4899 8974 4900 8974 5012 8975 5013 8975 4900 8975 5013 8976 5014 8976 4900 8976 5014 8977 5011 8977 4900 8977 4864 8978 5012 8978 4900 8978 5015 8979 4922 8979 4921 8979 4920 8980 5015 8980 4921 8980 5016 8981 4923 8981 4924 8981 4926 8982 5017 8982 4924 8982 5017 8983 5018 8983 4924 8983 5018 8984 5016 8984 4924 8984 5019 8985 4978 8985 4977 8985 4976 8986 5019 8986 4977 8986 5020 8987 4979 8987 4980 8987 5021 8988 5022 8988 4980 8988 5022 8989 5023 8989 4980 8989 5023 8990 5020 8990 4980 8990 4877 8991 5021 8991 4980 8991 5024 8992 5025 8992 4885 8992 5025 8993 5026 8993 4885 8993 5026 8994 4886 8994 4885 8994 4884 8995 5024 8995 4885 8995 5027 8996 4887 8996 4888 8996 5028 8997 5027 8997 4888 8997 5029 8998 5028 8998 4888 8998 5030 8999 5029 8999 4888 8999 4862 9000 5030 9000 4888 9000 5031 9001 4892 9001 4891 9001 5032 9002 5031 9002 4891 9002 4890 9003 5033 9003 4891 9003 5033 9004 5032 9004 4891 9004 5034 9005 4893 9005 4894 9005 5035 9006 5036 9006 4894 9006 5036 9007 5037 9007 4894 9007 5037 9008 5034 9008 4894 9008 4863 9009 5035 9009 4894 9009 5038 9010 4904 9010 4903 9010 5039 9011 5038 9011 4903 9011 4902 9012 5040 9012 4903 9012 5040 9013 5039 9013 4903 9013 5041 9014 4905 9014 4906 9014 5042 9015 5043 9015 4906 9015 5043 9016 5044 9016 4906 9016 5044 9017 5041 9017 4906 9017 4865 9018 5042 9018 4906 9018 5045 9019 4910 9019 4909 9019 5046 9020 5045 9020 4909 9020 4908 9021 5047 9021 4909 9021 5047 9022 5046 9022 4909 9022 5048 9023 4911 9023 4912 9023 5049 9024 5050 9024 4912 9024 5050 9025 5051 9025 4912 9025 5051 9026 5048 9026 4912 9026 4866 9027 5049 9027 4912 9027 5052 9028 4916 9028 4915 9028 5053 9029 5052 9029 4915 9029 4914 9030 5054 9030 4915 9030 5054 9031 5053 9031 4915 9031 5055 9032 4917 9032 4918 9032 5056 9033 5057 9033 4918 9033 5057 9034 5058 9034 4918 9034 5058 9035 5055 9035 4918 9035 4867 9036 5056 9036 4918 9036 5059 9037 4930 9037 4929 9037 5060 9038 5059 9038 4929 9038 4928 9039 5061 9039 4929 9039 5061 9040 5060 9040 4929 9040 5062 9041 4931 9041 4932 9041 5063 9042 5064 9042 4932 9042 5064 9043 5065 9043 4932 9043 5065 9044 5062 9044 4932 9044 4869 9045 5063 9045 4932 9045 5066 9046 4936 9046 4935 9046 5067 9047 5066 9047 4935 9047 4934 9048 5068 9048 4935 9048 5068 9049 5067 9049 4935 9049 5069 9050 4937 9050 4938 9050 5070 9051 5071 9051 4938 9051 5071 9052 5072 9052 4938 9052 5072 9053 5069 9053 4938 9053 4870 9054 5070 9054 4938 9054 5073 9055 4942 9055 4941 9055 5074 9056 5073 9056 4941 9056 4940 9057 5075 9057 4941 9057 5075 9058 5074 9058 4941 9058 5076 9059 4943 9059 4944 9059 5077 9060 5078 9060 4944 9060 5078 9061 5079 9061 4944 9061 5079 9062 5076 9062 4944 9062 4871 9063 5077 9063 4944 9063 5080 9064 4948 9064 4947 9064 5081 9065 5080 9065 4947 9065 4946 9066 5082 9066 4947 9066 5082 9067 5081 9067 4947 9067 5083 9068 4949 9068 4950 9068 5084 9069 5085 9069 4950 9069 5085 9070 5086 9070 4950 9070 5086 9071 5083 9071 4950 9071 4872 9036 5084 9036 4950 9036 5087 9072 4954 9072 4953 9072 5088 9073 5087 9073 4953 9073 4952 9074 5089 9074 4953 9074 5089 9075 5088 9075 4953 9075 5090 9076 4955 9076 4956 9076 5091 9077 5092 9077 4956 9077 5092 9078 5093 9078 4956 9078 5093 9079 5090 9079 4956 9079 4873 9080 5091 9080 4956 9080 5094 9081 4960 9081 4959 9081 5095 9082 5094 9082 4959 9082 4958 9083 5096 9083 4959 9083 5096 9084 5095 9084 4959 9084 5097 9085 4961 9085 4962 9085 5098 9086 5099 9086 4962 9086 5099 9087 5100 9087 4962 9087 5100 9088 5097 9088 4962 9088 4874 9089 5098 9089 4962 9089 5101 9090 4966 9090 4965 9090 5102 9091 5101 9091 4965 9091 4964 9092 5103 9092 4965 9092 5103 9093 5102 9093 4965 9093 5104 9094 4967 9094 4968 9094 5105 9095 5106 9095 4968 9095 5106 9096 5107 9096 4968 9096 5107 9097 5104 9097 4968 9097 4875 9098 5105 9098 4968 9098 5108 9099 4972 9099 4971 9099 5109 9100 5108 9100 4971 9100 4970 9101 5110 9101 4971 9101 5110 9102 5109 9102 4971 9102 5111 9103 4973 9103 4974 9103 5112 9104 5113 9104 4974 9104 5113 9105 5114 9105 4974 9105 5114 9106 5111 9106 4974 9106 4876 9107 5112 9107 4974 9107 5115 9108 4984 9108 4983 9108 5116 9109 5115 9109 4983 9109 4982 9110 5117 9110 4983 9110 5117 9111 5116 9111 4983 9111 5118 9112 4985 9112 4986 9112 5119 9113 5120 9113 4986 9113 5120 9114 5121 9114 4986 9114 5121 9115 5118 9115 4986 9115 4878 9116 5119 9116 4986 9116 5122 9117 4990 9117 4989 9117 5123 9118 5122 9118 4989 9118 4988 9119 5124 9119 4989 9119 5124 9120 5123 9120 4989 9120 5125 9121 4991 9121 4992 9121 5126 9122 5127 9122 4992 9122 5127 9123 5128 9123 4992 9123 5128 9124 5125 9124 4992 9124 4879 9125 5126 9125 4992 9125 5129 9126 4996 9126 4995 9126 5130 9127 5129 9127 4995 9127 4994 9128 5131 9128 4995 9128 5131 9129 5130 9129 4995 9129 5132 9130 4997 9130 4998 9130 5133 9131 5134 9131 4998 9131 5134 9132 5135 9132 4998 9132 5135 9133 5132 9133 4998 9133 4880 9134 5133 9134 4998 9134 5136 9135 5002 9135 5001 9135 5137 9136 5136 9136 5001 9136 5000 9137 5138 9137 5001 9137 5138 9138 5137 9138 5001 9138 5139 9139 5003 9139 5004 9139 5140 9140 5141 9140 5004 9140 5141 9141 5142 9141 5004 9141 5142 9142 5139 9142 5004 9142 4881 9125 5140 9125 5004 9125 5143 9143 5008 9143 5007 9143 5144 9144 5143 9144 5007 9144 5006 9145 5145 9145 5007 9145 5145 9146 5144 9146 5007 9146 5146 9147 5009 9147 5010 9147 5147 9148 5148 9148 5010 9148 5148 9149 5149 9149 5010 9149 5149 9150 5146 9150 5010 9150 4882 9134 5147 9134 5010 9134 5150 9151 4864 9151 4898 9151 4896 9152 5151 9152 4898 9152 5151 9153 5152 9153 4898 9153 5152 9154 5150 9154 4898 9154 5153 9155 5154 9155 5012 9155 5154 9156 5155 9156 5012 9156 5155 9157 5013 9157 5012 9157 4864 9158 5153 9158 5012 9158 5156 9159 5157 9159 4922 9159 5157 9160 5158 9160 4922 9160 5158 9161 4868 9161 4922 9161 5015 9162 5156 9162 4922 9162 4925 9163 5159 9163 4926 9163 5159 9164 5160 9164 4926 9164 5160 9165 5017 9165 4926 9165 5161 9166 5162 9166 4978 9166 5162 9167 5163 9167 4978 9167 5163 9168 4877 9168 4978 9168 5019 9169 5161 9169 4978 9169 5164 9170 5165 9170 5021 9170 5165 9171 5166 9171 5021 9171 5166 9172 5022 9172 5021 9172 4877 9173 5164 9173 5021 9173 5167 9174 4862 9174 4886 9174 5026 9175 5168 9175 4886 9175 5168 9176 5167 9176 4886 9176 5169 9177 5029 9177 5030 9177 5170 9178 5169 9178 5030 9178 4862 9179 5170 9179 5030 9179 5171 9180 4863 9180 4892 9180 5172 9181 5171 9181 4892 9181 5031 9182 5172 9182 4892 9182 4863 9183 5173 9183 5035 9183 5173 9184 5174 9184 5035 9184 5174 9185 5036 9185 5035 9185 5175 9186 4865 9186 4904 9186 5176 9187 5175 9187 4904 9187 5038 9188 5176 9188 4904 9188 4865 9189 5177 9189 5042 9189 5177 9190 5178 9190 5042 9190 5178 9191 5043 9191 5042 9191 5179 9192 4866 9192 4910 9192 5180 9193 5179 9193 4910 9193 5045 9194 5180 9194 4910 9194 4866 9195 5181 9195 5049 9195 5181 9196 5182 9196 5049 9196 5182 9197 5050 9197 5049 9197 5183 9198 4867 9198 4916 9198 5184 9199 5183 9199 4916 9199 5052 9200 5184 9200 4916 9200 4867 9201 5185 9201 5056 9201 5185 9202 5186 9202 5056 9202 5186 9203 5057 9203 5056 9203 5187 9204 4869 9204 4930 9204 5188 9205 5187 9205 4930 9205 5059 9206 5188 9206 4930 9206 4869 9207 5189 9207 5063 9207 5189 9208 5190 9208 5063 9208 5190 9209 5064 9209 5063 9209 5191 9210 4870 9210 4936 9210 5192 9211 5191 9211 4936 9211 5066 9212 5192 9212 4936 9212 4870 9213 5193 9213 5070 9213 5193 9214 5194 9214 5070 9214 5194 9215 5071 9215 5070 9215 5195 9216 4871 9216 4942 9216 5196 9217 5195 9217 4942 9217 5073 9218 5196 9218 4942 9218 4871 9219 5197 9219 5077 9219 5197 9220 5198 9220 5077 9220 5198 9221 5078 9221 5077 9221 5199 9222 4872 9222 4948 9222 5200 9223 5199 9223 4948 9223 5080 9224 5200 9224 4948 9224 4872 9225 5201 9225 5084 9225 5201 9226 5202 9226 5084 9226 5202 9227 5085 9227 5084 9227 5203 9228 4873 9228 4954 9228 5204 9229 5203 9229 4954 9229 5087 9230 5204 9230 4954 9230 4873 9231 5205 9231 5091 9231 5205 9232 5206 9232 5091 9232 5206 9233 5092 9233 5091 9233 5207 9234 4874 9234 4960 9234 5208 9235 5207 9235 4960 9235 5094 9236 5208 9236 4960 9236 4874 9237 5209 9237 5098 9237 5209 9238 5210 9238 5098 9238 5210 9239 5099 9239 5098 9239 5211 9240 4875 9240 4966 9240 5212 9241 5211 9241 4966 9241 5101 9242 5212 9242 4966 9242 4875 9243 5213 9243 5105 9243 5213 9244 5214 9244 5105 9244 5214 9245 5106 9245 5105 9245 5215 9246 4876 9246 4972 9246 5216 9247 5215 9247 4972 9247 5108 9248 5216 9248 4972 9248 4876 9249 5217 9249 5112 9249 5217 9250 5218 9250 5112 9250 5218 9251 5113 9251 5112 9251 5219 9252 4878 9252 4984 9252 5220 9253 5219 9253 4984 9253 5115 9254 5220 9254 4984 9254 4878 9255 5221 9255 5119 9255 5221 9256 5222 9256 5119 9256 5222 9257 5120 9257 5119 9257 5223 9258 4879 9258 4990 9258 5224 9259 5223 9259 4990 9259 5122 9260 5224 9260 4990 9260 4879 9261 5225 9261 5126 9261 5225 9262 5226 9262 5126 9262 5226 9263 5127 9263 5126 9263 5227 9264 4880 9264 4996 9264 5228 9265 5227 9265 4996 9265 5129 9266 5228 9266 4996 9266 4880 9267 5229 9267 5133 9267 5229 9268 5230 9268 5133 9268 5230 9269 5134 9269 5133 9269 5231 9270 4881 9270 5002 9270 5232 9271 5231 9271 5002 9271 5136 9272 5232 9272 5002 9272 4881 9273 5233 9273 5140 9273 5233 9274 5234 9274 5140 9274 5234 9275 5141 9275 5140 9275 5235 9276 4882 9276 5008 9276 5236 9277 5235 9277 5008 9277 5143 9278 5236 9278 5008 9278 4882 9279 5237 9279 5147 9279 5237 9280 5238 9280 5147 9280 5238 9281 5148 9281 5147 9281 5239 9282 5153 9282 4864 9282 5150 9283 5240 9283 4864 9283 5240 9284 5239 9284 4864 9284 5239 9285 5154 9285 5153 9285 5241 9286 4925 9286 4868 9286 5158 9287 5242 9287 4868 9287 5242 9288 5241 9288 4868 9288 5241 9289 5159 9289 4925 9289 5243 9290 5164 9290 4877 9290 5163 9291 5244 9291 4877 9291 5244 9292 5243 9292 4877 9292 5243 9293 5165 9293 5164 9293 5245 9294 5170 9294 4862 9294 5167 9295 5246 9295 4862 9295 5246 9296 5245 9296 4862 9296 5247 9297 5248 9297 4863 9297 5248 9298 5173 9298 4863 9298 5171 9299 5247 9299 4863 9299 5249 9300 5250 9300 4865 9300 5250 9301 5177 9301 4865 9301 5175 9302 5249 9302 4865 9302 5251 9303 5252 9303 4866 9303 5252 9304 5181 9304 4866 9304 5179 9305 5251 9305 4866 9305 5253 9306 5254 9306 4867 9306 5254 9307 5185 9307 4867 9307 5183 9308 5253 9308 4867 9308 5255 9309 5256 9309 4869 9309 5256 9310 5189 9310 4869 9310 5187 9311 5255 9311 4869 9311 5257 9312 5258 9312 4870 9312 5258 9313 5193 9313 4870 9313 5191 9314 5257 9314 4870 9314 5259 9315 5260 9315 4871 9315 5260 9316 5197 9316 4871 9316 5195 9317 5259 9317 4871 9317 5261 9318 5262 9318 4872 9318 5262 9319 5201 9319 4872 9319 5199 9320 5261 9320 4872 9320 5263 9321 5264 9321 4873 9321 5264 9322 5205 9322 4873 9322 5203 9323 5263 9323 4873 9323 5265 9324 5266 9324 4874 9324 5266 9325 5209 9325 4874 9325 5207 9326 5265 9326 4874 9326 5267 9327 5268 9327 4875 9327 5268 9328 5213 9328 4875 9328 5211 9329 5267 9329 4875 9329 5269 9330 5270 9330 4876 9330 5270 9331 5217 9331 4876 9331 5215 9332 5269 9332 4876 9332 5271 9333 5272 9333 4878 9333 5272 9334 5221 9334 4878 9334 5219 9335 5271 9335 4878 9335 5273 9336 5274 9336 4879 9336 5274 9337 5225 9337 4879 9337 5223 9338 5273 9338 4879 9338 5275 9339 5276 9339 4880 9339 5276 9340 5229 9340 4880 9340 5227 9341 5275 9341 4880 9341 5277 9342 5278 9342 4881 9342 5278 9343 5233 9343 4881 9343 5231 9344 5277 9344 4881 9344 5279 9345 5280 9345 4882 9345 5280 9346 5237 9346 4882 9346 5235 9347 5279 9347 4882 9347 4746 9348 4786 9348 4779 9348 5281 9349 4795 9349 4772 9349 4780 9350 5281 9350 4772 9350 5282 9351 4789 9351 4781 9351 4785 9352 5282 9352 4781 9352 3604 9353 3603 9353 4775 9353 4796 9354 3604 9354 4775 9354 3617 9355 4785 9355 3618 9355 4795 9356 4683 9356 4777 9356 3617 9357 5282 9357 4785 9357 5283 9358 4797 9358 4786 9358 4746 9359 5283 9359 4786 9359 4787 9360 5284 9360 4776 9360 5284 9361 4796 9361 4776 9361 4782 9362 3495 9362 4783 9362 3495 9363 3527 9363 4783 9363 3527 9364 3526 9364 4783 9364 3526 9365 4784 9365 4783 9365 5024 9366 4884 9366 4780 9366 5025 9367 5024 9367 4780 9367 4788 9368 5168 9368 4780 9368 5168 9369 5026 9369 4780 9369 5026 9370 5025 9370 4780 9370 4883 9371 5281 9371 4780 9371 4884 9372 4883 9372 4780 9372 4860 9373 5009 9373 4789 9373 4432 9374 4860 9374 4789 9374 5009 9375 5146 9375 4789 9375 5146 9376 5149 9376 4789 9376 5149 9377 4791 9377 4789 9377 5285 9378 4432 9378 4789 9378 5282 9379 5285 9379 4789 9379 4795 9380 2259 9380 4683 9380 5152 9381 5151 9381 4788 9381 4790 9382 5240 9382 4788 9382 5240 9383 5150 9383 4788 9383 5150 9384 5152 9384 4788 9384 5172 9385 5031 9385 4788 9385 5171 9386 5172 9386 4788 9386 5245 9387 5246 9387 4788 9387 5031 9388 5169 9388 4788 9388 5169 9389 5170 9389 4788 9389 5170 9390 5245 9390 4788 9390 5151 9391 5248 9391 4788 9391 5248 9392 5247 9392 4788 9392 5247 9393 5171 9393 4788 9393 5246 9394 5167 9394 4788 9394 5167 9395 5168 9395 4788 9395 5238 9396 5237 9396 4791 9396 5237 9397 5280 9397 4791 9397 5280 9398 5279 9398 4791 9398 5278 9399 4793 9399 4791 9399 5233 9400 5278 9400 4791 9400 5279 9401 5233 9401 4791 9401 5149 9402 5148 9402 4791 9402 5148 9403 5238 9403 4791 9403 5154 9404 5239 9404 4790 9404 5239 9405 5240 9405 4790 9405 5250 9406 5249 9406 4790 9406 4792 9407 5250 9407 4790 9407 5249 9408 5175 9408 4790 9408 5175 9409 5176 9409 4790 9409 5176 9410 5038 9410 4790 9410 5038 9411 5013 9411 4790 9411 5013 9412 5155 9412 4790 9412 5155 9413 5154 9413 4790 9413 5278 9414 5277 9414 4793 9414 5277 9415 5231 9415 4793 9415 5231 9416 5232 9416 4793 9416 5232 9417 5136 9417 4793 9417 5276 9418 5275 9418 4793 9418 5136 9419 5230 9419 4793 9419 5230 9420 5229 9420 4793 9420 5229 9421 5276 9421 4793 9421 5275 9422 5227 9422 4793 9422 5227 9423 5228 9423 4793 9423 5228 9424 5129 9424 4793 9424 4991 9425 5125 9425 4793 9425 5129 9426 4991 9426 4793 9426 5125 9427 5128 9427 4793 9427 5128 9428 5127 9428 4793 9428 5127 9429 5226 9429 4793 9429 5226 9430 5225 9430 4793 9430 5225 9431 5274 9431 4793 9431 5274 9432 5273 9432 4793 9432 5221 9433 5272 9433 4793 9433 5273 9434 5221 9434 4793 9434 5165 9435 5243 9435 4793 9435 5272 9436 5165 9436 4793 9436 5243 9437 5270 9437 4793 9437 5270 9438 5213 9438 4793 9438 5213 9439 5268 9439 4793 9439 5264 9440 4792 9440 4793 9440 5268 9441 5266 9441 4793 9441 5266 9442 5205 9442 4793 9442 5205 9443 5264 9443 4793 9443 2240 9444 2277 9444 2241 9444 2277 9445 2285 9445 2241 9445 5262 9446 5261 9446 4792 9446 5261 9447 5199 9447 4792 9447 5197 9448 5260 9448 4792 9448 5199 9449 5197 9449 4792 9449 5193 9450 5258 9450 4792 9450 5260 9451 5193 9451 4792 9451 5189 9452 5256 9452 4792 9452 5258 9453 5189 9453 4792 9453 5159 9454 5241 9454 4792 9454 5256 9455 5159 9455 4792 9455 5241 9456 5254 9456 4792 9456 5254 9457 5181 9457 4792 9457 5181 9458 5252 9458 4792 9458 5177 9459 5250 9459 4792 9459 5252 9460 5177 9460 4792 9460 5264 9461 5263 9461 4792 9461 5263 9462 5203 9462 4792 9462 5203 9463 5204 9463 4792 9463 5204 9464 5087 9464 4792 9464 5087 9465 5202 9465 4792 9465 5202 9466 5201 9466 4792 9466 5201 9467 5262 9467 4792 9467 5151 9468 5173 9468 5248 9468 5235 9469 5236 9469 5233 9469 5236 9470 5143 9470 5233 9470 5143 9471 5234 9471 5233 9471 5279 9472 5235 9472 5233 9472 4896 9473 5174 9473 5173 9473 5151 9474 4896 9474 5173 9474 5242 9475 5158 9475 5254 9475 5241 9476 5242 9476 5254 9476 5253 9477 5181 9477 5254 9477 5158 9478 5157 9478 5254 9478 5157 9479 5156 9479 5254 9479 5156 9480 5185 9480 5254 9480 5183 9481 5181 9481 5253 9481 5244 9482 5270 9482 5243 9482 5271 9483 5165 9483 5272 9483 5251 9484 5177 9484 5252 9484 5219 9485 5165 9485 5271 9485 5179 9486 5177 9486 5251 9486 5219 9487 5220 9487 5165 9487 5220 9488 5115 9488 5165 9488 5115 9489 5166 9489 5165 9489 5156 9490 5015 9490 5185 9490 5015 9491 5186 9491 5185 9491 5244 9492 5163 9492 5270 9492 5269 9493 5213 9493 5270 9493 5163 9494 5162 9494 5270 9494 5162 9495 5161 9495 5270 9495 5161 9496 5217 9496 5270 9496 5215 9497 5213 9497 5269 9497 5183 9498 5184 9498 5181 9498 5184 9499 5052 9499 5181 9499 5052 9500 5182 9500 5181 9500 5223 9501 5224 9501 5221 9501 5224 9502 5122 9502 5221 9502 5122 9503 5222 9503 5221 9503 5273 9504 5223 9504 5221 9504 5161 9505 5019 9505 5217 9505 5019 9506 5218 9506 5217 9506 5255 9507 5187 9507 5159 9507 5187 9508 5188 9508 5159 9508 5188 9509 5059 9509 5159 9509 5059 9510 5160 9510 5159 9510 5256 9511 5255 9511 5159 9511 5179 9512 5180 9512 5177 9512 5180 9513 5045 9513 5177 9513 5045 9514 5178 9514 5177 9514 5267 9515 5209 9515 5268 9515 5209 9516 5266 9516 5268 9516 5211 9517 5209 9517 5267 9517 5259 9518 5193 9518 5260 9518 5257 9519 5189 9519 5258 9519 5265 9520 5205 9520 5266 9520 5215 9521 5216 9521 5213 9521 5216 9522 5108 9522 5213 9522 5108 9523 5214 9523 5213 9523 5257 9524 5191 9524 5189 9524 5191 9525 5192 9525 5189 9525 5192 9526 5066 9526 5189 9526 5066 9527 5190 9527 5189 9527 5195 9528 5193 9528 5259 9528 5207 9529 5205 9529 5265 9529 5143 9530 5141 9530 5234 9530 5080 9531 5198 9531 5197 9531 5200 9532 5080 9532 5197 9532 5199 9533 5200 9533 5197 9533 5207 9534 5208 9534 5205 9534 5208 9535 5094 9535 5205 9535 5094 9536 5206 9536 5205 9536 5211 9537 5212 9537 5209 9537 5212 9538 5101 9538 5209 9538 5101 9539 5210 9539 5209 9539 5195 9540 5196 9540 5193 9540 5196 9541 5073 9541 5193 9541 5073 9542 5194 9542 5193 9542 4896 9543 5036 9543 5174 9543 5143 9544 5142 9544 5141 9544 4896 9545 5037 9545 5036 9545 5031 9546 5029 9546 5169 9546 5015 9547 5057 9547 5186 9547 5052 9548 5050 9548 5182 9548 5031 9549 5028 9549 5029 9549 5136 9550 5134 9550 5230 9550 5115 9551 5022 9551 5166 9551 5015 9552 5058 9552 5057 9552 5122 9553 5120 9553 5222 9553 5019 9554 5113 9554 5218 9554 5052 9555 5051 9555 5050 9555 5136 9556 5135 9556 5134 9556 5122 9557 5121 9557 5120 9557 5019 9558 5114 9558 5113 9558 5045 9559 5043 9559 5178 9559 5059 9560 5017 9560 5160 9560 5045 9561 5044 9561 5043 9561 5108 9562 5106 9562 5214 9562 5066 9563 5064 9563 5190 9563 5108 9564 5107 9564 5106 9564 5087 9565 5085 9565 5202 9565 5080 9566 5078 9566 5198 9566 5101 9567 5099 9567 5210 9567 5094 9568 5092 9568 5206 9568 5066 9569 5065 9569 5064 9569 5073 9570 5071 9570 5194 9570 5115 9571 5023 9571 5022 9571 5087 9572 5086 9572 5085 9572 5080 9573 5079 9573 5078 9573 5101 9574 5100 9574 5099 9574 5094 9575 5093 9575 5092 9575 5073 9576 5072 9576 5071 9576 5059 9577 5018 9577 5017 9577 5038 9578 5014 9578 5013 9578 5032 9579 4887 9579 5031 9579 4887 9580 5027 9580 5031 9580 5027 9581 5028 9581 5031 9581 5137 9582 4997 9582 5136 9582 4997 9583 5132 9583 5136 9583 5132 9584 5135 9584 5136 9584 5053 9585 4911 9585 5052 9585 4911 9586 5048 9586 5052 9586 5048 9587 5051 9587 5052 9587 5144 9588 5003 9588 5143 9588 5003 9589 5139 9589 5143 9589 5139 9590 5142 9590 5143 9590 5116 9591 4979 9591 5115 9591 4979 9592 5020 9592 5115 9592 5020 9593 5023 9593 5115 9593 5046 9594 4905 9594 5045 9594 4905 9595 5041 9595 5045 9595 5041 9596 5044 9596 5045 9596 5109 9597 4967 9597 5108 9597 4967 9598 5104 9598 5108 9598 5104 9599 5107 9599 5108 9599 5130 9600 4991 9600 5129 9600 5123 9601 4985 9601 5122 9601 4985 9602 5118 9602 5122 9602 5118 9603 5121 9603 5122 9603 4899 9604 5011 9604 5038 9604 5039 9605 4899 9605 5038 9605 5011 9606 5014 9606 5038 9606 5060 9607 4923 9607 5059 9607 4923 9608 5016 9608 5059 9608 5016 9609 5018 9609 5059 9609 4896 9610 5034 9610 5037 9610 5102 9611 4961 9611 5101 9611 4961 9612 5097 9612 5101 9612 5097 9613 5100 9613 5101 9613 5081 9614 4943 9614 5080 9614 4943 9615 5076 9615 5080 9615 5076 9616 5079 9616 5080 9616 5088 9617 4949 9617 5087 9617 4949 9618 5083 9618 5087 9618 5083 9619 5086 9619 5087 9619 5015 9620 5055 9620 5058 9620 5067 9621 4931 9621 5066 9621 4931 9622 5062 9622 5066 9622 5062 9623 5065 9623 5066 9623 5074 9624 4937 9624 5073 9624 4937 9625 5069 9625 5073 9625 5069 9626 5072 9626 5073 9626 5095 9627 4955 9627 5094 9627 4955 9628 5090 9628 5094 9628 5090 9629 5093 9629 5094 9629 5019 9630 5111 9630 5114 9630 5033 9631 4887 9631 5032 9631 4896 9632 4893 9632 5034 9632 5138 9633 4997 9633 5137 9633 5054 9634 4911 9634 5053 9634 5015 9635 4917 9635 5055 9635 5145 9636 5003 9636 5144 9636 5117 9637 4979 9637 5116 9637 5019 9638 4973 9638 5111 9638 5047 9639 4905 9639 5046 9639 5110 9640 4967 9640 5109 9640 5131 9641 4991 9641 5130 9641 5124 9642 4985 9642 5123 9642 5040 9643 4899 9643 5039 9643 4890 9644 4887 9644 5033 9644 5061 9645 4923 9645 5060 9645 5000 9646 4997 9646 5138 9646 5103 9647 4961 9647 5102 9647 4914 9648 4911 9648 5054 9648 5082 9649 4943 9649 5081 9649 4976 9650 4973 9650 5019 9650 5089 9651 4949 9651 5088 9651 5068 9652 4931 9652 5067 9652 5006 9653 5003 9653 5145 9653 5075 9654 4937 9654 5074 9654 5096 9655 4955 9655 5095 9655 4982 9656 4979 9656 5117 9656 4920 9657 4917 9657 5015 9657 4895 9658 4893 9658 4896 9658 4908 9659 4905 9659 5047 9659 4970 9660 4967 9660 5110 9660 4994 9661 4991 9661 5131 9661 4988 9662 4985 9662 5124 9662 4902 9663 4899 9663 5040 9663 4928 9664 4923 9664 5061 9664 4964 9665 4961 9665 5103 9665 4946 9666 4943 9666 5082 9666 4952 9667 4949 9667 5089 9667 4934 9668 4931 9668 5068 9668 4940 9669 4937 9669 5075 9669 4958 9670 4955 9670 5096 9670 5006 9671 4857 9671 5003 9671 4895 9672 4803 9672 4893 9672 4982 9673 4846 9673 4979 9673 4920 9674 4815 9674 4917 9674 4890 9675 4801 9675 4887 9675 4914 9676 4812 9676 4911 9676 4976 9677 4843 9677 4973 9677 5000 9678 4854 9678 4997 9678 4988 9679 4849 9679 4985 9679 4928 9680 4819 9680 4923 9680 4902 9681 4806 9681 4899 9681 4908 9682 4809 9682 4905 9682 4970 9683 4840 9683 4967 9683 4994 9684 4851 9684 4991 9684 4934 9685 4822 9685 4931 9685 4952 9686 4831 9686 4949 9686 4946 9687 4828 9687 4943 9687 4964 9688 4837 9688 4961 9688 4958 9689 4834 9689 4955 9689 4940 9690 4825 9690 4937 9690 4889 9691 4801 9691 4890 9691 4999 9692 4854 9692 5000 9692 4913 9693 4812 9693 4914 9693 4975 9694 4843 9694 4976 9694 4919 9695 4815 9695 4920 9695 4981 9696 4846 9696 4982 9696 5005 9697 4857 9697 5006 9697 4969 9698 4840 9698 4970 9698 4714 9699 5283 9699 4746 9699 4907 9700 4809 9700 4908 9700 4927 9701 4819 9701 4928 9701 4987 9702 4849 9702 4988 9702 4993 9703 4851 9703 4994 9703 4901 9704 4806 9704 4902 9704 4963 9705 4837 9705 4964 9705 4945 9706 4828 9706 4946 9706 4951 9707 4831 9707 4952 9707 4933 9708 4822 9708 4934 9708 4939 9709 4825 9709 4940 9709 4957 9710 4834 9710 4958 9710 4427 9711 4424 9711 4857 9711 5005 9712 4427 9712 4857 9712 4282 9713 4801 9713 4889 9713 4286 9714 4282 9714 4889 9714 4981 9715 4392 9715 4846 9715 4314 9716 4311 9716 4913 9716 4311 9717 4812 9717 4913 9717 4919 9718 4318 9718 4815 9718 4387 9719 4383 9719 4975 9719 4383 9720 4843 9720 4975 9720 4895 9721 4290 9721 4803 9721 4417 9722 4854 9722 4999 9722 4420 9723 4417 9723 4999 9723 4321 9724 4318 9724 4919 9724 4396 9725 4392 9725 4981 9725 4927 9726 4324 9726 4819 9726 4374 9727 4840 9727 4969 9727 4378 9728 4374 9728 4969 9728 4293 9729 4290 9729 4895 9729 4987 9730 4401 9730 4849 9730 4304 9731 4809 9731 4907 9731 4307 9732 4304 9732 4907 9732 4327 9733 4324 9733 4927 9733 4405 9734 4401 9734 4987 9734 4901 9735 4297 9735 4806 9735 4410 9736 4851 9736 4993 9736 4413 9737 4410 9737 4993 9737 4300 9738 4297 9738 4901 9738 4933 9739 4330 9739 4822 9739 4369 9740 4365 9740 4963 9740 4365 9741 4837 9741 4963 9741 4345 9742 4342 9742 4945 9742 4342 9743 4828 9743 4945 9743 4951 9744 4348 9744 4831 9744 4351 9745 4348 9745 4951 9745 4957 9746 4356 9746 4834 9746 4339 9747 4336 9747 4939 9747 4336 9748 4825 9748 4939 9748 4333 9749 4330 9749 4933 9749 4360 9750 4356 9750 4957 9750 3504 9751 3505 9751 4782 9751 3505 9752 3498 9752 4782 9752 3498 9753 3497 9753 4782 9753 3497 9754 3496 9754 4782 9754 3496 9755 3495 9755 4782 9755 5286 9756 3504 9756 4782 9756 5287 9757 5286 9757 4782 9757 4794 9758 5287 9758 4782 9758 3295 9759 3298 9759 4784 9759 3298 9760 3299 9760 4784 9760 3299 9761 5288 9761 4784 9761 5288 9762 4798 9762 4784 9762 3526 9763 3295 9763 4784 9763 4278 9764 5281 9764 4883 9764 4796 9765 3605 9765 3604 9765 5289 9766 4794 9766 4797 9766 5283 9767 5289 9767 4797 9767 4798 9768 5290 9768 4787 9768 5290 9769 5284 9769 4787 9769 5289 9770 5287 9770 4794 9770 5288 9771 5290 9771 4798 9771 4713 9772 5283 9772 4714 9772 3616 9773 5282 9773 3617 9773 3309 9774 3310 9774 3491 9774 3310 9775 3305 9775 3491 9775 3305 9776 3302 9776 3491 9776 3500 9777 3507 9777 3491 9777 3507 9778 3506 9778 3491 9778 3506 9779 3309 9779 3491 9779 3490 9780 3499 9780 3491 9780 3499 9781 3501 9781 3491 9781 3501 9782 3500 9782 3491 9782 3489 9783 3499 9783 3490 9783 3305 9784 3304 9784 3302 9784 2240 9785 2267 9785 2277 9785 2240 9786 2266 9786 2267 9786 5291 9787 5289 9787 5283 9787 4713 9788 5291 9788 5283 9788 3606 9789 3605 9789 4796 9789 5284 9790 3606 9790 4796 9790 5281 9791 2202 9791 4795 9791 2202 9792 2213 9792 4795 9792 2213 9793 2259 9793 4795 9793 3616 9794 5285 9794 5282 9794 2240 9795 2263 9795 2266 9795 2240 9796 2261 9796 2263 9796 2240 9797 2225 9797 2261 9797 5291 9798 2226 9798 2225 9798 5292 9799 5291 9799 2225 9799 2240 9800 5292 9800 2225 9800 2226 9801 5291 9801 4713 9801 3311 9802 5288 9802 3299 9802 2214 9803 5292 9803 2240 9803 2150 9804 2149 9804 5291 9804 2149 9805 2127 9805 5291 9805 2127 9806 5293 9806 5291 9806 2158 9807 2150 9807 5291 9807 5292 9808 2158 9808 5291 9808 5293 9809 5289 9809 5291 9809 2212 9810 5292 9810 2214 9810 2212 9811 2204 9811 5292 9811 2204 9812 2191 9812 5292 9812 2159 9813 2158 9813 5292 9813 2191 9814 2159 9814 5292 9814 5281 9815 2189 9815 2202 9815 5281 9816 2190 9816 2189 9816 4353 9817 4348 9817 4351 9817 4360 9818 4357 9818 4356 9818 4387 9819 4384 9819 4383 9819 4375 9820 4374 9820 4378 9820 4380 9821 4375 9821 4378 9821 4362 9822 4357 9822 4360 9822 4389 9823 4384 9823 4387 9823 4369 9824 4366 9824 4365 9824 4371 9825 4366 9825 4369 9825 4396 9826 4393 9826 4392 9826 4398 9827 4393 9827 4396 9827 4405 9828 4402 9828 4401 9828 4429 9829 4425 9829 4424 9829 4427 9830 4429 9830 4424 9830 4285 9831 4284 9831 4286 9831 4283 9832 4282 9832 4286 9832 4284 9833 4283 9833 4286 9833 4293 9834 4291 9834 4290 9834 4418 9835 4417 9835 4420 9835 4419 9836 4418 9836 4420 9836 4292 9837 4291 9837 4293 9837 4398 9838 4394 9838 4393 9838 4313 9839 4312 9839 4314 9839 4312 9840 4311 9840 4314 9840 4395 9841 4394 9841 4398 9841 4321 9842 4319 9842 4318 9842 4386 9843 4385 9843 4389 9843 4385 9844 4384 9844 4389 9844 4407 9845 4402 9845 4405 9845 4407 9846 4403 9846 4402 9846 4305 9847 4304 9847 4307 9847 4306 9848 4305 9848 4307 9848 4300 9849 4298 9849 4297 9849 4411 9850 4410 9850 4413 9850 4412 9851 4411 9851 4413 9851 4404 9852 4403 9852 4407 9852 4320 9853 4319 9853 4321 9853 4299 9854 4298 9854 4300 9854 4327 9855 4325 9855 4324 9855 4376 9856 4375 9856 4380 9856 4377 9857 4376 9857 4380 9857 5285 9858 4433 9858 4432 9858 4277 9859 5281 9859 4278 9859 4326 9860 4325 9860 4327 9860 4333 9861 4331 9861 4330 9861 4368 9862 4367 9862 4371 9862 4367 9863 4366 9863 4371 9863 4332 9864 4331 9864 4333 9864 4353 9865 4349 9865 4348 9865 4344 9866 4343 9866 4345 9866 4343 9867 4342 9867 4345 9867 4350 9868 4349 9868 4353 9868 4358 9869 4357 9869 4362 9869 4359 9870 4358 9870 4362 9870 4339 9871 4337 9871 4336 9871 4338 9872 4337 9872 4339 9872 4426 9873 4425 9873 4429 9873 2125 9874 5294 9874 5281 9874 2171 9875 2190 9875 5281 9875 5294 9876 2153 9876 5281 9876 2153 9877 2169 9877 5281 9877 2169 9878 2171 9878 5281 9878 4277 9879 2125 9879 5281 9879 4226 9880 4433 9880 5285 9880 3616 9881 3615 9881 5285 9881 3615 9882 4226 9882 5285 9882 2178 9883 2159 9883 2191 9883 3313 9884 5288 9884 3311 9884 2115 9885 2114 9885 5289 9885 2114 9886 5287 9886 5289 9886 5293 9887 2115 9887 5289 9887 3598 9888 3606 9888 5284 9888 5290 9889 3598 9889 5284 9889 5286 9890 3503 9890 3504 9890 3442 9891 3447 9891 3309 9891 3447 9892 3446 9892 3309 9892 3446 9893 3450 9893 3309 9893 3450 9894 3307 9894 3309 9894 3506 9895 3443 9895 3309 9895 3443 9896 3442 9896 3309 9896 3680 9897 3530 9897 5286 9897 3502 9898 3503 9898 5286 9898 3530 9899 3502 9899 5286 9899 5287 9900 3595 9900 5286 9900 3595 9901 3668 9901 5286 9901 3668 9902 3680 9902 5286 9902 3313 9903 3312 9903 5288 9903 3312 9904 3413 9904 5288 9904 3413 9905 3669 9905 5288 9905 3669 9906 5290 9906 5288 9906 5294 9907 2146 9907 2153 9907 4350 9908 4246 9908 4349 9908 4242 9909 4202 9909 4344 9909 4202 9910 4343 9910 4344 9910 4247 9911 4246 9911 4350 9911 4359 9912 4251 9912 4358 9912 4197 9913 4196 9913 4338 9913 4196 9914 4337 9914 4338 9914 4203 9915 4251 9915 4359 9915 4368 9916 4208 9916 4367 9916 4191 9917 4190 9917 4332 9917 4190 9918 4331 9918 4332 9918 4326 9919 4184 9919 4325 9919 4256 9920 4376 9920 4377 9920 4257 9921 4256 9921 4377 9921 4252 9922 4208 9922 4368 9922 4185 9923 4184 9923 4326 9923 4386 9924 4261 9924 4385 9924 4179 9925 4241 9925 4320 9925 4241 9926 4319 9926 4320 9926 2114 9927 3595 9927 5287 9927 3596 9928 3598 9928 5290 9928 3669 9929 3670 9929 5290 9929 3670 9930 3596 9930 5290 9930 4262 9931 4261 9931 4386 9931 4247 9932 4245 9932 4246 9932 4395 9933 4266 9933 4394 9933 4237 9934 4178 9934 4313 9934 4178 9935 4312 9935 4313 9935 4242 9936 4200 9936 4202 9936 4203 9937 4250 9937 4251 9937 4197 9938 4194 9938 4196 9938 4252 9939 4206 9939 4208 9939 4191 9940 4188 9940 4190 9940 4185 9941 4182 9941 4184 9941 4257 9942 4255 9942 4256 9942 4209 9943 4266 9943 4395 9943 4262 9944 4260 9944 4261 9944 4179 9945 4240 9945 4241 9945 4209 9946 4265 9946 4266 9946 4404 9947 4214 9947 4403 9947 4236 9948 4305 9948 4306 9948 4173 9949 4236 9949 4306 9949 4237 9950 4176 9950 4178 9950 4267 9951 4214 9951 4404 9951 4061 9952 4201 9952 4242 9952 4244 9953 4061 9953 4242 9953 4201 9954 4200 9954 4242 9954 4267 9955 4212 9955 4214 9955 4249 9956 4245 9956 4247 9956 4052 9957 4195 9957 4197 9957 4199 9958 4052 9958 4197 9958 4195 9959 4194 9959 4197 9959 4412 9960 4271 9960 4411 9960 4232 9961 4172 9961 4299 9961 4172 9962 4298 9962 4299 9962 4205 9963 4250 9963 4203 9963 4043 9964 4189 9964 4191 9964 3469 9965 4043 9965 4191 9965 4193 9966 3469 9966 4191 9966 4189 9967 4188 9967 4191 9967 4070 9968 4207 9968 4252 9968 4254 9969 4070 9969 4252 9969 4207 9970 4206 9970 4252 9970 4034 9971 4183 9971 4185 9971 4187 9972 4034 9972 4185 9972 4183 9973 4182 9973 4185 9973 4259 9974 4255 9974 4257 9974 4181 9975 4240 9975 4179 9975 4272 9976 4271 9976 4412 9976 4173 9977 4235 9977 4236 9977 4167 9978 4166 9978 4292 9978 4166 9979 4291 9979 4292 9979 4419 9980 4276 9980 4418 9980 4264 9981 4260 9981 4262 9981 4215 9982 4276 9982 4419 9982 3944 9983 4122 9983 4245 9983 4249 9984 4124 9984 4245 9984 4124 9985 4125 9985 4245 9985 4125 9986 3941 9986 4245 9986 3941 9987 3944 9987 4245 9987 4118 9988 4061 9988 4244 9988 4025 9989 4177 9989 4237 9989 4239 9990 4025 9990 4237 9990 4177 9991 4176 9991 4237 9991 4065 9992 4064 9992 4250 9992 3878 9993 4127 9993 4250 9993 4063 9994 3878 9994 4250 9994 4064 9995 4063 9995 4250 9995 4205 9996 4065 9996 4250 9996 4426 9997 4220 9997 4425 9997 4231 9998 4284 9998 4285 9998 4161 9999 4231 9999 4285 9999 3449 10000 3448 10000 3506 10000 3448 10001 3444 10001 3506 10001 3444 10002 3445 10002 3506 10002 3445 10003 3443 10003 3506 10003 3410 10004 3449 10004 3506 10004 3508 10005 3410 10005 3506 10005 4272 10006 4270 10006 4271 10006 3964 10007 4135 10007 4255 10007 4136 10008 4138 10008 4255 10008 4138 10009 3961 10009 4255 10009 3961 10010 3964 10010 4255 10010 4259 10011 4136 10011 4255 10011 4129 10012 4070 10012 4254 10012 3973 10013 4142 10013 4260 10013 4264 10014 4143 10014 4260 10014 4143 10015 4145 10015 4260 10015 4145 10016 3970 10016 4260 10016 3970 10017 3973 10017 4260 10017 4211 10018 4265 10018 4209 10018 4232 10019 4170 10019 4172 10019 3463 10020 4117 10020 4240 10020 4181 10021 4029 10021 4240 10021 4029 10022 4028 10022 4240 10022 4028 10023 4027 10023 4240 10023 4027 10024 3463 10024 4240 10024 4215 10025 4275 10025 4276 10025 4056 10026 4052 10026 4199 10026 4167 10027 4164 10027 4166 10027 4074 10028 4073 10028 4265 10028 3884 10029 4147 10029 4265 10029 4072 10030 3884 10030 4265 10030 4073 10031 4072 10031 4265 10031 4211 10032 4074 10032 4265 10032 4221 10033 4220 10033 4426 10033 4047 10034 3469 10034 4193 10034 4111 10035 4025 10035 4239 10035 4038 10036 4034 10036 4187 10036 4221 10037 4218 10037 4220 10037 4175 10038 4235 10038 4173 10038 4120 10039 4061 10039 4118 10039 4079 10040 4213 10040 4267 10040 4269 10041 4079 10041 4267 10041 4213 10042 4212 10042 4267 10042 4055 10043 4052 10043 4056 10043 4161 10044 4230 10044 4231 10044 3493 10045 3469 10045 4047 10045 4046 10046 3493 10046 4047 10046 4131 10047 4070 10047 4129 10047 3463 10048 4034 10048 4038 10048 4037 10049 3463 10049 4038 10049 4016 10050 4171 10050 4232 10050 4234 10051 4016 10051 4232 10051 4171 10052 4170 10052 4232 10052 3944 10053 4121 10053 4122 10053 3934 10054 4062 10054 4061 10054 4120 10055 3931 10055 4061 10055 3931 10056 3934 10056 4061 10056 3881 10057 4126 10057 4127 10057 3878 10058 3881 10058 4127 10058 4020 10059 4235 10059 4175 10059 3609 10060 4025 10060 4111 10060 4113 10061 3609 10061 4111 10061 4274 10062 4270 10062 4272 10062 3872 10063 4053 10063 4052 10063 4054 10064 3872 10064 4052 10064 4055 10065 4054 10065 4052 10065 3609 10066 4109 10066 4235 10066 4020 10067 4019 10067 4235 10067 4019 10068 4018 10068 4235 10068 4018 10069 3609 10069 4235 10069 4227 10070 2125 10070 4277 10070 4149 10071 4079 10071 4269 10071 3955 10072 4071 10072 4070 10072 4131 10073 3952 10073 4070 10073 3952 10074 3955 10074 4070 10074 4007 10075 4165 10075 4167 10075 4169 10076 4007 10076 4167 10076 4165 10077 4164 10077 4167 10077 3469 10078 3470 10078 4043 10078 3470 10079 4044 10079 4043 10079 3964 10080 4134 10080 4135 10080 4217 10081 4275 10081 4215 10081 3463 10082 4035 10082 4034 10082 3973 10083 4141 10083 4142 10083 3944 10084 3938 10084 4121 10084 3360 10085 4116 10085 4117 10085 3541 10086 3360 10086 4117 10086 3463 10087 3541 10087 4117 10087 5295 10088 4153 10088 4270 10088 4157 10089 5295 10089 4270 10089 4155 10090 4157 10090 4270 10090 4274 10091 4155 10091 4270 10091 4163 10092 4230 10092 4161 10092 3881 10093 3950 10093 4126 10093 4105 10094 4016 10094 4234 10094 3887 10095 4146 10095 4147 10095 3884 10096 3887 10096 4147 10096 3964 10097 3960 10097 4134 10097 3973 10098 3969 10098 4141 10098 3613 10099 4159 10099 4275 10099 4083 10100 4082 10100 4275 10100 4082 10101 4081 10101 4275 10101 4081 10102 3613 10102 4275 10102 4217 10103 4083 10103 4275 10103 3615 10104 4224 10104 4226 10104 3360 10105 3930 10105 4116 10105 3934 10106 4059 10106 4062 10106 3609 10107 4026 10107 4025 10107 3887 10108 3977 10108 4146 10108 3922 10109 3609 10109 4113 10109 4045 10110 3493 10110 4046 10110 4221 10111 4219 10111 4218 10111 3944 10112 3937 10112 3938 10112 4088 10113 4219 10113 4221 10113 4223 10114 4088 10114 4221 10114 3872 10115 4050 10115 4053 10115 4036 10116 3463 10116 4037 10116 3934 10117 3876 10117 4059 10117 3955 10118 4068 10118 4071 10118 3866 10119 3493 10119 4045 10119 3881 10120 3949 10120 3950 10120 3470 10121 3471 10121 4044 10121 3471 10122 4041 10122 4044 10122 3860 10123 3463 10123 4036 10123 4011 10124 4007 10124 4169 10124 3463 10125 4032 10125 4035 10125 3854 10126 3463 10126 4027 10126 3983 10127 4080 10127 4079 10127 4149 10128 4151 10128 4079 10128 4151 10129 3980 10129 4079 10129 3980 10130 3983 10130 4079 10130 3872 10131 3870 10131 4050 10131 3955 10132 3882 10132 4068 10132 3462 10133 3864 10133 4041 10133 3471 10134 3472 10134 4041 10134 3472 10135 3462 10135 4041 10135 3964 10136 3959 10136 3960 10136 3925 10137 3609 10137 3922 10137 3463 10138 3858 10138 4032 10138 3973 10139 3968 10139 3969 10139 4002 10140 4230 10140 4163 10140 5296 10141 3935 10141 3937 10141 3944 10142 5296 10142 3937 10142 3493 10143 3876 10143 3934 10143 3423 10144 3493 10144 3934 10144 5296 10145 3423 10145 3934 10145 3935 10146 5296 10146 3934 10146 3945 10147 5296 10147 3944 10147 3881 10148 3945 10148 3949 10148 3875 10149 3493 10149 3872 10149 3493 10150 3869 10150 3872 10150 3869 10151 3870 10151 3872 10151 3609 10152 3929 10152 3930 10152 3360 10153 3609 10153 3930 10153 3675 10154 4016 10154 4105 10154 4107 10155 3675 10155 4105 10155 3671 10156 4103 10156 4230 10156 4002 10157 4001 10157 4230 10157 4001 10158 4000 10158 4230 10158 4000 10159 3671 10159 4230 10159 3493 10160 3875 10160 3876 10160 3881 10161 5296 10161 3945 10161 3887 10162 3976 10162 3977 10162 3869 10163 3493 10163 3866 10163 3609 10164 4108 10164 4109 10164 3964 10165 3956 10165 3959 10165 3881 10166 3882 10166 3955 10166 5296 10167 3881 10167 3955 10167 3956 10168 5296 10168 3955 10168 3863 10169 3463 10169 3860 10169 3965 10170 5296 10170 3964 10170 5296 10171 3956 10171 3964 10171 3973 10172 3965 10172 3968 10172 3857 10173 3463 10173 3854 10173 3464 10174 3863 10174 3864 10174 3461 10175 3464 10175 3864 10175 3462 10176 3461 10176 3864 10176 3671 10177 4007 10177 4011 10177 4010 10178 3671 10178 4011 10178 3463 10179 3857 10179 3858 10179 3973 10180 5296 10180 3965 10180 3464 10181 3463 10181 3863 10181 3609 10182 4023 10182 4026 10182 5295 10183 4152 10183 4153 10183 3609 10184 3926 10184 3929 10184 3974 10185 5296 10185 3973 10185 3887 10186 3974 10186 3976 10186 4092 10187 4088 10187 4223 10187 3926 10188 3609 10188 3925 10188 4229 10189 2125 10189 4227 10189 3983 10190 4077 10190 4080 10190 3848 10191 3609 10191 4018 10191 3609 10192 3852 10192 4023 10192 5295 10193 5296 10193 3974 10193 3887 10194 5295 10194 3974 10194 3609 10195 3919 10195 4108 10195 3675 10196 4017 10196 4016 10196 3983 10197 3888 10197 4077 10197 3613 10198 4158 10198 4159 10198 5295 10199 3987 10199 4152 10199 3912 10200 3675 10200 4107 10200 3671 10201 4008 10201 4007 10201 3422 10202 3423 10202 5296 10202 5295 10203 3422 10203 5296 10203 3613 10204 4089 10204 4088 10204 4092 10205 4091 10205 4088 10205 4091 10206 3613 10206 4088 10206 3615 10207 4225 10207 4224 10207 4099 10208 2125 10208 4229 10208 3851 10209 3609 10209 3848 10209 3609 10210 3851 10210 3852 10210 3990 10211 5295 10211 4157 10211 3983 10212 3887 10212 3888 10212 3983 10213 3984 10213 3887 10213 3984 10214 5295 10214 3887 10214 3915 10215 3675 10215 3912 10215 3613 10216 3997 10216 4158 10216 3675 10217 3918 10217 3919 10217 3609 10218 3675 10218 3919 10218 3615 10219 4097 10219 4225 10219 5295 10220 3986 10220 3987 10220 3993 10221 5295 10221 3990 10221 4009 10222 3671 10222 4010 10222 3675 10223 4014 10223 4017 10223 3842 10224 3671 10224 4009 10224 3671 10225 3673 10225 4103 10225 3673 10226 4102 10226 4103 10226 3675 10227 3916 10227 3918 10227 3890 10228 3613 10228 4081 10228 3671 10229 4005 10229 4008 10229 3671 10230 3846 10230 4014 10230 3675 10231 3671 10231 4014 10231 5295 10232 3984 10232 3986 10232 3916 10233 3675 10233 3915 10233 3613 10234 3996 10234 3997 10234 3613 10235 4086 10235 4089 10235 3836 10236 3671 10236 4000 10236 5294 10237 2147 10237 2146 10237 3671 10238 3840 10238 4005 10238 3613 10239 3894 10239 4086 10239 4101 10240 2109 10240 4099 10240 2109 10241 2120 10241 4099 10241 2120 10242 2125 10242 4099 10242 3673 10243 3909 10243 4102 10243 3994 10244 5295 10244 3993 10244 3613 10245 3994 10245 3996 10245 3845 10246 3671 10246 3842 10246 3671 10247 3845 10247 3846 10247 3613 10248 5295 10248 3994 10248 3893 10249 3613 10249 3890 10249 3839 10250 3671 10250 3836 10250 3614 10251 4098 10251 4097 10251 3615 10252 3614 10252 4097 10252 3671 10253 3839 10253 3840 10253 3613 10254 3893 10254 3894 10254 4090 10255 3613 10255 4091 10255 3896 10256 3613 10256 4090 10256 5294 10257 2140 10257 2147 10257 3902 10258 3607 10258 4101 10258 3607 10259 2109 10259 4101 10259 3673 10260 3908 10260 3909 10260 3905 10261 3674 10261 3902 10261 3674 10262 3607 10262 3902 10262 3613 10263 4095 10263 4098 10263 3614 10264 3613 10264 4098 10264 3613 10265 3677 10265 5295 10265 3467 10266 3474 10266 5295 10266 3677 10267 3417 10267 5295 10267 3417 10268 3416 10268 5295 10268 3416 10269 3466 10269 5295 10269 3466 10270 3465 10270 5295 10270 3465 10271 3468 10271 5295 10271 3468 10272 3467 10272 5295 10272 3474 10273 3473 10273 5295 10273 3473 10274 3475 10274 5295 10274 3475 10275 3422 10275 5295 10275 3613 10276 3900 10276 4095 10276 3673 10277 3674 10277 3908 10277 3674 10278 3906 10278 3908 10278 3899 10279 3613 10279 3896 10279 3674 10280 3905 10280 3906 10280 3900 10281 3613 10281 3899 10281 2128 10282 5293 10282 2127 10282 5294 10283 2134 10283 2140 10283 5294 10284 2125 10284 2134 10284 3366 10285 3459 10285 3421 10285 3459 10286 3363 10286 3421 10286 3363 10287 3365 10287 3421 10287 3365 10288 3420 10288 3421 10288 3420 10289 3458 10289 3421 10289 3458 10290 3457 10290 3421 10290 3457 10291 3419 10291 3421 10291 3419 10292 3492 10292 3421 10292 3419 10293 3418 10293 3492 10293 3418 10294 3515 10294 3492 10294 3323 10295 3536 10295 3366 10295 3536 10296 3454 10296 3366 10296 3454 10297 3456 10297 3366 10297 3456 10298 3455 10298 3366 10298 3455 10299 3460 10299 3366 10299 3460 10300 3459 10300 3366 10300 3320 10301 3536 10301 3323 10301 3418 10302 3453 10302 3515 10302 3453 10303 3513 10303 3515 10303 3322 10304 3536 10304 3320 10304 3453 10305 3514 10305 3513 10305 2123 10306 5293 10306 2128 10306 2123 10307 2115 10307 5293 10307 3530 10308 3531 10308 3502 10308 3453 10309 3512 10309 3514 10309 3450 10310 3452 10310 3307 10310 3452 10311 3314 10311 3307 10311 3411 10312 3410 10312 3508 10312 3532 10313 3411 10313 3508 10313 3537 10314 3536 10314 3322 10314 3315 10315 3537 10315 3322 10315 3288 10316 3669 10316 3413 10316 3452 10317 3412 10317 3314 10317 3453 10318 3511 10318 3512 10318 3453 10319 3510 10319 3511 10319 3318 10320 3537 10320 3315 10320 3516 10321 3537 10321 3318 10321 3319 10322 3516 10322 3318 10322 3453 10323 3509 10323 3510 10323 3414 10324 3516 10324 3319 10324 3677 10325 3415 10325 3417 10325 3414 10326 3412 10326 3516 10326 3412 10327 3451 10327 3516 10327 3411 10328 3532 10328 3453 10328 3532 10329 3509 10329 3453 10329 3451 10330 3412 10330 3452 10330 5297 10331 5298 10331 2653 10331 2604 10332 5297 10332 2653 10332 2654 10333 2604 10333 2653 10333 5299 10334 5300 10334 2653 10334 5300 10335 5301 10335 2653 10335 5301 10336 5302 10336 2653 10336 5298 10337 5299 10337 2653 10337 5302 10338 5303 10338 2653 10338 5303 10339 3811 10339 2653 10339 3811 10340 2654 10340 2653 10340 2602 10341 2604 10341 2654 10341 5304 10342 2602 10342 2654 10342 5305 10334 5306 10334 2654 10334 5307 10343 5304 10343 2654 10343 5308 10344 5307 10344 2654 10344 5306 10345 5309 10345 2654 10345 5309 10346 5310 10346 2654 10346 5310 10347 5311 10347 2654 10347 5311 10348 5312 10348 2654 10348 5312 10349 5313 10349 2654 10349 5313 10350 5308 10350 2654 10350 3811 2710 3796 2710 2654 2710 3796 10351 5305 10351 2654 10351 4721 10352 4716 10352 2604 10352 2602 10353 4721 10353 2604 10353 4716 10354 5314 10354 2604 10354 5314 10355 5315 10355 2604 10355 5315 10356 5316 10356 2604 10356 5316 10357 5317 10357 2604 10357 5317 10358 5318 10358 2604 10358 5318 10359 5297 10359 2604 10359 5319 10360 4721 10360 2602 10360 5320 10361 5321 10361 2602 10361 5321 10362 5322 10362 2602 10362 5323 10363 5324 10363 2602 10363 5324 10364 5325 10364 2602 10364 5325 10365 5320 10365 2602 10365 5322 10366 5326 10366 2602 10366 5326 10367 5327 10367 2602 10367 5327 10368 5319 10368 2602 10368 5304 10369 5323 10369 2602 10369 5328 10370 5329 10370 5298 10370 5297 10371 5328 10371 5298 10371 5329 10372 5299 10372 5298 10372 5307 10373 5323 10373 5304 10373 5318 10374 5328 10374 5297 10374 5330 10375 5324 10375 5323 10375 5307 10376 5330 10376 5323 10376 5331 10377 5332 10377 5329 10377 5328 10378 5331 10378 5329 10378 5332 10379 5333 10379 5329 10379 5334 10380 5299 10380 5329 10380 5333 10381 5334 10381 5329 10381 5308 10382 5330 10382 5307 10382 5335 10383 5331 10383 5328 10383 5318 10384 5336 10384 5328 10384 5336 10385 5335 10385 5328 10385 5308 10386 5324 10386 5330 10386 5335 10387 5333 10387 5332 10387 5331 10388 5335 10388 5332 10388 5313 10389 5324 10389 5308 10389 5313 10390 5325 10390 5324 10390 5336 10391 5334 10391 5333 10391 5335 10392 5336 10392 5333 10392 5312 10393 5325 10393 5313 10393 5312 10394 5320 10394 5325 10394 5318 10395 5299 10395 5334 10395 5336 10396 5318 10396 5334 10396 5311 10397 5320 10397 5312 10397 5311 122 5321 122 5320 122 5317 10398 5300 10398 5299 10398 5318 10399 5317 10399 5299 10399 5310 10400 5321 10400 5311 10400 5310 10401 5322 10401 5321 10401 5316 10402 5301 10402 5300 10402 5317 10403 5316 10403 5300 10403 5309 10404 5322 10404 5310 10404 5309 10405 5326 10405 5322 10405 5315 10406 5302 10406 5301 10406 5316 10407 5315 10407 5301 10407 5306 10408 5326 10408 5309 10408 5306 10409 5327 10409 5326 10409 5314 10410 5303 10410 5302 10410 5315 10411 5314 10411 5302 10411 5305 10412 5327 10412 5306 10412 5305 10413 5319 10413 5327 10413 4716 10414 3811 10414 5303 10414 5314 10415 4716 10415 5303 10415 3796 10416 5319 10416 5305 10416 3796 10417 4721 10417 5319 10417 4716 10418 4721 10418 3811 10418 4721 10419 3796 10419 3811 10419</p>
        </triangles>
      </mesh>
    </geometry>
    <geometry id="plate-mesh" name="plate">
      <mesh>
        <source id="plate-mesh-positions">
          <float_array id="plate-mesh-positions-array" count="2889">0.1249922 0.08590704 0.02414298 0.1229778 0.08841657 0.01724493 0.1229778 0.08841657 0.02414298 0.1249922 0.08590704 0.01724493 0.1262591 0.08298528 0.02414298 0.1262591 0.08298528 0.01724493 0.1266899 0.0798453 0.02414298 0.1266899 0.0798453 0.01724493 0.0686025 0.1400505 0.01724493 0.07073092 0.1384138 0.02414298 0.07073092 0.1384138 0.01724493 0.0686025 0.1400505 0.02414298 0.06617009 0.1412144 0.01724493 0.06617009 0.1412144 0.02414298 0.06353491 0.1418569 0.01724493 0.06353491 0.1418569 0.02414298 0.06860256 -0.1400505 0.02414298 0.07073098 -0.1384138 0.01724493 0.07073098 -0.1384138 0.02414298 0.06860256 -0.1400505 0.01724493 0.06617015 -0.1412143 0.02414298 0.06617015 -0.1412143 0.01724493 0.06353497 -0.1418569 0.02414298 0.06353497 -0.1418569 0.01724493 0.1249922 -0.08590698 0.01724493 0.1229779 -0.08841657 0.02414298 0.1229779 -0.08841657 0.01724493 0.1249922 -0.08590698 0.02414298 0.1262591 -0.08298522 0.01724493 0.1262591 -0.08298522 0.02414298 0.1266899 -0.07984524 0.01724493 0.1266899 -0.07984524 0.02414298 -0.08210766 -0.1607695 0.02414298 -0.07616591 -0.1606362 0.01724493 -0.07616591 -0.1606362 0.02414298 -0.08210766 -0.1607695 0.01724493 -0.08791005 -0.1595693 0.02414298 -0.08791005 -0.1595693 0.01724493 -0.09325635 -0.1571083 0.02414298 -0.09325635 -0.1571083 0.01724493 -0.0978679 -0.1535197 0.02414298 -0.0978679 -0.1535197 0.01724493 -0.1014785 -0.1490098 0.02414298 -0.1014785 -0.1490098 0.01724493 -0.1038857 -0.1438209 0.02414298 -0.1038857 -0.1438209 0.01724493 -0.1014786 0.1490097 0.02414298 -0.1038857 0.1438209 0.01724493 -0.1038857 0.1438209 0.02414298 -0.1014786 0.1490097 0.01724493 -0.0978679 0.1535196 0.02414298 -0.0978679 0.1535196 0.01724493 -0.09325641 0.1571082 0.02414298 -0.09325641 0.1571082 0.01724493 -0.08791011 0.1595693 0.02414298 -0.08791011 0.1595693 0.01724493 -0.08210772 0.1607695 0.02414298 -0.08210772 0.1607695 0.01724493 -0.07616597 0.1606361 0.02414298 -0.07616597 0.1606361 0.01724493 -0.05241161 0.07637792 0.02103883 -0.0538432 0.07874202 0.02414298 -0.05513542 0.07779639 0.02414298 -0.05231022 0.0793482 0.02414298 -0.05157542 0.07671737 0.02103883 -0.05067592 0.07955425 0.02414298 -0.05067592 0.07682651 0.02103883 -0.04904162 0.0793482 0.02414298 -0.04977643 0.07671737 0.02103883 -0.04750871 0.07874202 0.02414298 -0.0489276 0.07637792 0.02103883 -0.04621642 0.07779639 0.02414298 -0.04820549 0.07585662 0.02103883 -0.04619109 0.07778424 0.02414298 -0.04519027 0.07652342 0.02414298 -0.0476607 0.07516556 0.02103883 -0.04455679 0.07506859 0.02414298 -0.047306 0.07435333 0.02103883 -0.04434144 0.07349252 0.02414298 -0.04719197 0.07349252 0.02103883 -0.04455679 0.07192862 0.02414298 -0.047306 0.07263177 0.02103883 -0.04519027 0.07046169 0.02414298 -0.0476607 0.07183164 0.02103883 -0.04619109 0.06921297 0.02414298 -0.04820549 0.07114058 0.02103883 -0.04750871 0.06824308 0.02414298 -0.0489276 0.07060718 0.02103883 -0.04904162 0.0676369 0.02414298 -0.04977643 0.07026767 0.02103883 -0.05067592 0.06743079 0.02414298 -0.05067592 0.0701586 0.02103883 -0.05231022 0.0676369 0.02414298 -0.05157542 0.07026767 0.02103883 -0.0538432 0.06824308 0.02414298 -0.05241161 0.07060718 0.02103883 -0.05516076 0.06921297 0.02414298 -0.05313372 0.07114058 0.02103883 -0.05616158 0.07046169 0.02414298 -0.05369114 0.07183164 0.02103883 -0.05679506 0.07192862 0.02414298 -0.05404591 0.07263177 0.02103883 -0.05701041 0.07349252 0.02414298 -0.05415987 0.07349252 0.02103883 -0.05679506 0.07506859 0.02414298 -0.05404591 0.07435333 0.02103883 -0.05616158 0.07652342 0.02414298 -0.05369114 0.07516556 0.02103883 -0.05516076 0.07778424 0.02414298 -0.05313372 0.07585662 0.02103883 -0.05157542 0.07671737 0.01724493 -0.05067592 0.07682651 0.01724493 -0.05228489 0.07643854 0.01724493 -0.05241161 0.07637792 0.01724493 -0.05313372 0.07585662 0.01724493 -0.05369114 0.07516556 0.01724493 -0.05404591 0.07435333 0.01724493 -0.05415987 0.07349252 0.01724493 -0.05404591 0.07263177 0.01724493 -0.05369114 0.07183164 0.01724493 -0.05313372 0.07114058 0.01724493 -0.05241161 0.07060718 0.01724493 -0.05157542 0.07026767 0.01724493 -0.05067592 0.0701586 0.01724493 -0.04977643 0.07026767 0.01724493 -0.0489276 0.07060718 0.01724493 -0.04820549 0.07114058 0.01724493 -0.0476607 0.07183164 0.01724493 -0.047306 0.07263177 0.01724493 -0.04719197 0.07349252 0.01724493 -0.047306 0.07435333 0.01724493 -0.0476607 0.07516556 0.01724493 -0.04820549 0.07585662 0.01724493 -0.0489276 0.07637792 0.01724493 -0.04906696 0.07643854 0.01724493 -0.04977643 0.07671737 0.01724493 0.08481884 0.002364039 0.02103883 0.08683323 0.004291713 0.02414298 0.0868079 0.004303812 0.02414298 0.08783406 0.003030836 0.02414298 0.08536362 0.001660883 0.02103883 0.08846753 0.001563906 0.02414298 0.08571833 8.60781e-4 0.02103883 0.08868288 0 0.02414298 0.08583235 0 0.02103883 0.08846753 -0.001563906 0.02414298 0.08571833 -8.60755e-4 0.02103883 0.08783406 -0.003030836 0.02414298 0.08536362 -0.001660883 0.02103883 0.08683323 -0.004291653 0.02414298 0.08481884 -0.002364039 0.02103883 0.0868079 -0.004303812 0.02414298 0.08409672 -0.002885341 0.02103883 0.08551561 -0.00524944 0.02414298 0.0839827 -0.005855619 0.02414298 0.08061271 0.002885401 0.02103883 0.07918113 0.00524944 0.02414298 0.0778889 0.004303812 0.02414298 0.0807141 0.005855619 0.02414298 0.08144891 0.003224849 0.02103883 0.0823484 0.006061732 0.02414298 0.0823484 0.003333926 0.02103883 0.0839827 0.005855619 0.02414298 0.0832479 0.003224849 0.02103883 0.08551561 0.00524944 0.02414298 0.08409672 0.002885401 0.02103883 0.0798906 -0.002364039 0.02103883 0.07786357 -0.004291653 0.02414298 0.0778889 -0.004303812 0.02414298 0.07686275 -0.003030836 0.02414298 0.07933318 -0.001660883 0.02103883 0.07622927 -0.001563906 0.02414298 0.07897847 -8.60756e-4 0.02103883 0.07601392 0 0.02414298 0.07886445 0 0.02103883 0.07622927 0.001563906 0.02414298 0.07897847 8.60779e-4 0.02103883 0.07686275 0.003030836 0.02414298 0.07933318 0.001660883 0.02103883 0.07786357 0.004291713 0.02414298 0.0798906 0.002364039 0.02103883 0.0832479 -0.00322479 0.02103883 0.0823484 -0.006061673 0.02414298 0.0823484 -0.003333926 0.02103883 0.0807141 -0.005855619 0.02414298 0.08144891 -0.00322479 0.02103883 0.07918113 -0.00524944 0.02414298 0.08061271 -0.002885341 0.02103883 0.08144891 0.003224849 0.01724493 0.0823484 0.003333926 0.01724493 0.08073943 0.002946019 0.01724493 0.08061271 0.002885401 0.01724493 0.0798906 0.002364039 0.01724493 0.07933318 0.001660883 0.01724493 0.07897847 8.60779e-4 0.01724493 0.07886445 0 0.01724493 0.07897847 -8.60756e-4 0.01724493 0.07933318 -0.001660883 0.01724493 0.0798906 -0.002364039 0.01724493 0.08061271 -0.002885341 0.01724493 0.08073943 -0.002945959 0.01724493 0.08144891 -0.00322479 0.01724493 0.0823484 -0.003333926 0.01724493 0.0832479 -0.00322479 0.01724493 0.08395737 -0.002945959 0.01724493 0.08409672 -0.002885341 0.01724493 0.08481884 -0.002364039 0.01724493 0.08536362 -0.001660883 0.01724493 0.08571833 -8.60755e-4 0.01724493 0.08583235 0 0.01724493 0.08571833 8.60781e-4 0.01724493 0.08536362 0.001660883 0.01724493 0.08481884 0.002364039 0.01724493 0.08409672 0.002885401 0.01724493 0.08395737 0.002946019 0.01724493 0.0832479 0.003224849 0.01724493 -0.04820543 -0.07114058 0.02103883 -0.04619109 -0.06921297 0.02414298 -0.04621642 -0.06918871 0.02414298 -0.04519027 -0.07046169 0.02414298 -0.0476607 -0.07183164 0.02103883 -0.04455679 -0.07192862 0.02414298 -0.04730594 -0.07263177 0.02103883 -0.04434144 -0.07349258 0.02414298 -0.04719191 -0.07349258 0.02103883 -0.04455679 -0.07506859 0.02414298 -0.04730594 -0.07435333 0.02103883 -0.04519027 -0.07652342 0.02414298 -0.0476607 -0.07516562 0.02103883 -0.04619109 -0.07778424 0.02414298 -0.04820543 -0.07585662 0.02103883 -0.04750865 -0.07874202 0.02414298 -0.0489276 -0.07637792 0.02103883 -0.04904162 -0.0793482 0.02414298 -0.04977643 -0.07671743 0.02103883 -0.05067592 -0.07955431 0.02414298 -0.05067592 -0.07682651 0.02103883 -0.05231022 -0.0793482 0.02414298 -0.05157542 -0.07671743 0.02103883 -0.05384314 -0.07874202 0.02414298 -0.05241155 -0.07637792 0.02103883 -0.05516076 -0.07778424 0.02414298 -0.05313372 -0.07585662 0.02103883 -0.05616158 -0.07652342 0.02414298 -0.05369114 -0.07516562 0.02103883 -0.05679506 -0.07506859 0.02414298 -0.05404585 -0.07435333 0.02103883 -0.05701041 -0.07349258 0.02414298 -0.05415987 -0.07349258 0.02103883 -0.05679506 -0.07192862 0.02414298 -0.05404585 -0.07263177 0.02103883 -0.05616158 -0.07046169 0.02414298 -0.05369114 -0.07183164 0.02103883 -0.05516076 -0.06921297 0.02414298 -0.05313372 -0.07114058 0.02103883 -0.05513536 -0.06918871 0.02414298 -0.05241155 -0.07060718 0.02103883 -0.05384314 -0.06824308 0.02414298 -0.05231022 -0.0676369 0.02414298 -0.05157542 -0.07026773 0.02103883 -0.05067592 -0.06743079 0.02414298 -0.05067592 -0.0701586 0.02103883 -0.04904162 -0.0676369 0.02414298 -0.04977643 -0.07026773 0.02103883 -0.04750865 -0.06824308 0.02414298 -0.0489276 -0.07060718 0.02103883 -0.05157542 -0.07026773 0.01724493 -0.05067592 -0.0701586 0.01724493 -0.05228489 -0.07055866 0.01724493 -0.05241155 -0.07060718 0.01724493 -0.05313372 -0.07114058 0.01724493 -0.05369114 -0.07183164 0.01724493 -0.05404585 -0.07263177 0.01724493 -0.05415987 -0.07349258 0.01724493 -0.05404585 -0.07435333 0.01724493 -0.05369114 -0.07516562 0.01724493 -0.05313372 -0.07585662 0.01724493 -0.05241155 -0.07637792 0.01724493 -0.05157542 -0.07671743 0.01724493 -0.05067592 -0.07682651 0.01724493 -0.04977643 -0.07671743 0.01724493 -0.0489276 -0.07637792 0.01724493 -0.04820543 -0.07585662 0.01724493 -0.0476607 -0.07516562 0.01724493 -0.04730594 -0.07435333 0.01724493 -0.04719191 -0.07349258 0.01724493 -0.04730594 -0.07263177 0.01724493 -0.0476607 -0.07183164 0.01724493 -0.04820543 -0.07114058 0.01724493 -0.0489276 -0.07060718 0.01724493 -0.04906696 -0.07055866 0.01724493 -0.04977643 -0.07026773 0.01724493 0.03732281 0.07103151 0.02414298 0.03732281 0.07103151 0.01724493 0.0366767 0.07128608 0.01724493 0.0380069 0.07094663 0.02414298 0.0380069 0.07094663 0.01724493 0.03869104 0.07103151 0.02414298 0.03869104 0.07103151 0.01724493 0.03933715 0.07128608 0.02414298 0.03933715 0.07128608 0.01724493 0.03989458 0.0716983 0.02414298 0.03989458 0.0716983 0.01724493 0.0403127 0.07221961 0.02414298 0.0403127 0.07221961 0.01724493 0.04057872 0.07283788 0.02414298 0.04057872 0.07283788 0.01724493 0.04066741 0.07349258 0.02414298 0.04066741 0.07349258 0.01724493 0.04057872 0.07415932 0.02414298 0.04057872 0.07415932 0.01724493 0.0403127 0.0747655 0.02414298 0.0403127 0.0747655 0.01724493 0.03989458 0.07529896 0.02414298 0.03989458 0.07529896 0.01724493 0.03933715 0.07569903 0.02414298 0.03933715 0.07569903 0.01724493 0.03869104 0.0759536 0.02414298 0.03869104 0.0759536 0.01724493 0.0380069 0.07603847 0.02414298 0.0380069 0.07603847 0.01724493 0.03732281 0.0759536 0.02414298 0.03732281 0.0759536 0.01724493 0.0366767 0.07569903 0.02414298 0.0366767 0.07569903 0.01724493 0.03613191 0.07529896 0.02414298 0.03613191 0.07529896 0.01724493 0.03570115 0.0747655 0.02414298 0.03570115 0.0747655 0.01724493 0.03543514 0.07415932 0.02414298 0.03543514 0.07415932 0.01724493 0.03534644 0.07349258 0.02414298 0.03534644 0.07349258 0.01724493 0.03543514 0.07283788 0.02414298 0.03543514 0.07283788 0.01724493 0.03570115 0.07221961 0.02414298 0.03570115 0.07221961 0.01724493 0.03613191 0.0716983 0.02414298 0.03613191 0.0716983 0.01724493 0.0366767 0.07128608 0.02414298 0.03613191 -0.07169824 0.02414298 0.03613191 -0.07169824 0.01724493 0.0366767 -0.07128608 0.01724493 0.03570121 -0.07221961 0.02414298 0.03570121 -0.07221961 0.01724493 0.03543514 -0.07283788 0.02414298 0.03543514 -0.07283788 0.01724493 0.03534644 -0.07349252 0.02414298 0.03534644 -0.07349252 0.01724493 0.03543514 -0.07415932 0.02414298 0.03543514 -0.07415932 0.01724493 0.03570121 -0.0747655 0.02414298 0.03570121 -0.0747655 0.01724493 0.03613191 -0.07529896 0.02414298 0.03613191 -0.07529896 0.01724493 0.0366767 -0.07569903 0.02414298 0.0366767 -0.07569903 0.01724493 0.03732281 -0.0759536 0.02414298 0.03732281 -0.0759536 0.01724493 0.03800696 -0.07603847 0.02414298 0.03800696 -0.07603847 0.01724493 0.0386911 -0.0759536 0.02414298 0.0386911 -0.0759536 0.01724493 0.03933721 -0.07569903 0.02414298 0.03933721 -0.07569903 0.01724493 0.03989464 -0.07529896 0.02414298 0.03989464 -0.07529896 0.01724493 0.0403127 -0.0747655 0.02414298 0.0403127 -0.0747655 0.01724493 0.04057878 -0.07415932 0.02414298 0.04057878 -0.07415932 0.01724493 0.04066741 -0.07349252 0.02414298 0.04066741 -0.07349252 0.01724493 0.04057878 -0.07283788 0.02414298 0.04057878 -0.07283788 0.01724493 0.0403127 -0.07221961 0.02414298 0.0403127 -0.07221961 0.01724493 0.03989464 -0.07169824 0.02414298 0.03989464 -0.07169824 0.01724493 0.03933721 -0.07128608 0.02414298 0.03933721 -0.07128608 0.01724493 0.0386911 -0.07103145 0.02414298 0.0386911 -0.07103145 0.01724493 0.03800696 -0.07094663 0.02414298 0.03800696 -0.07094663 0.01724493 0.03732281 -0.07103145 0.02414298 0.03732281 -0.07103145 0.01724493 0.0366767 -0.07128608 0.02414298 -0.09244555 6.54654e-4 0.02414298 -0.09244555 6.54654e-4 0.01724493 -0.09235692 0 0.01724493 -0.09271162 0.001272916 0.02414298 -0.09271162 0.001272916 0.01724493 -0.09312969 0.001806378 0.02414298 -0.09312969 0.001806378 0.01724493 -0.09368711 0.002206444 0.02414298 -0.09368711 0.002206444 0.01724493 -0.09433329 0.002461016 0.02414298 -0.09433329 0.002461016 0.01724493 -0.09501737 0.002545893 0.02414298 -0.09501737 0.002545893 0.01724493 -0.09570151 0.002461016 0.02414298 -0.09570151 0.002461016 0.01724493 -0.09634763 0.002206444 0.02414298 -0.09634763 0.002206444 0.01724493 -0.09689241 0.001806378 0.02414298 -0.09689241 0.001806378 0.01724493 -0.09732311 0.001272916 0.02414298 -0.09732311 0.001272916 0.01724493 -0.09758919 6.54653e-4 0.02414298 -0.09758919 6.54653e-4 0.01724493 -0.09767788 0 0.02414298 -0.09767788 0 0.01724493 -0.09758919 -6.54683e-4 0.02414298 -0.09758919 -6.54683e-4 0.01724493 -0.09732311 -0.001272976 0.02414298 -0.09732311 -0.001272976 0.01724493 -0.09689241 -0.001806378 0.02414298 -0.09689241 -0.001806378 0.01724493 -0.09634763 -0.002206444 0.02414298 -0.09634763 -0.002206444 0.01724493 -0.09570151 -0.002461075 0.02414298 -0.09570151 -0.002461075 0.01724493 -0.09501737 -0.002545893 0.02414298 -0.09501737 -0.002545893 0.01724493 -0.09433329 -0.002461075 0.02414298 -0.09433329 -0.002461075 0.01724493 -0.09368711 -0.002206444 0.02414298 -0.09368711 -0.002206444 0.01724493 -0.09312969 -0.001806378 0.02414298 -0.09312969 -0.001806378 0.01724493 -0.09271162 -0.001272976 0.02414298 -0.09271162 -0.001272976 0.01724493 -0.09244555 -6.54682e-4 0.02414298 -0.09244555 -6.54682e-4 0.01724493 -0.09235692 0 0.02414298 -0.1121839 0.002945959 0.01724493 -0.07325208 0.002945959 0.01724493 -0.1121839 0.03674626 0.01724493 -0.07325208 0.03674626 0.01724493 -0.1121839 0.07643854 0.01724493 -0.07325208 0.07643854 0.01724493 0.05977225 0.03674626 0.01724493 -0.005916416 0.03674626 0.01724493 0.05977225 0.002945959 0.01724493 -0.005916416 0.002945959 0.01724493 0.05977225 -0.002945959 0.01724493 -0.005916416 -0.002945959 0.01724493 0.05977225 -0.03674626 0.01724493 -0.005916357 -0.03674626 0.01724493 0.05977225 -0.07055866 0.01724493 -0.005916357 -0.07055866 0.01724493 0.05977225 0.07643854 0.01724493 -0.005916416 0.07643854 0.01724493 0.1266899 0.0764386 0.01724493 0.1266899 0.03674626 0.01724493 -0.07325208 -0.03674626 0.01724493 -0.07325208 -0.002945959 0.01724493 -0.1121839 -0.002946019 0.01724493 -0.1121839 -0.03674626 0.01724493 -0.07325208 -0.07055866 0.01724493 -0.1121839 -0.07055866 0.01724493 0.05977225 -0.142354 0.01724493 0.1266899 -0.07055866 0.01724493 0.1266899 -0.03674626 0.01724493 -0.07325208 0.1602482 0.01724493 0.1266899 0.002946019 0.01724493 0.1266899 -0.002945959 0.01724493 -0.005916357 -0.151192 0.01724493 -0.07325202 -0.1602482 0.01724493 -0.1206594 -0.07055866 0.01724493 -0.1121838 -0.1128575 0.01724493 -0.1165166 -0.09669691 0.01724493 -0.1241434 -0.04859089 0.01724493 -0.1247642 -0.03674626 0.01724493 -0.1265378 -0.002946019 0.01724493 -0.1266899 0 0.01724493 -0.1265378 0.002945959 0.01724493 -0.1247642 0.03674626 0.01724493 -0.1241434 0.04859089 0.01724493 -0.1197219 0.07643854 0.01724493 -0.1121839 0.1128575 0.01724493 -0.1165167 0.09669691 0.01724493 -0.005916416 0.151192 0.01724493 0.05977225 0.142354 0.01724493 -0.1121839 -0.004303812 0.02414298 -0.07468366 -0.004303812 0.02414298 -0.1121839 -0.03674626 0.02414298 -0.07468366 -0.03674626 0.02414298 -0.1121839 -0.06918871 0.02414298 -0.07468366 -0.06918871 0.02414298 -0.004497468 0.03674626 0.02414298 0.05834066 0.03674626 0.02414298 -0.004497468 0.004303812 0.02414298 0.05834066 0.004303812 0.02414298 -0.004497468 -0.004303812 0.02414298 0.05834066 -0.004303812 0.02414298 -0.004497468 -0.03674626 0.02414298 0.05834066 -0.03674626 0.02414298 -0.004497468 -0.06918871 0.02414298 0.05834066 -0.06918871 0.02414298 0.1266899 -0.06918871 0.02414298 0.1266899 -0.03674626 0.02414298 -0.07468366 0.03674626 0.02414298 -0.07468366 0.004303812 0.02414298 -0.1121839 0.004303812 0.02414298 -0.1121839 0.03674626 0.02414298 -0.07468366 0.07779639 0.02414298 -0.1121839 0.07779639 0.02414298 -0.1266899 0 0.02414298 -0.1264618 0.004303812 0.02414298 -0.004497468 0.07779639 0.02414298 0.05834066 0.07779639 0.02414298 0.05834066 0.1425479 0.02414298 0.1266899 0.07779639 0.02414298 0.1266899 0.03674626 0.02414298 0.1266899 -0.004303812 0.02414298 0.1266899 0.004303812 0.02414298 -0.004497468 0.150998 0.02414298 -0.07468366 0.1604422 0.02414298 -0.1195065 0.07779639 0.02414298 -0.1121839 0.1128575 0.02414298 -0.1165167 0.09669691 0.02414298 -0.1241434 0.04859089 0.02414298 -0.1247642 0.03674626 0.02414298 -0.1121838 -0.1128575 0.02414298 -0.1208748 -0.06918871 0.02414298 -0.1165166 -0.09669691 0.02414298 -0.1241434 -0.04859089 0.02414298 -0.1247642 -0.03674626 0.02414298 -0.1264618 -0.004303812 0.02414298 -0.07468366 -0.1604422 0.02414298 -0.004497408 -0.150998 0.02414298 0.05834066 -0.1425479 0.02414298 -0.09185016 0.00524944 0.01724493 -0.08987379 0.003527879 0.01724493 -0.08901226 0.01192945 0.01724493 -0.04801547 0.07349252 0.01724493 -0.04837018 0.07221961 0.01724493 -0.03097563 0.0764628 0.01724493 -0.04934567 0.07128608 0.01724493 -0.04814213 0.06929785 0.01724493 -0.06320554 0.05865341 0.01724493 -0.09501737 0.006061673 0.01724493 -0.09544813 0.03797072 0.01724493 -0.09818464 0.00524944 0.01724493 -0.1017573 0.01940965 0.01724493 -0.05067592 0.07094663 0.01724493 -0.05200618 0.07128608 0.01724493 -0.05298167 0.07221961 0.01724493 0.07356876 0.02358019 0.01724493 0.08101814 0.002206444 0.01724493 0.0823484 0.002545893 0.01724493 0.02380496 0.08878028 0.01724493 0.00386399 0.09284162 0.01724493 0.03252124 0.07652342 0.01724493 -0.05298167 -0.07221961 0.01724493 -0.0852496 -0.0548709 0.01724493 -0.05333638 -0.07349258 0.01724493 -0.07160508 -0.06937056 0.01724493 -0.05298167 -0.07476556 0.01724493 -0.05511003 -0.08083939 0.01724493 -0.05200618 -0.07569903 0.01724493 -0.07541847 0.04507505 0.01724493 -0.0852496 0.05487084 0.01724493 -0.08417272 0.0292297 0.01724493 -0.07160508 0.06937056 0.01724493 -0.05333644 0.07349252 0.01724493 -0.05511009 0.08083939 0.01724493 -0.05298167 0.0747655 0.01724493 -0.05200618 0.07569903 0.01724493 -0.05067592 0.07603847 0.01724493 -0.03647398 0.08878028 0.01724493 -0.04934567 0.07569903 0.01724493 -0.01653301 0.09284162 0.01724493 -0.04837018 0.0747655 0.01724493 -0.09501737 -0.006061732 0.01724493 -0.09818464 -0.00524944 0.01724493 -0.1017573 -0.01940971 0.01724493 -0.100503 -0.003030836 0.01724493 -0.1038857 0 0.01724493 -0.1013519 0 0.01724493 -0.100503 0.003030836 0.01724493 -0.01653301 -0.09284162 0.01724493 -0.04837018 -0.07476556 0.01724493 -0.03647398 -0.08878028 0.01724493 -0.04934567 -0.07569903 0.01724493 -0.05067592 -0.07603847 0.01724493 0.03224253 0.07099515 0.01724493 0.03167241 0.07349258 0.01724493 0.02421039 0.07448667 0.01724493 0.006131768 0.07911783 0.01724493 0.04076874 0.06610935 0.01724493 0.05495804 0.05442231 0.01724493 0.0827791 0.03797072 0.01724493 0.0660814 0.04000747 0.01724493 -0.05343776 -0.06610935 0.01724493 -0.06762701 -0.05442231 0.01724493 -0.05200618 -0.07128608 0.01724493 0.0823484 -0.002545893 0.01724493 0.08277916 -0.03797072 0.01724493 0.08367866 -0.002206444 0.01724493 0.08908832 -0.01940965 0.01724493 0.08465415 -0.001272916 0.01724493 0.09121668 0 0.01724493 0.08500891 0 0.01724493 0.08101814 -0.002206444 0.01724493 0.08004266 -0.001272916 0.01724493 0.07634329 -0.01192945 0.01724493 0.03483968 0.07874202 0.01724493 0.0380069 0.07955431 0.01724493 0.04244107 0.08083939 0.01724493 0.04117417 0.07874202 0.01724493 0.05893611 0.06937056 0.01724493 0.03862768 0.06746721 0.01724493 0.04117417 0.06824308 0.01724493 0.04349261 0.07046169 0.01724493 0.07258057 0.0548709 0.01724493 0.04434144 0.07349258 0.01724493 0.04349261 0.07652342 0.01724493 -0.04801541 -0.07349258 0.01724493 -0.01880073 -0.07911783 0.01724493 -0.04837018 -0.07221961 0.01724493 -0.03687936 -0.07448667 0.01724493 -0.04934567 -0.07128608 0.01724493 -0.05067592 -0.07094663 0.01724493 0.05893611 -0.06937056 0.01724493 0.04349261 -0.07652342 0.01724493 0.04244107 -0.08083939 0.01724493 0.04117417 -0.07874202 0.01724493 0.02380502 -0.08878028 0.01724493 0.03800696 -0.07955431 0.01724493 0.03483968 -0.07874202 0.01724493 0.003864049 -0.09284162 0.01724493 0.0325213 -0.07652342 0.01724493 0.03167247 -0.07349252 0.01724493 -0.01258027 0.07979679 0.01724493 0.08908832 0.01940971 0.01724493 0.08367866 0.002206444 0.01724493 0.08465415 0.001272976 0.01724493 0.04349261 -0.07046169 0.01724493 0.05053657 -0.05865341 0.01724493 0.04117417 -0.06824308 0.01724493 0.03862774 -0.06746715 0.01724493 0.07705277 0.005976855 0.01724493 0.07968789 0 0.01724493 0.08004266 0.001272976 0.01724493 -8.86709e-5 -0.07979679 0.01724493 0.01830667 -0.0764628 0.01724493 0.03224253 -0.07099509 0.01724493 -0.09544813 -0.03797072 0.01724493 -0.07875043 -0.04000747 0.01724493 -0.08623778 -0.02358019 0.01724493 -0.09185016 -0.00524944 0.01724493 -0.0897091 -0.005976855 0.01724493 -0.08987379 -0.003527939 0.01724493 0.0627495 -0.04507511 0.01724493 0.07258063 -0.05487084 0.01724493 0.07150375 -0.0292297 0.01724493 0.04434144 -0.07349252 0.01724493 0.05893611 0.06937056 -0.02414298 0.0380069 0.0701586 -0.02414298 0.03975522 0.07060718 -0.02414298 0.04102212 0.07516562 -0.02414298 0.04244107 0.08083939 -0.02414298 0.04149091 0.07349258 -0.02414298 0.04102212 0.07183164 -0.02414298 0.07258063 -0.05487084 -0.02414298 0.05893611 -0.06937056 -0.02414298 0.04149091 -0.07349252 -0.02414298 0.05495804 0.05442231 -0.02414298 0.03627127 0.07060718 -0.02414298 0.04076874 0.06610935 -0.02414298 0.03499168 0.07183164 -0.02414298 0.02421039 0.07448667 -0.02414298 0.03452295 0.07349258 -0.02414298 0.04102218 -0.07516556 -0.02414298 0.04244107 -0.08083939 -0.02414298 0.03975528 -0.07637792 -0.02414298 0.01830667 -0.0764628 -0.02414298 0.03452295 -0.07349252 -0.02414298 0.03499174 -0.07516556 -0.02414298 0.03499168 0.07516562 -0.02414298 0.00386399 0.09284162 -0.02414298 0.03627127 0.07637798 -0.02414298 0.02380496 0.08878028 -0.02414298 0.0380069 0.07682651 -0.02414298 0.03975522 0.07637798 -0.02414298 -0.09803259 0.001660883 -0.02414298 -0.1038857 0 -0.02414298 -0.09675306 0.002885341 -0.02414298 -0.1017573 0.01940965 -0.02414298 -0.09501737 0.003333926 -0.02414298 -0.09544813 0.03797072 -0.02414298 0.07258057 0.0548709 -0.02414298 0.0660814 0.04000747 -0.02414298 0.0827791 0.03797072 -0.02414298 0.07356876 0.02358019 -0.02414298 0.08908832 0.01940971 -0.02414298 0.07705277 0.005976855 -0.02414298 0.09121668 0 -0.02414298 0.07634329 -0.01192945 -0.02414298 0.08908832 -0.01940965 -0.02414298 0.07150375 -0.0292297 -0.02414298 0.08277916 -0.03797072 -0.02414298 0.0627495 -0.04507511 -0.02414298 0.05053657 -0.05865341 -0.02414298 -0.09501737 -0.003333926 -0.02414298 -0.09544813 -0.03797072 -0.02414298 -0.09675306 -0.002885401 -0.02414298 -0.1017573 -0.01940971 -0.02414298 -0.09803259 -0.001660883 -0.02414298 -0.09850132 0 -0.02414298 0.04102218 -0.07183164 -0.02414298 0.03975528 -0.07060718 -0.02414298 0.03800696 -0.0701586 -0.02414298 0.03547316 -0.06929785 -0.02414298 0.03627127 -0.07060718 -0.02414298 0.03499174 -0.07183164 -0.02414298 -0.09326905 -0.002885401 -0.02414298 -0.09200215 -0.001660883 -0.02414298 -0.0897091 -0.005976855 -0.02414298 -0.09153342 0 -0.02414298 -0.08901226 0.01192945 -0.02414298 -0.09200215 0.001660883 -0.02414298 -0.08417272 0.0292297 -0.02414298 -0.09326905 0.002885341 -0.02414298 -8.86709e-5 -0.07979679 -0.02414298 0.003864049 -0.09284162 -0.02414298 0.02380502 -0.08878028 -0.02414298 0.03627127 -0.07637792 -0.02414298 0.03800696 -0.07682651 -0.02414298 -0.01880073 -0.07911783 -0.02414298 -0.01653301 -0.09284162 -0.02414298 -0.03687936 -0.07448667 -0.02414298 -0.03647398 -0.08878028 -0.02414298 -0.05343776 -0.06610935 -0.02414298 -0.05511003 -0.08083939 -0.02414298 -0.06762701 -0.05442231 -0.02414298 -0.07160508 -0.06937056 -0.02414298 -0.07875043 -0.04000747 -0.02414298 -0.0852496 -0.0548709 -0.02414298 -0.08623778 -0.02358019 -0.02414298 -0.07541847 0.04507505 -0.02414298 -0.0852496 0.05487084 -0.02414298 -0.06320554 0.05865341 -0.02414298 -0.07160508 0.06937056 -0.02414298 -0.04814213 0.06929785 -0.02414298 -0.05511009 0.08083939 -0.02414298 -0.03097563 0.0764628 -0.02414298 -0.03647398 0.08878028 -0.02414298 -0.01258027 0.07979679 -0.02414298 -0.01653301 0.09284162 -0.02414298 0.006131768 0.07911783 -0.02414298 0.05978494 -0.07026767 -0.02276337 0.04307454 -0.08189409 0.01586538 0.04307454 -0.08189409 -0.02276337 0.02419775 -0.08993202 0.01586538 0.02419775 -0.08993202 -0.02276337 0.003990709 -0.09404188 0.01586538 0.003990709 -0.09404188 -0.02276337 -0.01665967 -0.09404188 0.01586538 -0.01665967 -0.09404188 -0.02276337 -0.03686672 -0.08993202 0.01586538 -0.03686672 -0.08993202 -0.02276337 -0.05574351 -0.08189415 0.01586538 -0.05574351 -0.08189415 -0.02276337 -0.07245391 -0.07026773 0.01586538 -0.07245391 -0.07026773 -0.02276337 -0.08627575 -0.05558615 0.01586538 -0.08627575 -0.05558615 -0.02276337 -0.09661364 -0.03846782 0.01586538 -0.09661364 -0.03846782 -0.02276337 -0.1029989 -0.01966428 0.01586538 -0.1029989 -0.01966428 -0.02276337 -0.1051526 0 0.01586538 -0.1051526 0 -0.02276337 -0.1029989 0.01966422 0.01586538 -0.1029989 0.01966422 -0.02276337 -0.0966137 0.03846776 0.01586538 -0.0966137 0.03846776 -0.02276337 -0.08627581 0.05558615 0.01586538 -0.08627581 0.05558615 -0.02276337 -0.07245391 0.07026767 0.01586538 -0.07245391 0.07026767 -0.02276337 -0.05574351 0.08189409 0.01586538 -0.05574351 0.08189409 -0.02276337 -0.03686672 0.08993202 0.01586538 -0.03686672 0.08993202 -0.02276337 -0.01665973 0.09404188 0.01586538 -0.01665973 0.09404188 -0.02276337 0.003990709 0.09404188 0.01586538 0.003990709 0.09404188 -0.02276337 0.02419775 0.08993202 0.01586538 0.02419775 0.08993202 -0.02276337 0.04307454 0.08189415 0.01586538 0.04307454 0.08189415 -0.02276337 0.05978488 0.07026773 0.01586538 0.05978488 0.07026773 -0.02276337 0.07360678 0.05558615 0.01586538 0.07360678 0.05558615 -0.02276337 0.08394467 0.03846782 0.01586538 0.08394467 0.03846782 -0.02276337 0.09032988 0.01966428 0.01586538 0.09032988 0.01966428 -0.02276337 0.09248358 0 0.01586538 0.09248358 0 -0.02276337 0.09032988 -0.01966428 0.01586538 0.09032988 -0.01966428 -0.02276337 0.08394473 -0.03846776 0.01586538 0.08394473 -0.03846776 -0.02276337 0.07360678 -0.05558615 0.01586538 0.07360678 -0.05558615 -0.02276337 0.05978494 -0.07026767 0.01586538 -0.06234407 0.0577684 0.01586538 -0.04750871 0.06824308 -0.02276337 -0.04750871 0.06824308 0.01586538 -0.03060823 0.07529896 -0.02276337 -0.03060823 0.07529896 0.01586538 -0.01249158 0.07858443 -0.02276337 -0.01249158 0.07858443 0.01586538 0.005941689 0.07791763 -0.02276337 0.005941689 0.07791763 0.01586538 0.02375429 0.07335919 -0.02276337 0.02375429 0.07335919 0.01586538 0.04005932 0.06511521 -0.02276337 0.04005932 0.06511521 0.01586538 0.05403321 0.05359792 -0.02276337 0.05403321 0.05359792 0.01586538 0.06497919 0.03940129 -0.02276337 0.06497919 0.03940129 0.01586538 0.07235258 0.02322858 -0.02276337 0.07235258 0.02322858 0.01586538 0.07578587 0.005891978 -0.02276337 0.07578587 0.005891978 0.01586538 0.07508909 -0.01174759 -0.02276337 0.07508909 -0.01174759 0.01586538 0.07032555 -0.02879327 -0.02276337 0.07032555 -0.02879327 0.01586538 0.06171059 -0.04439616 -0.02276337 0.06171059 -0.04439616 0.01586538 0.0496751 -0.0577684 -0.02276337 0.0496751 -0.0577684 0.01586538 0.03483968 -0.06824308 -0.02276337 0.03483968 -0.06824308 0.01586538 0.01793926 -0.07529896 -0.02276337 0.01793926 -0.07529896 0.01586538 -1.77354e-4 -0.07858443 -0.02276337 -1.77354e-4 -0.07858443 0.01586538 -0.01861071 -0.07791763 -0.02276337 -0.01861071 -0.07791763 0.01586538 -0.03642332 -0.07335919 -0.02276337 -0.03642332 -0.07335919 0.01586538 -0.05272829 -0.06511521 -0.02276337 -0.05272829 -0.06511521 0.01586538 -0.06670218 -0.05359792 -0.02276337 -0.06670218 -0.05359792 0.01586538 -0.07764822 -0.03940129 -0.02276337 -0.07764822 -0.03940129 0.01586538 -0.08502155 -0.02322858 -0.02276337 -0.08502155 -0.02322858 0.01586538 -0.08845484 -0.005891978 -0.02276337 -0.08845484 -0.005891978 0.01586538 -0.08775806 0.01174759 -0.02276337 -0.08775806 0.01174759 0.01586538 -0.08299452 0.02879321 -0.02276337 -0.08299452 0.02879321 0.01586538 -0.07437962 0.04439616 -0.02276337 -0.07437962 0.04439616 0.01586538 -0.06234407 0.0577684 -0.02276337 0.03499174 -0.07183164 0.01414084 0.03627127 -0.07060718 0.01414084 0.03800696 -0.0701586 0.01414084 0.03975528 -0.07060718 0.01414084 0.04102218 -0.07183164 0.01414084 0.04149091 -0.07349252 0.01414084 0.04102218 -0.07516556 0.01414084 0.03975528 -0.07637792 0.01414084 0.03800696 -0.07682651 0.01414084 0.03627127 -0.07637792 0.01414084 0.03499174 -0.07516556 0.01414084 0.03452295 -0.07349252 0.01414084 0.03608125 -0.0683158 0.01661032 0.03295201 -0.07032835 0.01692765 0.03515642 -0.06876438 0.01655519 0.03559982 -0.06854617 0.01656895 0.03804492 -0.06766116 0.01709318 0.03269863 -0.07057076 0.01703804 0.0380069 0.0701586 0.01414084 0.03627127 0.07060718 0.01414084 0.03499168 0.07183164 0.01414084 0.03452295 0.07349258 0.01414084 0.03499168 0.07516562 0.01414084 0.03627127 0.07637798 0.01414084 0.0380069 0.07682651 0.01414084 0.03975522 0.07637798 0.01414084 0.04102212 0.07516562 0.01414084 0.04149091 0.07349258 0.01414084 0.04102212 0.07183164 0.01414084 0.03975522 0.07060718 0.01414084 0.03428226 0.06929785 0.01661032 0.03766489 0.06770968 0.01692765 0.03515642 0.06876438 0.01655519 0.03472566 0.06901901 0.01656895 0.03271126 0.07060718 0.01709318 0.0380069 0.0676248 0.01703804 -0.09200215 0.001660883 0.01414084 -0.09153342 0 0.01414084 -0.09200215 -0.001660883 0.01414084 -0.09326905 -0.002885401 0.01414084 -0.09501737 -0.003333926 0.01414084 -0.09675306 -0.002885401 0.01414084 -0.09803259 -0.001660883 0.01414084 -0.09850132 0 0.01414084 -0.09803259 0.001660883 0.01414084 -0.09675306 0.002885341 0.01414084 -0.09501737 0.003333926 0.01414084 -0.09326905 0.002885341 0.01414084 -0.08935433 -9.94139e-4 0.01661032 -0.08962041 0.002606511 0.01692765 -0.08931636 0 0.01655519 -0.089329 -4.72829e-4 0.01656895 -0.08974707 -0.002946019 0.01709318 -0.0897091 0.002933859 0.01703804 0.08367866 -0.002206444 -0.003448963 0.08465415 -0.001272916 -0.003448963 0.0823484 0 -0.005187273 0.0823484 0.002545893 -0.003448963 0.08367866 0.002206444 -0.003448963 0.08500891 0 -0.003448963 0.08465415 0.001272976 -0.003448963 0.07968789 0 -0.003448963 0.08004266 0.001272976 -0.003448963 0.08101814 0.002206444 -0.003448963 0.0823484 -0.002545893 -0.003448963 0.08101814 -0.002206444 -0.003448963 0.08004266 -0.001272916 -0.003448963 -0.04934567 0.07569903 -0.003448963 -0.05067592 0.07603847 -0.003448963 -0.05067592 0.07349252 -0.005187273 -0.05298167 0.07221961 -0.003448963 -0.05333644 0.07349252 -0.003448963 -0.05200618 0.07569903 -0.003448963 -0.05298167 0.0747655 -0.003448963 -0.04934567 0.07128608 -0.003448963 -0.05067592 0.07094663 -0.003448963 -0.05200618 0.07128608 -0.003448963 -0.04837018 0.0747655 -0.003448963 -0.04801547 0.07349252 -0.003448963 -0.04837018 0.07221961 -0.003448963 -0.05333638 -0.07349258 -0.003448963 -0.05298167 -0.07476556 -0.003448963 -0.05067592 -0.07349258 -0.005187273 -0.04837018 -0.07476556 -0.003448963 -0.04934567 -0.07569903 -0.003448963 -0.05200618 -0.07569903 -0.003448963 -0.05067592 -0.07603847 -0.003448963 -0.04934567 -0.07128608 -0.003448963 -0.04837018 -0.07221961 -0.003448963 -0.04801541 -0.07349258 -0.003448963 -0.05298167 -0.07221961 -0.003448963 -0.05200618 -0.07128608 -0.003448963 -0.05067592 -0.07094663 -0.003448963</float_array>
          <technique_common>
            <accessor source="#plate-mesh-positions-array" count="963" stride="3">
              <param name="X" type="float"/>
              <param name="Y" type="float"/>
              <param name="Z" type="float"/>
            </accessor>
          </technique_common>
        </source>
        <source id="plate-mesh-normals">
          <float_array id="plate-mesh-normals-array" count="4668">0.7798504 0.625966 0 0.7798505 0.6259658 0 0.9174636 0.3978198 0 0.9907208 0.1359131 0 0.9907222 0.1359027 0 0.6095834 0.7927219 0 0.6095838 0.7927217 0 0.4316098 0.9020604 0 0.4316086 0.9020611 0 0.2368936 0.9715356 0 0.2368929 0.9715358 0 0.6095801 -0.7927246 0 0.6095802 -0.7927244 0 0.4316123 -0.9020593 0 0.4316111 -0.9020598 0 0.2368929 -0.9715358 0 0.7798496 -0.625967 0 0.9174658 -0.3978146 0 0.9174639 -0.3978191 0 0.9907222 -0.1359027 0 0.9907208 -0.1359131 0 0.6913811 0.7224903 0 0.691381 0.7224904 0 0.6913813 -0.7224901 0 0.6913813 -0.7224901 0 0.02243733 -0.9997484 0 0.02243727 -0.9997483 0 -0.2025601 -0.9792699 0 -0.4181528 -0.9083768 0 -0.4181517 -0.9083773 0 -0.6141343 -0.7892015 0 -0.6141358 -0.7892004 0 -0.7806387 -0.6249827 0 -0.7806371 -0.6249847 0 -0.9071432 -0.420822 0 -0.9071421 -0.4208246 0 -0.9071427 0.4208231 0 -0.9071428 0.420823 0 -0.7806387 0.6249827 0 -0.7806385 0.6249829 0 -0.6141374 0.7891992 0 -0.6141389 0.7891979 0 -0.4181528 0.9083768 0 -0.4181517 0.9083773 0 -0.2025601 0.9792699 0 -0.2025595 0.97927 0 0.02243977 0.9997483 0 0.02243977 0.9997483 0 0.4417993 -0.6037375 0.6635619 0.2763516 -0.6988698 0.6597051 0.2831832 -0.6975355 0.6582185 0.09437012 -0.7483355 0.6565731 0.0907402 -0.7480749 0.6573814 -0.09430736 -0.7478253 0.6571632 -0.09085232 -0.7490066 0.656304 -0.2767146 -0.6997793 0.6585879 -0.2791867 -0.698122 0.6593031 -0.442325 -0.6044647 0.662549 -0.439035 -0.608147 0.6613665 -0.3306648 -0.6905017 0.6433259 -0.5838074 -0.4634217 0.6666403 -0.584936 -0.4611341 0.667237 -0.6800279 -0.296096 0.6707378 -0.6798712 -0.2969062 0.6705385 -0.7332653 -0.1002036 0.6725187 -0.733071 -0.09710574 0.6731845 -0.7327889 0.1009159 0.6729312 -0.7340247 0.09723216 0.6721262 -0.6814111 0.294242 0.6701496 -0.6773351 0.3002829 0.6716007 -0.5808461 0.4655517 0.6677421 -0.5854505 0.4615212 0.6665177 -0.44397 0.6031354 0.6626601 -0.4451225 0.6025748 0.6623969 -0.2765579 0.6993891 0.6590681 -0.2794775 0.698827 0.6584324 -0.09437412 0.7483333 0.656575 -0.09073925 0.7480744 0.657382 0.0943104 0.7478198 0.6571691 0.09085333 0.7490071 0.6563034 0.2767133 0.6997847 0.6585828 0.2825116 0.695867 0.6602699 0.4435458 0.6025548 0.6634719 0.4443907 0.6015868 0.6637849 0.5805869 0.4653435 0.6681126 0.5795297 0.4674853 0.667535 0.6804841 0.2938432 0.6712657 0.679018 0.3010365 0.6695607 0.7333162 0.100988 0.6723457 0.7330716 0.09709781 0.673185 0.7328487 -0.1001472 0.672981 0.7338399 -0.09719967 0.6723327 0.6801367 -0.2961415 0.6706074 0.6796729 -0.2968274 0.6707744 0.5835313 -0.4632074 0.6670309 0.5790542 -0.4671104 0.6682097 0.3304013 -0.6896961 0.6443247 0.4385171 -0.6074296 0.6623687 0.1204134 -0.992724 0 0.3657883 -0.9306981 0 0.3761581 -0.9265528 -0.002242028 0.4315904 -0.9020697 0 0.5853267 -0.8107975 0 0.5853315 -0.8107942 0 0.7783259 -0.6278605 0 0.7783266 -0.6278597 0 0.9164183 -0.4002218 0 0.9164218 -0.4002137 0 0.9913421 -0.1313049 0 0.9913399 -0.131322 0 0.9913398 0.1313222 0 0.9913421 0.1313046 0 0.9141879 0.405291 0 0.9141849 0.4052976 0 0.7783327 0.6278521 0 0.778333 0.6278518 0 0.5941666 0.8043421 0 0.5941629 0.8043448 0 0.376163 0.9265536 0 0.3761634 0.9265534 0 0.1204134 0.992724 0 0.1204144 0.9927237 0 -0.1204144 0.9927238 0 -0.1204134 0.992724 0 -0.3713321 0.9285001 0 -0.3713297 0.9285012 0 -0.5941625 0.8043451 0 -0.5941588 0.8043479 0 -0.7853217 0.6190879 0 -0.7853177 0.6190931 0 -0.9141943 0.4052763 0 -0.9141881 0.4052904 0 -0.9913398 0.1313222 0 -0.991341 0.1313133 0 -0.9913409 -0.1313135 0 -0.9913399 -0.131322 0 -0.9164216 -0.4002146 0 -0.9164283 -0.4001992 0 -0.7853108 -0.6191018 0 -0.7853156 -0.6190956 0 -0.5853226 -0.8108006 0 -0.5853274 -0.8107972 0 -0.3988661 -0.9170093 0 -0.371325 -0.9285023 -0.001196265 -0.3657917 -0.9306968 0 -0.1204134 -0.992724 0 -0.1204144 -0.9927237 0 0.1204144 -0.9927238 0 -0.3305116 -0.6905423 0.643361 -0.5838057 -0.4634282 0.6666373 -0.5877519 -0.455348 0.6687346 -0.6804854 -0.2938485 0.6712621 -0.6790157 -0.3010268 0.6695675 -0.7333168 -0.1009836 0.6723458 -0.7330694 -0.09711337 0.6731852 -0.73279 0.1009198 0.6729295 -0.7340279 0.09722435 0.6721239 -0.6814079 0.2942469 0.6701509 -0.6773381 0.3002834 0.6715975 -0.5828276 0.4626432 0.6680369 -0.5895377 0.456748 0.6662031 -0.3304538 0.690555 0.6433772 -0.4390318 0.6081586 0.6613579 -0.442331 0.6044573 0.6625517 -0.2765592 0.6993859 0.659071 0.441802 -0.6037344 0.663563 0.2763537 -0.6988669 0.6597074 0.283182 -0.6975389 0.6582155 0.09437149 -0.7483361 0.6565722 0.09074604 -0.7480673 0.6573891 -0.094307 -0.7478245 0.6571642 -0.09085625 -0.749007 0.6563031 -0.276714 -0.6997815 0.6585858 -0.279188 -0.6981157 0.6593092 -0.442331 -0.6044574 0.6625516 -0.4390302 -0.6081593 0.6613584 0.3302273 0.6899358 0.6441572 0.5828801 0.4626852 0.667962 0.5830887 0.462264 0.6680716 0.6804868 0.2938448 0.6712623 0.6790176 0.30102 0.6695686 0.733317 0.1009834 0.6723456 0.7330694 0.09711337 0.6731852 0.7327901 -0.1009112 0.6729306 0.734026 -0.09724009 0.6721236 0.6814097 -0.2942428 0.6701508 0.6773398 -0.3002771 0.6715984 0.5828269 -0.4626465 0.6680353 0.583186 -0.4623326 0.6679391 0.330168 -0.6899578 0.6441641 0.438511 -0.6074399 0.6623632 -0.2794709 0.6988277 0.6584345 -0.09437251 0.7483364 0.6565718 -0.0907433 0.7480757 0.6573801 0.09430688 0.7478245 0.6571642 0.09085702 0.7489984 0.6563127 0.2767153 0.699782 0.6585848 0.2825024 0.6958744 0.6602661 0.4418019 0.6037343 0.6635631 0.4385108 0.6074398 0.6623633 0.1204203 -0.9927231 0 0.3657908 -0.9306972 0 0.3761538 -0.9265546 -0.002242624 0.4315894 -0.9020702 0 0.5853255 -0.8107985 0 0.5853262 -0.810798 0 0.7836213 -0.6212389 0 0.7836298 -0.6212281 0 0.9141949 -0.4052751 0 0.9141884 -0.4052898 0 0.9913398 -0.1313219 0 0.9913398 -0.1313218 0 0.9913398 0.1313219 0 0.9913398 0.1313218 0 0.9141884 0.4052898 0 0.9141949 0.4052749 0 0.7836297 0.6212284 0 0.7836215 0.6212386 0 0.5853255 0.8107985 0 0.5853262 0.810798 0 0.4315876 0.902071 0 0.3761532 0.9265549 -0.002242565 0.3657905 0.9306973 0 0.1204197 0.9927232 0 0.1204218 0.9927229 0 -0.1204178 0.9927234 0 -0.1204221 0.9927229 0 -0.3657839 0.9306999 0 -0.3713179 0.9285051 -0.001195311 -0.3988819 0.9170023 0 -0.5853176 0.8108041 0 -0.5853262 0.810798 0 -0.7905164 0.6124411 0 -0.7905167 0.6124405 0 -0.9141884 0.4052898 0 -0.914195 0.4052746 0 -0.9913421 0.1313044 0 -0.9913398 0.1313218 0 -0.9913398 -0.1313219 0 -0.9913421 -0.1313044 0 -0.9141949 -0.4052751 0 -0.9141884 -0.4052895 0 -0.7905164 -0.6124411 0 -0.7905167 -0.6124405 0 -0.5853255 -0.8107985 0 -0.585318 -0.8108038 0 -0.3988819 -0.9170023 0 -0.3713178 -0.9285051 -0.001195549 -0.3657836 -0.9307 0 -0.1204218 -0.9927229 0 -0.1204181 -0.9927234 0 0.1204223 -0.9927229 0 -0.5144704 -0.5376284 0.6680389 -0.5815106 -0.4660769 0.6667966 -0.5842328 -0.4605692 0.6682426 -0.6804839 -0.2938493 0.6712633 -0.6790249 -0.3010237 0.6695595 -0.7333132 -0.1009876 0.672349 -0.7328482 0.1001471 0.6729816 -0.7338342 0.09720611 0.672338 -0.6801375 0.2961404 0.6706072 -0.6796739 0.2968235 0.6707752 -0.5835316 0.4632053 0.6670321 -0.5854385 0.461526 0.6665251 -0.4405571 0.6060726 0.6622579 -0.4383073 0.6071472 0.6627662 -0.276561 0.6993864 0.6590696 -0.2794756 0.6988298 0.6584302 -0.09437066 0.7483358 0.6565728 -0.09073978 0.748071 0.6573858 0.09430652 0.7478229 0.657166 0.09085428 0.7490075 0.6563028 0.2767148 0.6997823 0.6585847 0.2825101 0.695871 0.6602663 0.439827 0.6050638 0.6636641 0.4381582 0.6069512 0.6630442 0.5828772 0.4626911 0.6679605 0.5802321 0.4680563 0.6665239 0.6800277 0.2960896 0.6707409 0.6798645 0.2969058 0.6705455 0.7332687 0.1002085 0.6725142 0.7330699 0.09710478 0.6731859 0.7327902 -0.1009204 0.6729291 0.7340286 -0.09723269 0.6721218 0.6814112 -0.2942392 0.6701508 0.6773387 -0.3002845 0.6715963 0.5808461 -0.4655487 0.6677442 0.5790635 -0.4671084 0.668203 0.5136576 -0.5371763 0.6690274 0.4440772 -0.6011546 0.6643859 0.4418024 -0.6037365 0.6635609 0.2763538 -0.6988683 0.6597058 0.2831811 -0.6975383 0.6582164 0.09074848 -0.7480709 0.6573848 -0.094307 -0.7478222 0.6571668 -0.0908581 -0.7490062 0.6563037 -0.2767165 -0.6997798 0.6585865 -0.4423292 -0.6044608 0.6625496 -0.4446098 -0.6018912 0.663362 0.1204226 -0.9927228 0 0.3794419 -0.9252157 0 0.376153 -0.9265573 7.18294e-4 0.3574942 -0.9339154 0 0.5941666 -0.8043421 0 0.5941629 -0.8043448 0 0.7783286 -0.6278573 0 0.778333 -0.6278518 0 0.9141911 -0.4052836 0 0.9141849 -0.4052976 0 0.9913398 -0.1313222 0 0.9913421 -0.1313046 0 0.9913423 0.1313037 0 0.9913399 0.131321 0 0.9164172 0.4002246 0 0.9164236 0.4002099 0 0.7783296 0.627856 0 0.7783254 0.6278613 0 0.5853214 0.8108014 0 0.5853258 0.8107982 0 0.37616 0.9265547 0 0.1204144 0.9927238 0 0.1204155 0.9927237 0 -0.1204134 0.992724 0 -0.3713292 0.9285014 0 -0.5853214 0.8108014 0 -0.5853258 0.8107982 0 -0.7853143 0.6190973 0 -0.7853187 0.6190919 0 -0.9164203 0.4002172 0 -0.9164205 0.4002171 0 -0.9913423 0.1313037 0 -0.9913399 0.131321 0 -0.9913398 -0.1313222 0 -0.9913421 -0.1313046 0 -0.9141879 -0.405291 0 -0.9141881 -0.4052904 0 -0.7853217 -0.6190879 0 -0.7853177 -0.6190931 0 -0.5941666 -0.8043421 0 -0.5941629 -0.8043448 0 -0.328652 -0.9444511 0 -0.3713218 -0.9285026 0.001772642 -0.3794454 -0.9252142 0 -0.1204214 -0.9927229 0 -0.1204216 -0.9927229 0 0.1204234 -0.9927227 0 0.3666076 0.9303757 0 0.1231109 0.9923929 0 -0.1231124 0.9923928 0 -0.1231109 0.9923929 0 -0.3665995 0.9303789 0 -0.3666076 0.9303757 0 -0.5945504 0.8040584 0 -0.5945563 0.804054 0 -0.7801163 0.6256346 0 -0.9185705 0.3952574 0 -0.9185751 0.3952467 0 -0.9909502 0.13423 0 -0.9909519 0.1342175 0 -0.9912737 -0.1318203 0 -0.9912721 -0.1318325 0 -0.9156886 -0.4018888 0 -0.9156839 -0.4018994 0 -0.7870724 -0.6168607 0 -0.7870725 -0.6168605 0 -0.5830746 -0.8124187 0 -0.5830687 -0.8124229 0 -0.3666077 -0.9303756 0 -0.3665993 -0.930379 0 -0.1231003 -0.9923942 0 -0.1231018 -0.992394 0 0.1231003 -0.9923942 0 0.3666077 -0.9303756 0 0.3666034 -0.9303773 0 0.5919167 -0.8059991 0 0.5919166 -0.8059992 0 0.7780202 -0.6282393 0 0.7780204 -0.6282392 0 0.9156886 -0.4018888 0 0.9156839 -0.4018994 0 0.9912704 -0.1318449 0 0.9912721 -0.1318325 0 0.9909502 0.13423 0 0.9909485 0.1342425 0 0.9185705 0.3952574 0 0.9185751 0.3952467 0 0.7708916 0.6369664 0 0.6033836 0.7974511 0 0.6033837 0.797451 0 0.3666036 0.9303773 0 0.6033837 -0.797451 0 0.7708854 -0.6369739 0 0.7708916 -0.6369664 0 0.9185733 -0.3952508 0 0.9909486 -0.1342426 0 0.9909494 -0.1342363 0 0.9912714 0.1318373 0 0.9912707 0.1318435 0 0.9156904 0.4018846 0 0.7780117 0.6282499 0 0.7780057 0.6282573 0 0.5919238 0.805994 0 0.5919298 0.8059896 0 0.3665901 0.9303826 0 0.3665941 0.930381 0 0.1231018 0.992394 0 -0.1231003 0.9923942 0 -0.1231018 0.992394 0 -0.3665901 0.9303826 0 -0.3665941 0.930381 0 -0.5830817 0.8124135 0 -0.5830875 0.8124094 0 -0.7870641 0.6168712 0 -0.9156904 0.4018846 0 -0.9156857 0.4018954 0 -0.9912723 0.1318311 0 -0.9909502 -0.13423 0 -0.9909502 -0.13423 0 -0.9185688 -0.3952614 0 -0.9185733 -0.3952508 0 -0.7801163 -0.6256346 0 -0.594562 -0.8040497 0 -0.5945563 -0.804054 0 -0.3666128 -0.9303736 0 -0.3666085 -0.9303753 0 0.1231018 -0.992394 0 0.3666128 -0.9303736 0 0.3666085 -0.9303753 0 0.6033896 -0.7974466 0 -0.9909486 -0.1342424 0 -0.9185742 -0.3952487 0 -0.9185651 -0.3952698 0 -0.7870752 -0.6168571 0 -0.7870754 -0.6168569 0 -0.5830759 -0.8124178 0 -0.5830757 -0.8124179 0 -0.3665988 -0.9303792 0 -0.3665986 -0.9303793 0 -0.123103 -0.9923939 0 -0.1231029 -0.9923939 0 0.1231063 -0.9923935 0 0.366599 -0.9303792 0 0.3665991 -0.930379 0 0.591912 -0.8060026 0 0.5919359 -0.8059851 0 0.7780168 -0.6282435 0 0.778005 -0.6282582 0 0.9185742 -0.3952485 0 0.9185652 -0.3952696 0 0.990952 -0.1342173 0 0.9909519 -0.1342174 0 0.990952 0.1342173 0 0.9185651 0.3952698 0 0.9185742 0.3952485 0 0.7780048 0.6282584 0 0.778017 0.6282433 0 0.5919356 0.8059853 0 0.5919119 0.8060027 0 0.3665984 0.9303793 0 0.1231063 0.9923935 0 -0.1231036 0.9923939 0 -0.1231036 0.9923939 0 -0.3665988 0.9303792 0 -0.3665986 0.9303793 0 -0.5830757 0.8124179 0 -0.5830755 0.812418 0 -0.7870755 0.6168568 0 -0.7870754 0.6168569 0 -0.9185652 0.3952696 0 -0.9185742 0.3952487 0 -0.9909486 0.1342424 0 -0.990952 0.1342173 0 -0.990952 -0.1342173 0 5.25561e-7 0 -1 0 0 -1 0 0 -1 0 0 -1 0 0 -1 0 0 -1 0 0 -1 0 0 -1 0 0 -1 0 0 -1 0 0 -1 0 0 -1 0 0 -1 0 0 -1 0 0 -1 0 0 -1 -1.48535e-7 0 -1 -3.33474e-7 0 -1 1.67515e-6 0 -1 2.22156e-6 0 -1 -3.75073e-7 0 -1 0 0 -1 -2.03981e-7 0 -1 0 0 -1 0 0 -1 0 0 -1 2.14444e-7 0 -1 0 0 -1 4.19758e-7 0 -1 0 0 -1 0 0 -1 1.01361e-6 0 -1 0 0 -1 0 0 -1 0 0 -1 0 0 -1 0 0 -1 -3.21633e-7 0 -1 0 0 -1 0 0 -1 0 0 -1 0 0 -1 0 0 -1 -5.36058e-7 0 -1 2.11811e-7 0 -1 2.01679e-7 0 -1 -5.39875e-7 0 -1 0 0 -1 -7.45651e-7 0 -1 -1.96959e-7 0 -1 3.77639e-7 0 -1 -4.03357e-7 0 -1 2.1034e-7 0 -1 -1.64171e-7 0 -1 7.28942e-7 0 -1 -5.69833e-7 0 -1 0 0 -1 -5.69833e-7 0 -1 0 0 -1 0 0 -1 0 0 -1 -2.58437e-7 0 -1 4.00808e-7 0 -1 1.28952e-6 0 -1 -1.60125e-6 0 -1 2.13317e-6 0 -1 0 0 -1 0 0 -1 2.02872e-7 0 -1 -3.33209e-6 0 -1 -1.86985e-6 0 -1 0 0 -1 -3.38987e-7 0 -1 0 0 -1 -2.17397e-6 0 -1 3.20813e-6 0 -1 -1.27857e-7 0 -1 4.96461e-7 0 -1 -2.9667e-7 0 -1 1.55562e-7 0 -1 0 0 -1 0 0 -1 2.16936e-7 0 -1 0 0 -1 -2.16936e-7 0 -1 4.51712e-7 0 -1 3.62864e-6 0 -1 -1.64267e-7 0 -1 0 0 -1 -1.66755e-7 0 -1 0 0 -1 0 0 -1 0 0 -1 0 0 -1 0 0 -1 0 0 -1 7.96408e-7 0 -1 0 0 -1 1.58141e-7 0 -1 -4.29701e-6 0 -1 7.44061e-7 0 -1 0 0 -1 -3.40735e-7 0 -1 8.43947e-7 0 -1 0 0 -1 -1.84582e-6 0 -1 4.71935e-7 0 -1 -5.12002e-7 0 -1 0 0 -1 2.79158e-6 0 -1 -4.00282e-6 0 -1 -3.96008e-7 0 -1 1.67683e-6 0 -1 1.33485e-7 0 -1 2.1527e-7 0 -1 -3.20654e-7 0 -1 0 0 -1 0 0 -1 1.67825e-7 0 -1 -1.45823e-7 0 -1 5.24011e-7 0 -1 -8.965e-7 0 -1 8.30275e-7 0 -1 1.04409e-6 0 -1 5.07383e-7 0 -1 1.27606e-7 0 -1 -9.03884e-7 0 -1 -1.55055e-7 0 -1 0 0 -1 0 0 -1 -4.40097e-7 0 -1 0 0 -1 2.02883e-7 0 -1 0 0 -1 0 0 -1 0 0 -1 -2.86097e-7 0 -1 2.82288e-7 0 -1 -8.90898e-7 0 -1 1.25714e-6 0 -1 0 0 -1 1.82068e-7 0 -1 2.45239e-7 0 -1 1.85606e-6 0 -1 -6.28054e-7 0 -1 0 0 -1 -6.70933e-7 0 -1 0 0 -1 0 0 -1 -3.31665e-7 0 -1 0 0 -1 1.53894e-6 0 1 0 0 1 1.26092e-7 0 1 0 0 1 0 0 1 1.63343e-6 0 1 0 0 1 0 0 1 0 0 1 0 0 1 0 0 1 0 0 1 0 0 1 -4.83515e-7 0 1 0 0 1 0 0 1 0 0 1 0 0 1 0 0 1 0 0 1 0 0 1 -3.10595e-7 0 1 0 0 1 0 0 1 0 0 1 -1.55297e-7 0 1 -1.46851e-7 0 1 3.9403e-7 0 1 -2.43237e-7 0 1 -3.34255e-7 0 1 8.29456e-7 0 1 -1.19695e-6 0 1 8.44166e-7 0 1 -3.9403e-7 0 1 -7.2798e-7 0 1 1.47313e-6 0 1 5.01382e-7 0 1 -1.06525e-6 0 1 1.21755e-6 0 1 1.90359e-7 0 1 1.71865e-7 0 1 0 0 1 -1.47313e-6 0 1 2.87805e-6 0 1 -1.3397e-6 0 1 1.41538e-7 0 1 2.3349e-7 0 1 0 0 1 -9.53768e-7 0 1 1.10917e-6 0 1 1.42644e-6 0 1 -9.72037e-7 0 1 9.75465e-7 0 1 -4.65033e-7 0 1 -1.67129e-7 0 1 8.29441e-7 0 1 -1.24226e-6 0 1 7.56481e-7 0 1 -2.06526e-7 0 1 3.99789e-7 0 1 -5.78061e-7 0 1 1.94696e-7 0 1 0 0 1 0 0 1 0 0 1 -5.44755e-7 0 1 3.23019e-7 0 1 1.53111e-7 0 1 -1.02347e-6 0 1 -2.691e-7 0 1 0 0 1 7.18158e-7 0 1 -4.14426e-7 0 1 -2.62173e-7 0 1 5.0561e-7 0 1 1.06989e-6 0 1 4.1139e-6 0 1 1.2587e-7 0 1 -1.20528e-7 0 1 4.97388e-7 0 1 -5.55916e-7 0 1 0 0 1 1.09662e-4 0 1 -1.31628e-6 0 1 1.14205e-6 0 1 0 0 1 0 0 1 0 0 1 0 0 1 0 0 1 -1.93716e-6 0 1 1.48568e-6 0 1 -1.81095e-6 0 1 0 0 1 -3.82218e-6 0 1 1.72182e-7 0 1 -2.54701e-7 0 1 8.17133e-7 0 1 -1.29209e-6 0 1 -2.60068e-7 0 1 -4.54394e-7 0 1 -1.03998e-6 0 1 -3.28468e-7 0 1 1.54403e-7 0 1 0 0 1 -1.4678e-7 0 1 1.81583e-7 0 1 1.79163e-7 0 1 0 0 1 3.58967e-6 0 1 1.58142e-7 0 1 -4.65038e-7 0 1 5.86784e-7 0 1 0 0 1 0 0 1 0 0 1 -1.46223e-7 0 1 0 0 1 -1.62477e-6 0 1 1.91653e-6 0 1 -3.80121e-6 0 1 9.91328e-7 0 1 1.48382e-7 0 1 2.51322e-7 0 1 -2.51322e-7 0 1 0 0 1 1.85598e-6 0 1 -1.297e-6 0 1 3.19844e-7 0 1 -1.77275e-7 0 1 3.26276e-7 0 1 0 0 1 7.45602e-7 0 1 -1.62477e-6 0 1 1.75114e-6 0 1 7.71e-7 0 1 -6.35986e-7 0 1 -5.47182e-7 0 1 0 0 1 0 0 1 9.23509e-7 0 1 -1.20263e-7 0 1 7.9977e-7 0 1 -1.12676e-6 0 1 -3.62055e-6 0 1 4.84754e-6 0 1 1.38926e-7 0 1 -1.58975e-7 0 1 0 0 1 -2.68087e-7 0 1 -2.5947e-6 0 1 3.83395e-7 0 1 -1.5218e-7 0 1 -1.70554e-7 0 1 7.56489e-7 0 1 -2.30479e-7 0 1 4.01661e-7 0 1 4.4055e-7 0 1 -1.45184e-7 0 1 -3.19042e-7 0 1 0 0 1 0 0 1 -5.49837e-7 0 1 5.37724e-6 0 1 1 0 0 1 0 0 1 9.98612e-7 0 0.1318771 0.9912661 0 0.1309676 0.9913864 -6.89229e-4 0.1332738 0.9910793 -2.17201e-4 0.1333422 0.99107 4.44066e-4 0.133357 0.991068 4.34674e-4 0.1332935 0.9910766 -1.98719e-4 0.1297435 0.9915472 -9.59609e-4 0.1319704 0.9912537 0 -0.9659136 0.2588649 0 -0.9659135 0.2588653 0 -0.9658876 0.258962 0 -0.9658877 0.2589612 0 -0.987718 0.1562472 0 -0.9877136 0.156275 7.61125e-5 -0.9876301 0.1568021 -3.02478e-5 -0.9876288 0.1568101 0 -0.9986295 0.05233794 0 -0.9986294 0.05233937 0 -0.9986338 0.05225634 0 -0.9986259 0.05240142 6.89062e-4 -0.9985989 0.05291444 5.88256e-4 -0.9986709 0.05154097 0 -0.9985993 -0.05291056 0 -0.9986702 -0.05154663 8.59453e-4 -0.9986335 -0.0522558 7.1781e-4 -0.9986261 -0.05240297 0 -0.9986295 -0.05233794 0 -0.9986294 -0.05233937 0 -0.9876421 -0.1567263 0 -0.9876562 -0.1566373 2.72397e-4 -0.9876814 -0.1564788 2.40262e-4 -0.9876715 -0.1565408 0 -0.9658875 -0.2589621 0 -0.9659136 -0.2588649 0 -0.9659138 -0.2588644 0 0.1297618 -0.9915453 0 0.1319704 -0.9912536 -4.82261e-4 0.1333572 -0.991068 -1.90647e-4 0.1332942 -0.9910764 4.53079e-4 0.1332741 -0.9910792 4.55697e-4 0.1333427 -0.99107 -1.95552e-4 0.1318768 -0.991266 -4.9921e-4 0.1309677 -0.9913866 0 3.00691e-7 0 1 -3.40358e-7 0 1 -6.80617e-7 0 1 2.40533e-6 0 1 -8.38597e-7 0 1 -1.59714e-7 0 1 0 0 1 6.67721e-7 0 1 -2.33581e-7 0 1 1.83922e-6 0 1 -2.40992e-7 0 1 2.08106e-7 0 1 2.45219e-7 0 1 0 0 1 0 0 1 -1.47181e-7 0 1 2.0564e-7 0 1 -2.99178e-6 0 1 8.06743e-7 0 1 -2.92435e-7 0 1 2.79071e-7 0 1 0 0 1 -1.21899e-6 0 1 7.14106e-7 0 1 9.47437e-7 0 1 -8.21945e-7 0 1 -3.57053e-7 0 1 1.46831e-7 0 1 0 0 1 5.58986e-7 0 1 -3.45746e-7 0 1 2.01336e-7 0 1 -2.78576e-7 0 1 2.66617e-6 0 1 0 0 1 4.463e-7 0 1 -4.74193e-7 0 1 1.42138e-6 0 1 -5.76047e-7 0 1 1.75015e-7 0 1 2.64714e-6 0 1 -1.97387e-6 0 1 -9.48216e-7 0 1 -5.92179e-7 0 1 -2.67782e-7 0 1 -1.87336e-7 0 1 2.1524e-7 0 1 0 0 1 -2.23541e-7 0 1 -2.24698e-7 0 1 1.81856e-7 0 1 -2.51441e-7 0 1 -6.62228e-7 0 1 0 0 1 -7.44818e-7 0 1 -4.95963e-7 0 1 5.89489e-6 0 1 9.00823e-7 0 1 3.92524e-7 0 1 3.71369e-7 0 1 -2.29622e-7 0 1 5.56176e-7 0 1 -2.02324e-7 0 1 -2.08106e-7 0 1 -2.4522e-7 0 1 -1.44058e-6 0 1 0 0 1 0 0 1 1.78614e-7 0 1 1.6896e-7 0 -1 -2.35414e-7 0 -1 2.21932e-7 0 -1 2.95337e-6 0 -1 -5.17026e-6 0 -1 -1.17206e-4 0 -1 2.18336e-7 0 -1 2.55093e-7 0 -1 -2.88634e-6 0 -1 -2.56961e-7 0 -1 -1.84207e-7 0 -1 2.22471e-7 0 -1 -2.24726e-7 0 -1 2.22658e-7 0 -1 -2.22e-7 0 -1 2.25729e-7 0 -1 0 0 -1 2.95263e-7 0 -1 -4.91871e-7 0 -1 8.13599e-7 0 -1 3.02511e-7 0 -1 -2.61339e-7 0 -1 7.7749e-7 0 -1 6.91483e-7 0 -1 -2.5082e-7 0 -1 -2.84867e-7 0 -1 -1.75839e-6 0 -1 1.24766e-6 0 -1 2.23205e-6 0 -1 4.08633e-7 0 -1 0 0 -1 1.05676e-6 0 -1 -2.20254e-7 0 -1 -2.44976e-7 0 -1 1.54053e-7 0 -1 0 0 -1 -5.09359e-7 0 -1 1.99208e-7 0 -1 -5.33888e-7 0 -1 1.92473e-7 0 -1 -2.59788e-7 0 -1 -2.32187e-6 0 -1 3.00987e-7 0 -1 0 0 -1 -2.17176e-7 0 -1 0 0 -1 0 0 -1 2.44976e-7 0 -1 -2.74949e-7 0 -1 4.10623e-7 0 -1 0.5711243 -0.8208636 0 0.3917701 -0.9200631 0 0.3917703 -0.9200632 0 0.1993067 -0.9799372 0 0.1993066 -0.9799372 0 0 -1 0 -0.1993063 -0.9799373 0 -0.1993064 -0.9799373 0 -0.3917695 -0.9200634 0 -0.3917695 -0.9200634 0 -0.5711243 -0.8208637 0 -0.571124 -0.8208639 0 -0.7281022 -0.6854687 0 -0.7281025 -0.6854684 0 -0.8560139 -0.5169529 0 -0.8560142 -0.5169525 0 -0.9468959 -0.3215406 0 -0.9940556 -0.1088739 0 -0.9940557 -0.1088727 0 -0.9940557 0.1088727 0 -0.9940556 0.1088739 0 -0.946896 0.3215399 0 -0.9468961 0.3215399 0 -0.8560143 0.5169524 0 -0.8560139 0.5169528 0 -0.7281026 0.6854682 0 -0.7281023 0.6854685 0 -0.5711243 0.8208636 0 -0.5711243 0.8208636 0 -0.3917699 0.9200633 0 -0.199307 0.9799371 0 -0.199307 0.9799372 0 0 1 0 0.1993067 0.9799372 0 0.1993066 0.9799372 0 0.3917692 0.9200636 0 0.5711244 0.8208636 0 0.5711243 0.8208637 0 0.7281025 0.6854683 0 0.7281023 0.6854686 0 0.8560138 0.516953 0 0.9468958 0.3215405 0 0.946896 0.32154 0 0.9940557 0.1088733 0 0.9940556 0.1088739 0 0.9940556 -0.1088739 0 0.9940556 -0.1088733 0 0.9468963 -0.3215394 0 0.9468964 -0.3215389 0 0.856014 -0.5169527 0 0.7281019 -0.6854689 0 0.7281025 -0.6854683 0 0.571124 -0.8208639 0 0.5767812 -0.8168988 0 0.3852679 -0.9228049 0 0.1784402 -0.9839508 0 0.1784401 -0.9839508 0 -0.03614932 -0.9993465 0 -0.2479209 -0.9687803 0 -0.2479209 -0.9687803 0 -0.4512145 -0.8924156 0 -0.6360164 -0.7716757 0 -0.6360163 -0.7716757 0 -0.7919347 -0.610606 0 -0.7919349 -0.6106055 0 -0.9098975 -0.4148333 0 -0.9098973 -0.4148339 0 -0.9809491 -0.1942649 0 -0.9992207 0.03947049 0 -0.9992207 0.03947049 0 -0.9630995 0.2691456 0 -0.9630994 0.2691463 0 -0.8754258 0.4833526 0 -0.7432791 0.6689814 0 -0.7432788 0.6689819 0 -0.5767812 0.8168988 0 -0.3852679 0.9228049 0 -0.1784402 0.9839508 0 -0.1784402 0.9839508 0 0.03614926 0.9993464 0 0.03614926 0.9993465 0 0.2479209 0.9687803 0 0.2479211 0.9687803 0 0.451214 0.8924158 0 0.4512142 0.8924157 0 0.6360167 0.7716754 0 0.6360163 0.7716757 0 0.7919353 0.6106052 0 0.7919349 0.6106056 0 0.909897 0.4148344 0 0.909897 0.4148344 0 0.9809492 0.1942642 0 0.9809492 0.1942642 0 0.9992207 -0.03947049 0 0.9992209 -0.03946983 0 0.9630993 -0.2691463 0 0.8754261 -0.483352 0 0.8754258 -0.4833525 0 0.7432791 -0.6689814 0 0.7432788 -0.6689819 0 0.576781 -0.816899 0 0.6913793 -0.722492 0 0.2502235 -0.9681881 0 0.2502243 -0.968188 0 -0.2485219 -0.9686263 0 -0.2485203 -0.9686267 0 -0.6949674 -0.7190412 0 -0.6949657 -0.719043 0 -0.9624049 -0.2716189 0 -0.9629183 0.2697935 0 -0.6913829 0.7224886 0 -0.6913847 0.7224869 0 -0.2485142 0.9686283 0 -0.2485134 0.9686285 0 0.2502157 0.9681902 0 0.2502157 0.9681902 0 0.687781 0.7259183 0 0.6877862 0.7259134 0 0.9629183 0.2697935 0 0.9629192 0.2697903 0 0.9624059 -0.2716157 0 0.9624049 -0.2716189 0 0.6913844 -0.7224871 0 0.184368 -0.7133733 0.6760969 0.5033611 -0.5509651 0.6656315 0.5214229 -0.5448829 0.6566741 0.313694 -0.6793425 0.6633929 0.2749357 -0.6941596 0.6652465 -0.1856864 -0.7237219 0.6646407 0.08598619 -0.7611906 0.6428028 0.09566527 -0.760582 0.6421551 0.6443354 -0.3682267 0.6702545 0.6452331 -0.3666499 0.6702553 0.7063037 -0.1993339 0.6792651 0.7263552 -0.1658094 0.6670199 0.7213535 0.2021057 0.6624217 0.7213417 0.2020195 0.6624608 0.5201979 0.5490378 0.6541802 0.521839 0.5453197 0.6559807 0.1903886 0.7366918 0.648874 0.1891683 0.7376087 0.6481889 -0.1892409 0.7375972 0.6481808 -0.1891626 0.7375878 0.6482142 -0.5225719 0.5460787 0.6547647 -0.5225667 0.5460807 0.6547672 -0.7213104 0.2020995 0.6624705 -0.7213651 0.2020251 0.6624336 -0.721133 -0.2035254 0.662227 -0.7209655 -0.2019129 0.6629026 -0.5241953 -0.5423567 0.6565581 -0.5225675 -0.5460792 0.6547677 -0.2207938 -0.7246315 0.6528088 0.2502227 0.9681884 0 0.9624059 0.2716157 0 0.9629192 -0.2697903 0 0.687785 -0.7259145 0 0.2502188 -0.9681894 0 0.2502196 -0.9681891 0 -0.2485173 -0.9686275 0 -0.2485172 -0.9686275 0 -0.6913852 -0.7224864 0 -0.6913869 -0.7224848 0 -0.9629192 -0.2697903 0 -0.9624059 0.2716157 0 -0.6949674 0.7190412 0 -0.6949657 0.719043 0 -0.2485211 0.9686264 0 0.2502235 0.9681881 0 0.5037753 0.5264433 0.6848854 0.2057452 0.7224389 0.6601145 0.1902288 0.736051 0.6496476 0.3953993 0.6328907 0.6656642 0.4387573 0.5981814 0.6705752 0.7063047 0.1993402 0.6792623 0.5967025 0.4652163 0.6538502 0.5930601 0.4706426 0.6532805 -0.0256623 0.752489 0.6581047 -0.02834409 0.752428 0.6580644 -0.1856864 0.7237219 0.6646407 -0.2207948 0.7246334 0.6528064 -0.5255329 0.5437409 0.6543403 -0.5218383 0.5453189 0.655982 -0.7204068 0.2033163 0.6630811 -0.7213642 0.202027 0.662434 -0.7213488 -0.2021104 0.6624253 -0.7213414 -0.2020173 0.6624619 -0.5225674 -0.5460751 0.6547713 -0.5225673 -0.5460825 0.654765 -0.1892331 -0.7375608 0.6482245 -0.1891691 -0.7376098 0.6481874 0.190576 -0.7374058 0.6480073 0.1890687 -0.7372195 0.6486606 0.5188792 -0.5476481 0.6563887 0.5225659 -0.546081 0.6547676 0.7213105 -0.2020958 0.6624715 0.7213636 -0.2020246 0.6624354 0.7263559 0.1658095 0.6670191 -0.9624079 -0.2716085 0 -0.9624079 0.2716085 0 -0.9624061 0.271615 0 -0.6949673 0.7190414 0 -0.6949604 0.7190481 0 -0.2485209 0.9686266 0 -0.2485225 0.9686262 0 0.2502238 0.9681881 0 0.6913756 0.7224956 0 0.691379 0.7224923 0 0.9624079 0.2716085 0 0.9624097 0.2716019 0 0.9624097 -0.2716019 0 0.9624079 -0.2716085 0 0.6913791 -0.7224923 0 0.6913756 -0.7224956 0 -0.2485224 -0.9686262 0 -0.2485207 -0.9686266 0 -0.6949602 -0.7190483 0 -0.694967 -0.7190417 0 -0.9624061 -0.271615 0 -0.6947648 0.1960751 0.6919946 -0.7168076 -0.1798816 0.6736688 -0.7211342 -0.2035262 0.6622255 -0.7359766 0.03946119 0.675856 -0.7287129 0.08931094 0.6789706 -0.5142533 0.5320783 0.6726339 -0.6805375 0.3200447 0.6591207 -0.6898044 0.301616 0.6581776 -0.6273078 -0.3960838 0.6705242 -0.6214784 -0.4057383 0.6701798 -0.5142534 -0.5320785 0.6726336 -0.4944259 -0.5676102 0.6583022 -0.1892347 -0.7375597 0.6482252 -0.1891674 -0.7376085 0.6481894 0.1905799 -0.7374032 0.6480093 0.1890673 -0.7372187 0.6486618 0.5218358 -0.5453178 0.6559848 0.5218389 -0.5453189 0.6559815 0.7204104 -0.2033128 0.6630783 0.7213628 -0.2020239 0.6624364 0.7211363 0.2035093 0.6622285 0.7209645 0.201917 0.6629026 0.521835 0.5453248 0.6559795 0.521839 0.5453152 0.6559844 0.1903941 0.73669 0.6488744 0.1891676 0.7376101 0.6481874 -0.1892465 0.7375996 0.6481764 -0.1891615 0.7375867 0.648216 -0.4944262 0.5676102 0.658302 -0.3932234 0.4109187 0.8225091 -0.1424247 -0.5581257 0.8174418 -0.540726 -0.1506804 0.8275935 0.5407282 -0.150681 0.827592 0.1424257 -0.5581299 0.8174388 0.1424258 0.5581299 0.8174387 0.5407282 0.150681 0.827592 -0.1424251 0.5581257 0.8174417 0.3932234 0.4109185 0.8225092 0.3932238 -0.4109184 0.8225091 -0.3932239 -0.4109186 0.8225089 -0.5407263 0.1506804 0.8275932 0.6913791 -0.7224922 0 0.2472649 -0.968948 0 0.2472609 -0.968949 0 -0.2472606 -0.968949 0 -0.2472587 -0.9689496 0 -0.6913791 -0.7224923 0 -0.6913832 -0.7224883 0 -0.9632961 -0.2684412 0 -0.9632961 0.2684413 0 -0.9632961 0.2684412 0 -0.6913834 0.7224882 0 -0.6913791 0.7224922 0 -0.247259 0.9689494 0 -0.2472609 0.968949 0 0.2472608 0.968949 0 0.2472647 0.968948 0 0.691379 0.7224923 0 0.6913748 0.7224963 0 0.9632961 0.2684413 0 0.9633005 0.2684254 0 0.9633006 -0.2684254 0 0.9632961 -0.2684412 0 0.691375 -0.7224962 0 -0.142425 -0.5581287 0.8174396 0.5407282 0.1506779 0.8275924 0.393221 -0.410917 0.822511 -0.1424276 0.5581269 0.8174404 0.3932232 0.4109194 0.8225089 -0.5407291 -0.15068 0.8275915 -0.3932237 0.4109165 0.8225101 -0.3932214 -0.4109141 0.8225123 -0.5407282 0.1506815 0.8275917 0.1424276 0.5581269 0.8174404 0.5407278 -0.1506761 0.8275931 0.1424255 -0.5581303 0.8174384 0.2472648 0.968948 0 0.6913779 0.7224933 0 0.6913822 0.7224893 0 0.9632958 0.2684421 0 0.9632981 0.2684342 0 0.9632988 -0.2684313 0 0.9632967 -0.2684392 0 0.6913821 -0.7224893 0 0.691378 -0.7224933 0 0.2472597 -0.9689493 0 0.2472597 -0.9689493 0 -0.2472597 -0.9689493 0 -0.2472597 -0.9689493 0 -0.6913779 -0.7224933 0 -0.6913822 -0.7224893 0 -0.9632967 -0.2684392 0 -0.9632988 -0.2684313 0 -0.9632981 0.2684342 0 -0.9632958 0.2684421 0 -0.6913821 0.7224893 0 -0.691378 0.7224933 0 -0.2472648 0.968948 0 -0.2472648 0.968948 0 0.2472648 0.968948 0 0.5407235 0.1506828 0.8275947 -0.393226 0.4109189 0.8225078 0.1424279 0.5581245 0.8174419 -0.3932265 -0.410916 0.822509 -0.5407266 0.1506837 0.8275925 0.3932257 -0.4109189 0.8225078 -0.1424243 -0.5581312 0.8174381 0.5407276 -0.1506848 0.8275917 0.142425 -0.5581264 0.8174412 -0.5407268 -0.1506847 0.8275922 -0.1424269 0.5581277 0.8174399 0.3932244 0.4109206 0.8225076 -0.9632958 -0.2684421 0 -0.9632962 0.2684407 0 -0.9632984 0.2684327 0 -0.6913822 0.7224893 0 -0.2472628 0.9689485 0 0.2472667 0.9689475 0 0.691378 0.7224933 0 0.9632962 0.2684407 0 0.9632984 0.2684327 0 0.9632981 -0.2684342 0 0.9632958 -0.2684421 0 0.6913809 -0.7224906 0 0.6913808 -0.7224906 0 0.2472617 -0.9689488 0 -0.2472577 -0.9689498 0 -0.691385 -0.7224866 0 -0.691385 -0.7224866 0 -0.9632981 -0.2684342 0 0.6744238 0.04535835 0.73695 -0.3703536 0.5004076 0.7825794 -0.2664284 -0.6129094 0.7438805 -0.3757721 -0.6264153 0.6829343 -0.3640183 -0.6204003 0.6946901 -0.2486857 -0.4918534 0.8344074 -0.2261519 -0.4299756 0.8740575 -0.2647201 -0.5396094 0.7992154 -0.3475536 0.6643833 0.6616656 -0.3657267 0.6435711 0.6723544 -0.3995713 0.5659154 0.7211675 -0.356079 0.6595582 0.6619598 -0.2557271 0.6125265 0.7479405 -0.2545902 0.6082494 0.7518088 0.6896227 -0.05659443 0.7219541 0.6283957 -0.03772956 0.7769784 0.5331587 -0.02106058 0.8457531 0.6455627 0.00495994 0.7636913 0.7057869 0.02192991 0.7080847 0.7199056 0.02672004 0.6935575 0.7379249 0.04297554 0.6735132 0.7277714 0.144125 0.6705049 0.7241072 0.1427922 0.6747438 0.6736835 0.3071406 0.672172 0.6732597 0.306864 0.6727228 0.5883514 0.4536359 0.6693707 0.5896941 0.455045 0.6672293 0.4756954 0.5771575 0.6637794 0.4765305 0.5785578 0.6619589 0.3395552 0.6715748 0.6585512 0.3391569 0.6703687 0.6599837 0.186699 0.7295476 0.6579543 0.1865754 0.728332 0.6593347 0.02721339 0.7523115 0.6582453 0.02727538 0.7517624 0.6588699 -0.1342148 0.7400845 0.6589851 -0.1340371 0.7395581 0.6596121 -0.2759182 0.697204 0.6616463 -0.245216 0.625007 0.7411041 -0.2899639 -0.6175344 0.7311446 -0.3016901 -0.6869326 0.6611405 -0.186699 -0.7295477 0.6579542 -0.1865754 -0.7283321 0.6593346 -0.02721339 -0.7523115 0.6582454 -0.02727538 -0.7517624 0.6588699 0.1342148 -0.7400844 0.6589851 0.1340371 -0.7395582 0.6596119 0.28907 -0.6923872 0.6610889 0.2888147 -0.6919674 0.6616398 0.4309884 -0.6104108 0.6645658 0.4323187 -0.6117946 0.6624259 0.55432 -0.4989111 0.666196 0.5556802 -0.4998033 0.6643917 0.6516485 -0.359797 0.6677578 0.6504378 -0.3593534 0.6691755 0.7131451 -0.1992942 0.6720908 0.7118957 -0.1991471 0.6734576 0.7332227 -0.07234925 0.6761288 0.6743377 -0.06914615 0.7351785 -0.3639578 0.5234922 0.7703835 -0.4429222 0.6030492 0.6634392 -0.5543203 0.4989105 0.6661963 -0.555679 0.4998018 0.6643937 -0.6516466 0.3597972 0.6677594 -0.6504368 0.3593538 0.6691762 -0.7131437 0.1992929 0.6720926 -0.7118966 0.1991463 0.6734568 -0.7376987 0.02913975 0.674501 -0.7371309 0.02920573 0.6751186 -0.7245183 -0.1434821 0.6741559 -0.7239866 -0.143289 0.6747679 -0.6736822 -0.3071387 0.6721742 -0.6732607 -0.3068653 0.6727212 -0.5883514 -0.4536359 0.6693707 -0.5896928 -0.455044 0.6672312 -0.4756971 -0.5771601 0.663776 -0.4765283 -0.5785553 0.6619628 -0.3979947 -0.6349124 0.6621832 -0.3856993 -0.6081787 0.6937973 0.5428823 -0.5110946 -0.6663792 0.5421121 -0.5101382 -0.6677376 0.6347656 -0.3833402 -0.6709121 0.6333933 -0.3822267 -0.6728416 0.6982964 -0.237121 -0.6753931 0.6997521 -0.2378549 -0.6736261 0.7334993 -0.08033663 -0.6749258 0.7341605 -0.08050411 -0.6741866 0.7341675 0.08040899 -0.6741904 0.7334836 0.08043068 -0.6749317 0.6998136 0.2376374 -0.673639 0.6982151 0.2373341 -0.6754024 0.6332801 0.3824419 -0.6728258 0.6348979 0.3831356 -0.6709038 0.542008 0.51027 -0.6677215 0.5430012 0.5109764 -0.666373 0.4276511 0.6146506 -0.6628116 0.426467 0.6133672 -0.6647605 0.2936246 0.6895717 -0.6620239 0.2943376 0.6907672 -0.660459 0.1500073 0.7375459 -0.6584253 0.1505061 0.7389717 -0.6567107 0 0.7544552 -0.6563517 0 0.7544547 -0.6563522 -0.1503046 0.7390037 -0.6567207 -0.1502052 0.7374947 -0.6584376 -0.2941626 0.6908332 -0.6604681 -0.2937932 0.6894894 -0.6620348 -0.4266707 0.6132433 -0.6647443 -0.4274625 0.6147987 -0.662796 -0.5428848 0.5110961 -0.666376 -0.5421131 0.5101396 -0.6677357 -0.634767 0.3833407 -0.6709104 -0.633398 0.3822295 -0.6728355 -0.6983019 0.2371237 -0.6753866 -0.699748 0.2378536 -0.6736308 -0.7334954 0.08033537 -0.6749302 -0.734161 0.08050614 -0.6741858 -0.7341708 -0.08040982 -0.6741866 -0.7334795 -0.08043026 -0.6749362 -0.6998102 -0.2376366 -0.6736428 -0.6982195 -0.2373335 -0.6753979 -0.6332845 -0.3824458 -0.6728195 -0.6349002 -0.383136 -0.6709013 -0.5420093 -0.5102705 -0.66772 -0.5430021 -0.510978 -0.6663709 -0.427651 -0.6146509 -0.6628115 -0.4264689 -0.6133697 -0.6647571 -0.2936246 -0.6895714 -0.662024 -0.2943376 -0.6907671 -0.6604591 -0.150007 -0.737546 -0.6584253 -0.1505051 -0.7389687 -0.6567142 0 -0.7544552 -0.6563517 0 -0.7544547 -0.6563521 0.150305 -0.7390097 -0.6567139 0.150204 -0.7374886 -0.6584447 0.2941614 -0.6908303 -0.6604716 0.2937951 -0.6894922 -0.662031 0.4266706 -0.6132434 -0.6647441 0.4274608 -0.6147959 -0.6627996 0.1341173 -0.7395466 -0.6596086 0.1341326 -0.7400879 -0.658998 -0.02719348 -0.751766 -0.6588692 -0.02729493 -0.7522998 -0.6582554 -0.1863969 -0.7283672 -0.6593463 -0.1868729 -0.7294951 -0.6579631 -0.3389855 -0.6704469 -0.6599923 -0.339717 -0.6714757 -0.6585688 -0.4767246 -0.5784071 -0.661951 -0.4755151 -0.5773271 -0.6637611 -0.5898842 -0.4548164 -0.6672171 -0.5881847 -0.4538809 -0.6693512 -0.6732274 -0.3069339 -0.6727233 -0.673708 -0.3070674 -0.6721809 -0.7239684 -0.1433733 -0.6747695 -0.7245282 -0.1433961 -0.6741635 -0.7371313 0.02911788 -0.6751219 -0.7376899 0.02922737 -0.6745069 -0.7119393 0.1989568 -0.6734677 -0.7130832 0.1994779 -0.672102 -0.6505206 0.3591741 -0.6691913 -0.6515453 0.3599676 -0.6677665 -0.555527 0.4999958 -0.6643749 -0.5544899 0.498733 -0.666188 -0.4320964 0.6119797 -0.6623999 -0.4312273 0.6102502 -0.6645584 -0.2888811 0.6919348 -0.6616449 -0.2889993 0.6924101 -0.6610959 -0.1341167 0.7395432 -0.6596124 -0.1341333 0.7400912 -0.6589943 0.02719348 0.7517659 -0.6588692 0.02729493 0.7522998 -0.6582554 0.1863978 0.7283704 -0.6593425 0.1868721 0.7294918 -0.657967 0.3389853 0.6704473 -0.659992 0.3397185 0.6714786 -0.6585651 0.4767235 0.5784056 -0.661953 0.4755174 0.5773283 -0.6637585 0.5898856 0.4548174 -0.6672152 0.5881847 0.4538809 -0.6693512 0.6732272 0.3069326 -0.672724 0.6737086 0.3070685 -0.6721798 0.7239696 0.1433725 -0.6747684 0.7278525 0.1435303 -0.6705445 0.7405041 -0.02925103 -0.671415 0.7377352 -0.02870726 -0.6744796 0.7119367 -0.1989575 -0.6734703 0.7130853 -0.1994793 -0.6720993 0.6505213 -0.3591746 -0.6691903 0.6515474 -0.3599665 -0.667765 0.5555281 -0.4999976 -0.6643726 0.5544897 -0.4987333 -0.6661878 0.4320966 -0.6119793 -0.6624001 0.4312281 -0.610252 -0.6645562 0.2888811 -0.6919347 -0.6616451 0.2890006 -0.692413 -0.6610922 -0.1500065 0.73754 0.6584321 -0.1505073 0.7389778 0.6567034 0 0.7544552 0.6563517 0 0.7544547 0.6563522 0.1503053 0.7390097 0.6567139 0.1502036 0.7374886 0.6584448 0.2941619 0.6908333 0.6604682 0.2937924 0.6894898 0.6620347 0.4266712 0.6132435 0.6647438 0.4274589 0.6147935 0.662803 0.5428841 0.5110952 0.6663773 0.5421143 0.5101407 0.667734 0.6347672 0.38334 0.6709106 0.6333923 0.382227 0.6728423 0.698297 0.2371224 0.675392 0.6997519 0.237856 0.6736258 0.7334991 0.08033657 0.6749259 0.7341606 0.08050411 0.6741865 0.7341674 -0.08040899 0.6741904 0.7334836 -0.08043068 0.6749317 0.6998137 -0.2376362 0.6736392 0.6982153 -0.2373325 0.6754027 0.6332798 -0.3824433 0.6728254 0.6348989 -0.3831349 0.6709032 0.5420036 -0.510267 0.6677274 0.5430028 -0.510976 0.666372 0.4276465 -0.6146457 0.6628192 0.4264724 -0.6133747 0.6647502 0.2936266 -0.6895743 0.6620203 0.2943371 -0.6907642 0.6604623 0.1500073 -0.7375459 0.6584253 0.1505061 -0.7389717 0.6567106 0 -0.7544552 0.6563517 0 -0.7544548 0.6563522 -0.1503046 -0.7390067 0.6567173 -0.1502036 -0.7374887 0.6584447 -0.2941611 -0.6908302 0.6604717 -0.2937937 -0.6894924 0.6620314 -0.4266711 -0.6132436 0.6647437 -0.4274607 -0.6147962 0.6627995 -0.5428846 -0.5110964 0.6663758 -0.5421149 -0.510142 0.6677325 -0.6347683 -0.3833418 0.6709086 -0.6333974 -0.3822291 0.6728364 -0.6983004 -0.2371231 0.6753882 -0.6997486 -0.2378541 0.6736299 -0.7334955 -0.08033537 0.6749302 -0.7341629 -0.08050584 0.6741837 -0.7341687 0.08041012 0.6741888 -0.7334796 0.08043026 0.6749361 -0.6998099 0.2376357 0.6736434 -0.6982213 0.2373341 0.6753958 -0.6332847 0.3824451 0.6728197 -0.6349001 0.3831363 0.6709012 -0.5420071 0.5102698 0.6677224 -0.5430028 0.510976 0.666372 -0.42765 0.6146508 0.6628122 -0.4264706 0.6133722 0.6647536 -0.2936266 0.6895741 0.6620204 -0.2943364 0.6907644 0.6604625</float_array>
          <technique_common>
            <accessor source="#plate-mesh-normals-array" count="1556" stride="3">
              <param name="X" type="float"/>
              <param name="Y" type="float"/>
              <param name="Z" type="float"/>
            </accessor>
          </technique_common>
        </source>
        <vertices id="plate-mesh-vertices">
          <input semantic="POSITION" source="#plate-mesh-positions"/>
        </vertices>
        <triangles count="1958">
          <input semantic="VERTEX" source="#plate-mesh-vertices" offset="0"/>
          <input semantic="NORMAL" source="#plate-mesh-normals" offset="1"/>
          <p>0 0 1 0 2 0 0 1 3 1 1 1 4 2 3 2 0 2 4 2 5 2 3 2 6 3 5 3 4 3 6 4 7 4 5 4 8 5 9 5 10 5 8 6 11 6 9 6 12 7 11 7 8 7 12 8 13 8 11 8 14 9 13 9 12 9 14 10 15 10 13 10 16 11 17 11 18 11 16 12 19 12 17 12 20 13 19 13 16 13 20 14 21 14 19 14 22 15 21 15 20 15 22 15 23 15 21 15 24 16 25 16 26 16 24 16 27 16 25 16 28 17 27 17 24 17 28 18 29 18 27 18 30 19 29 19 28 19 30 20 31 20 29 20 10 21 2 21 1 21 9 22 2 22 10 22 26 23 18 23 17 23 25 24 18 24 26 24 32 25 33 25 34 25 32 26 35 26 33 26 36 27 35 27 32 27 36 27 37 27 35 27 38 28 37 28 36 28 38 29 39 29 37 29 40 30 39 30 38 30 40 31 41 31 39 31 42 32 41 32 40 32 42 33 43 33 41 33 44 34 43 34 42 34 44 35 45 35 43 35 46 36 47 36 48 36 46 37 49 37 47 37 50 38 49 38 46 38 50 39 51 39 49 39 52 40 51 40 50 40 52 41 53 41 51 41 54 42 53 42 52 42 54 43 55 43 53 43 56 44 55 44 54 44 56 45 57 45 55 45 58 46 57 46 56 46 58 47 59 47 57 47 60 48 61 48 62 48 60 49 63 49 61 49 64 50 63 50 60 50 64 51 65 51 63 51 66 52 65 52 64 52 66 53 67 53 65 53 68 54 67 54 66 54 68 55 69 55 67 55 70 56 69 56 68 56 70 57 71 57 69 57 72 58 71 58 70 58 72 59 73 59 71 59 74 60 73 60 72 60 75 61 74 61 72 61 75 62 76 62 74 62 77 63 76 63 75 63 77 64 78 64 76 64 79 65 78 65 77 65 79 66 80 66 78 66 81 67 80 67 79 67 81 68 82 68 80 68 83 69 82 69 81 69 83 70 84 70 82 70 85 71 84 71 83 71 85 72 86 72 84 72 87 73 86 73 85 73 87 74 88 74 86 74 89 75 88 75 87 75 89 76 90 76 88 76 91 77 90 77 89 77 91 78 92 78 90 78 93 79 92 79 91 79 93 80 94 80 92 80 95 81 94 81 93 81 95 82 96 82 94 82 97 83 96 83 95 83 97 84 98 84 96 84 99 85 98 85 97 85 99 86 100 86 98 86 101 87 100 87 99 87 101 88 102 88 100 88 103 89 102 89 101 89 103 90 104 90 102 90 105 91 104 91 103 91 105 92 106 92 104 92 107 93 106 93 105 93 107 94 108 94 106 94 109 95 108 95 107 95 109 96 62 96 108 96 60 97 62 97 109 97 64 98 110 98 111 98 64 99 112 99 110 99 60 100 112 100 64 100 60 101 113 101 112 101 109 102 113 102 60 102 109 103 114 103 113 103 107 104 114 104 109 104 107 105 115 105 114 105 105 106 115 106 107 106 105 107 116 107 115 107 103 108 116 108 105 108 103 109 117 109 116 109 101 110 117 110 103 110 101 111 118 111 117 111 99 112 118 112 101 112 99 113 119 113 118 113 97 114 119 114 99 114 97 115 120 115 119 115 95 116 120 116 97 116 95 117 121 117 120 117 93 118 121 118 95 118 93 119 122 119 121 119 91 120 122 120 93 120 91 121 123 121 122 121 89 122 123 122 91 122 89 123 124 123 123 123 87 124 124 124 89 124 87 125 125 125 124 125 85 126 125 126 87 126 85 127 126 127 125 127 83 128 126 128 85 128 83 129 127 129 126 129 81 130 127 130 83 130 81 131 128 131 127 131 79 132 128 132 81 132 79 133 129 133 128 133 77 134 129 134 79 134 77 135 130 135 129 135 75 136 130 136 77 136 75 137 131 137 130 137 72 138 131 138 75 138 72 139 132 139 131 139 70 140 132 140 72 140 70 141 133 141 132 141 134 142 133 142 70 142 68 143 134 143 70 143 68 144 135 144 134 144 66 145 135 145 68 145 66 146 111 146 135 146 64 147 111 147 66 147 136 148 137 148 138 148 136 149 139 149 137 149 140 150 139 150 136 150 140 151 141 151 139 151 142 152 141 152 140 152 142 153 143 153 141 153 144 154 143 154 142 154 144 155 145 155 143 155 146 156 145 156 144 156 146 157 147 157 145 157 148 158 147 158 146 158 148 159 149 159 147 159 150 160 149 160 148 160 150 161 151 161 149 161 152 162 151 162 150 162 152 163 153 163 151 163 154 164 153 164 152 164 155 165 156 165 157 165 155 166 158 166 156 166 159 167 158 167 155 167 159 168 160 168 158 168 161 169 160 169 159 169 161 170 162 170 160 170 163 171 162 171 161 171 163 172 164 172 162 172 165 173 164 173 163 173 165 174 138 174 164 174 136 175 138 175 165 175 166 176 167 176 168 176 166 177 169 177 167 177 170 178 169 178 166 178 170 179 171 179 169 179 172 180 171 180 170 180 172 181 173 181 171 181 174 182 173 182 172 182 174 183 175 183 173 183 176 184 175 184 174 184 176 185 177 185 175 185 178 186 177 186 176 186 178 187 179 187 177 187 180 188 179 188 178 188 180 189 157 189 179 189 155 190 157 190 180 190 181 191 154 191 152 191 181 192 182 192 154 192 183 193 182 193 181 193 183 194 184 194 182 194 185 195 184 195 183 195 185 196 186 196 184 196 187 197 186 197 185 197 187 198 168 198 186 198 166 199 168 199 187 199 159 200 188 200 189 200 159 201 190 201 188 201 155 202 190 202 159 202 155 203 191 203 190 203 180 204 191 204 155 204 180 205 192 205 191 205 178 206 192 206 180 206 178 207 193 207 192 207 176 208 193 208 178 208 176 209 194 209 193 209 174 210 194 210 176 210 174 211 195 211 194 211 172 212 195 212 174 212 172 213 196 213 195 213 170 214 196 214 172 214 170 215 197 215 196 215 166 216 197 216 170 216 166 217 198 217 197 217 187 218 198 218 166 218 187 219 199 219 198 219 200 220 199 220 187 220 185 221 200 221 187 221 185 222 201 222 200 222 183 223 201 223 185 223 183 224 202 224 201 224 181 225 202 225 183 225 181 226 203 226 202 226 204 227 203 227 181 227 152 228 204 228 181 228 152 229 205 229 204 229 150 230 205 230 152 230 150 231 206 231 205 231 148 232 206 232 150 232 148 233 207 233 206 233 146 234 207 234 148 234 146 235 208 235 207 235 144 236 208 236 146 236 144 237 209 237 208 237 142 238 209 238 144 238 142 239 210 239 209 239 140 240 210 240 142 240 140 241 211 241 210 241 136 242 211 242 140 242 136 243 212 243 211 243 165 244 212 244 136 244 165 245 213 245 212 245 214 246 213 246 165 246 163 247 214 247 165 247 163 248 215 248 214 248 161 249 215 249 163 249 161 250 189 250 215 250 159 251 189 251 161 251 216 252 217 252 218 252 216 253 219 253 217 253 220 254 219 254 216 254 220 255 221 255 219 255 222 256 221 256 220 256 222 257 223 257 221 257 224 65 223 65 222 65 224 258 225 258 223 258 226 259 225 259 224 259 226 260 227 260 225 260 228 261 227 261 226 261 228 262 229 262 227 262 230 263 229 263 228 263 230 264 231 264 229 264 232 265 231 265 230 265 232 266 233 266 231 266 234 267 233 267 232 267 234 268 235 268 233 268 236 269 235 269 234 269 236 270 237 270 235 270 238 271 237 271 236 271 238 272 239 272 237 272 240 273 239 273 238 273 240 274 241 274 239 274 242 275 241 275 240 275 242 276 243 276 241 276 244 277 243 277 242 277 244 278 245 278 243 278 246 279 245 279 244 279 246 280 247 280 245 280 248 281 247 281 246 281 248 282 249 282 247 282 250 283 249 283 248 283 250 284 251 284 249 284 252 285 251 285 250 285 252 286 253 286 251 286 254 287 253 287 252 287 254 288 255 288 253 288 256 289 255 289 254 289 256 290 257 290 255 290 258 291 257 291 256 291 259 292 258 292 256 292 259 51 260 51 258 51 261 293 260 293 259 293 261 294 262 294 260 294 263 295 262 295 261 295 263 296 264 296 262 296 265 56 264 56 263 56 265 297 218 297 264 297 216 298 218 298 265 298 259 299 266 299 267 299 259 300 268 300 266 300 256 301 268 301 259 301 256 302 269 302 268 302 254 303 269 303 256 303 254 304 270 304 269 304 252 305 270 305 254 305 252 306 271 306 270 306 250 307 271 307 252 307 250 308 272 308 271 308 248 309 272 309 250 309 248 310 273 310 272 310 246 311 273 311 248 311 246 312 274 312 273 312 244 313 274 313 246 313 244 314 275 314 274 314 242 315 275 315 244 315 242 316 276 316 275 316 240 317 276 317 242 317 240 318 277 318 276 318 238 319 277 319 240 319 238 119 278 119 277 119 236 320 278 320 238 320 236 321 279 321 278 321 234 322 279 322 236 322 234 123 280 123 279 123 232 323 280 323 234 323 232 125 281 125 280 125 230 324 281 324 232 324 230 325 282 325 281 325 228 326 282 326 230 326 228 327 283 327 282 327 226 328 283 328 228 328 226 329 284 329 283 329 224 330 284 330 226 330 224 331 285 331 284 331 222 332 285 332 224 332 222 333 286 333 285 333 220 334 286 334 222 334 220 335 287 335 286 335 216 336 287 336 220 336 216 337 288 337 287 337 265 338 288 338 216 338 265 339 289 339 288 339 290 340 289 340 265 340 263 341 290 341 265 341 263 342 291 342 290 342 261 343 291 343 263 343 261 344 267 344 291 344 259 345 267 345 261 345 292 346 293 346 294 346 295 347 293 347 292 347 295 347 296 347 293 347 297 348 296 348 295 348 297 349 298 349 296 349 299 350 298 350 297 350 299 351 300 351 298 351 301 352 300 352 299 352 301 353 302 353 300 353 303 354 302 354 301 354 303 354 304 354 302 354 305 355 304 355 303 355 305 356 306 356 304 356 307 357 306 357 305 357 307 358 308 358 306 358 309 359 308 359 307 359 309 360 310 360 308 360 311 361 310 361 309 361 311 362 312 362 310 362 313 363 312 363 311 363 313 364 314 364 312 364 315 365 314 365 313 365 315 366 316 366 314 366 317 367 316 367 315 367 317 368 318 368 316 368 319 369 318 369 317 369 319 370 320 370 318 370 321 371 320 371 319 371 321 371 322 371 320 371 323 372 322 372 321 372 323 373 324 373 322 373 325 374 324 374 323 374 325 375 326 375 324 375 327 376 326 376 325 376 327 377 328 377 326 377 329 378 328 378 327 378 329 379 330 379 328 379 331 380 330 380 329 380 331 381 332 381 330 381 333 382 332 382 331 382 333 383 334 383 332 383 335 384 334 384 333 384 335 385 336 385 334 385 337 386 336 386 335 386 337 386 338 386 336 386 339 387 338 387 337 387 339 388 294 388 338 388 292 389 294 389 339 389 340 390 341 390 342 390 343 391 341 391 340 391 343 392 344 392 341 392 345 393 344 393 343 393 345 393 346 393 344 393 347 394 346 394 345 394 347 395 348 395 346 395 349 396 348 396 347 396 349 397 350 397 348 397 351 398 350 398 349 398 351 398 352 398 350 398 353 399 352 399 351 399 353 400 354 400 352 400 355 401 354 401 353 401 355 402 356 402 354 402 357 403 356 403 355 403 357 404 358 404 356 404 359 405 358 405 357 405 359 405 360 405 358 405 361 406 360 406 359 406 361 407 362 407 360 407 363 408 362 408 361 408 363 409 364 409 362 409 365 410 364 410 363 410 365 411 366 411 364 411 367 412 366 412 365 412 367 412 368 412 366 412 369 413 368 413 367 413 369 414 370 414 368 414 371 415 370 415 369 415 371 415 372 415 370 415 373 416 372 416 371 416 373 417 374 417 372 417 375 418 374 418 373 418 375 419 376 419 374 419 377 420 376 420 375 420 377 420 378 420 376 420 379 421 378 421 377 421 379 422 380 422 378 422 381 423 380 423 379 423 381 424 382 424 380 424 383 370 382 370 381 370 383 369 384 369 382 369 385 425 384 425 383 425 385 425 386 425 384 425 387 426 386 426 385 426 387 427 342 427 386 427 340 428 342 428 387 428 388 429 389 429 390 429 391 430 389 430 388 430 391 431 392 431 389 431 393 432 392 432 391 432 393 433 394 433 392 433 395 434 394 434 393 434 395 435 396 435 394 435 397 436 396 436 395 436 397 437 398 437 396 437 399 438 398 438 397 438 399 439 400 439 398 439 401 440 400 440 399 440 401 440 402 440 400 440 403 441 402 441 401 441 403 442 404 442 402 442 405 443 404 443 403 443 405 444 406 444 404 444 407 445 406 445 405 445 407 446 408 446 406 446 409 447 408 447 407 447 409 448 410 448 408 448 411 449 410 449 409 449 411 450 412 450 410 450 413 451 412 451 411 451 413 451 414 451 412 451 415 452 414 452 413 452 415 453 416 453 414 453 417 454 416 454 415 454 417 455 418 455 416 455 419 456 418 456 417 456 419 457 420 457 418 457 421 458 420 458 419 458 421 458 422 458 420 458 423 459 422 459 421 459 423 459 424 459 422 459 425 460 424 460 423 460 425 461 426 461 424 461 427 462 426 462 425 462 427 463 428 463 426 463 429 464 428 464 427 464 429 465 430 465 428 465 431 466 430 466 429 466 431 467 432 467 430 467 433 468 432 468 431 468 433 469 434 469 432 469 435 470 434 470 433 470 435 471 390 471 434 471 388 472 390 472 435 472 436 473 400 473 402 473 436 474 437 474 400 474 438 475 437 475 436 475 438 474 439 474 437 474 440 476 439 476 438 476 440 477 441 477 439 477 59 478 441 478 440 478 442 479 293 479 296 479 442 480 443 480 293 480 444 481 443 481 442 481 444 482 445 482 443 482 446 483 445 483 444 483 446 484 447 484 445 484 448 485 447 485 446 485 448 474 449 474 447 474 450 486 449 486 448 486 450 487 451 487 449 487 384 488 451 488 450 488 452 489 306 489 308 489 452 490 304 490 306 490 442 474 304 474 452 474 442 491 302 491 304 491 300 474 302 474 442 474 298 474 442 474 296 474 298 474 300 474 442 474 443 492 294 492 293 492 443 493 338 493 294 493 336 474 338 474 443 474 443 494 334 494 336 494 453 474 334 474 443 474 453 495 332 495 334 495 330 474 332 474 453 474 453 496 328 496 330 496 453 474 326 474 328 474 324 474 326 474 453 474 453 497 322 497 324 497 453 498 320 498 322 498 452 474 320 474 453 474 452 499 318 499 320 499 316 474 318 474 452 474 452 500 314 500 316 500 452 474 312 474 314 474 310 474 312 474 452 474 452 501 308 501 310 501 452 502 454 502 455 502 452 474 7 474 454 474 10 503 7 503 452 503 5 474 7 474 10 474 1 474 5 474 10 474 456 504 291 504 267 504 456 474 449 474 291 474 457 505 449 505 456 505 457 474 447 474 449 474 437 506 447 506 457 506 437 507 445 507 447 507 439 508 445 508 437 508 439 474 443 474 445 474 123 509 443 509 439 509 457 510 424 510 426 510 457 511 458 511 424 511 456 512 458 512 457 512 456 474 459 474 458 474 460 513 459 513 456 513 460 514 461 514 459 514 45 515 461 515 460 515 437 516 398 516 400 516 437 474 396 474 398 474 394 517 396 517 437 517 458 474 422 474 424 474 458 518 420 518 422 518 418 519 420 519 458 519 457 474 430 474 432 474 457 520 428 520 430 520 426 474 428 474 457 474 458 521 412 521 414 521 458 522 410 522 412 522 436 474 410 474 458 474 436 523 408 523 410 523 406 474 408 474 436 474 436 474 404 474 406 474 402 524 404 524 436 524 458 525 416 525 418 525 414 474 416 474 458 474 437 526 392 526 394 526 437 527 389 527 392 527 390 528 389 528 437 528 457 529 390 529 437 529 457 530 434 530 390 530 432 474 434 474 457 474 450 531 23 531 462 531 450 474 463 474 23 474 448 532 463 532 450 532 448 474 464 474 463 474 202 533 464 533 448 533 453 534 128 534 129 534 453 535 127 535 128 535 443 474 127 474 453 474 443 536 126 536 127 536 125 474 126 474 443 474 439 537 122 537 123 537 439 538 121 538 122 538 120 474 121 474 439 474 453 474 133 474 134 474 453 474 132 474 133 474 131 539 132 539 453 539 453 540 130 540 131 540 129 541 130 541 453 541 124 542 443 542 123 542 439 543 119 543 120 543 439 544 118 544 119 544 441 474 118 474 439 474 441 545 117 545 118 545 116 474 117 474 441 474 124 474 125 474 443 474 441 474 112 474 113 474 441 474 110 474 112 474 465 546 110 546 441 546 465 547 111 547 110 547 135 548 111 548 465 548 441 474 115 474 116 474 441 549 114 549 115 549 113 474 114 474 441 474 442 550 189 550 188 550 442 551 215 551 189 551 455 474 215 474 442 474 455 474 214 474 215 474 466 474 214 474 455 474 466 474 213 474 214 474 212 474 213 474 466 474 444 474 190 474 191 474 444 552 188 552 190 552 442 553 188 553 444 553 446 554 196 554 197 554 446 555 195 555 196 555 444 556 195 556 446 556 444 557 194 557 195 557 193 558 194 558 444 558 448 474 201 474 202 474 448 559 200 559 201 559 446 560 200 560 448 560 446 474 199 474 200 474 198 561 199 561 446 561 444 474 192 474 193 474 191 562 192 562 444 562 197 474 198 474 446 474 203 474 464 474 202 474 203 563 467 563 464 563 204 474 467 474 203 474 466 564 209 564 210 564 466 474 208 474 209 474 467 474 208 474 466 474 467 565 207 565 208 565 206 474 207 474 467 474 205 566 467 566 204 566 206 567 467 567 205 567 466 568 211 568 212 568 210 474 211 474 466 474 266 474 456 474 267 474 266 474 460 474 456 474 268 474 460 474 266 474 449 569 290 569 291 569 451 474 290 474 449 474 451 474 289 474 290 474 288 570 289 570 451 570 17 474 24 474 26 474 17 571 28 571 24 571 19 572 28 572 17 572 19 573 30 573 28 573 21 474 30 474 19 474 21 574 463 574 30 574 23 474 463 474 21 474 450 575 368 575 370 575 450 576 366 576 368 576 462 577 366 577 450 577 462 578 364 578 366 578 362 474 364 474 462 474 462 579 360 579 362 579 462 580 358 580 360 580 468 581 358 581 462 581 468 582 356 582 358 582 354 583 356 583 468 583 468 584 352 584 354 584 468 585 350 585 352 585 451 474 350 474 468 474 451 586 348 586 350 586 346 474 348 474 451 474 450 587 382 587 384 587 450 588 380 588 382 588 378 474 380 474 450 474 451 589 341 589 344 589 451 590 342 590 341 590 386 474 342 474 451 474 384 474 386 474 451 474 450 591 376 591 378 591 450 592 374 592 376 592 372 474 374 474 450 474 344 474 346 474 451 474 468 593 280 593 281 593 468 594 279 594 280 594 469 474 279 474 468 474 469 595 278 595 279 595 277 474 278 474 469 474 469 596 276 596 277 596 469 597 275 597 276 597 460 474 275 474 469 474 460 598 274 598 275 598 273 599 274 599 460 599 451 600 284 600 285 600 451 601 283 601 284 601 468 602 283 602 451 602 468 603 282 603 283 603 281 474 282 474 468 474 451 474 287 474 288 474 451 604 286 604 287 604 285 605 286 605 451 605 460 606 272 606 273 606 460 607 271 607 272 607 270 474 271 474 460 474 269 474 460 474 268 474 270 608 460 608 269 608 39 474 460 474 37 474 41 474 460 474 39 474 41 474 45 474 460 474 43 474 45 474 41 474 460 609 35 609 37 609 460 610 33 610 35 610 469 611 33 611 460 611 470 612 471 612 472 612 470 474 461 474 471 474 473 474 461 474 470 474 473 474 459 474 461 474 474 474 459 474 473 474 475 474 459 474 474 474 475 474 458 474 459 474 476 613 458 613 475 613 476 474 436 474 458 474 477 474 436 474 476 474 478 614 436 614 477 614 478 474 438 474 436 474 479 474 438 474 478 474 479 615 440 615 438 615 480 474 440 474 479 474 480 474 481 474 440 474 482 474 481 474 480 474 53 616 49 616 51 616 53 617 47 617 49 617 55 474 47 474 53 474 55 474 481 474 47 474 57 474 481 474 55 474 57 474 440 474 481 474 59 474 440 474 57 474 483 618 135 618 465 618 483 619 134 619 135 619 453 474 134 474 483 474 484 620 453 620 483 620 484 621 452 621 453 621 14 474 452 474 484 474 12 474 452 474 14 474 12 474 10 474 452 474 8 474 10 474 12 474 1 474 3 474 5 474 59 474 465 474 441 474 45 622 471 622 461 622 370 474 372 474 450 474 455 623 442 623 452 623 485 624 423 624 421 624 485 625 486 625 423 625 487 626 486 626 485 626 487 625 488 625 486 625 489 627 488 627 487 627 489 625 490 625 488 625 34 628 490 628 489 628 491 629 295 629 292 629 491 630 492 630 295 630 493 631 492 631 491 631 493 625 494 625 492 625 495 632 494 632 493 632 495 625 496 625 494 625 497 633 496 633 495 633 497 625 498 625 496 625 499 634 498 634 497 634 499 625 500 625 498 625 383 635 500 635 499 635 500 625 501 625 502 625 500 625 31 625 501 625 18 636 31 636 500 636 18 637 29 637 31 637 25 625 29 625 18 625 503 638 88 638 90 638 503 625 491 625 88 625 504 639 491 639 503 639 504 640 493 640 491 640 486 641 493 641 504 641 486 642 495 642 493 642 488 643 495 643 486 643 488 625 497 625 495 625 260 644 497 644 488 644 504 645 399 645 397 645 504 625 505 625 399 625 503 646 505 646 504 646 503 625 506 625 505 625 507 647 506 647 503 647 507 625 508 625 506 625 48 648 508 648 507 648 486 649 425 649 423 649 486 650 427 650 425 650 429 625 427 625 486 625 485 651 417 651 415 651 485 652 419 652 417 652 421 625 419 625 485 625 504 653 393 653 391 653 504 654 395 654 393 654 397 625 395 625 504 625 505 655 401 655 399 655 505 656 403 656 401 656 405 625 403 625 505 625 505 657 407 657 405 657 505 658 409 658 407 658 411 659 409 659 505 659 486 660 431 660 429 660 486 661 433 661 431 661 435 662 433 662 486 662 388 625 504 625 391 625 388 663 486 663 504 663 435 625 486 625 388 625 509 664 505 664 510 664 505 665 509 665 485 665 485 625 411 625 505 625 413 666 411 666 485 666 415 625 413 625 485 625 492 667 297 667 295 667 492 668 299 668 297 668 301 625 299 625 492 625 511 669 333 669 331 669 511 670 335 670 333 670 491 671 335 671 511 671 491 672 337 672 335 672 339 625 337 625 491 625 491 673 292 673 339 673 492 674 303 674 301 674 492 675 305 675 303 675 512 625 305 625 492 625 512 676 307 676 305 676 309 625 307 625 512 625 512 677 311 677 309 677 512 678 313 678 311 678 315 679 313 679 512 679 512 625 317 625 315 625 512 680 319 680 317 680 511 625 319 625 512 625 511 681 321 681 319 681 323 625 321 625 511 625 511 682 325 682 323 682 511 683 327 683 325 683 329 684 327 684 511 684 511 625 331 625 329 625 512 685 15 685 513 685 512 686 514 686 15 686 492 687 514 687 512 687 492 625 515 625 514 625 160 688 515 688 492 688 507 689 100 689 102 689 507 690 98 690 100 690 503 691 98 691 507 691 503 692 96 692 98 692 94 625 96 625 503 625 491 693 86 693 88 693 491 694 84 694 86 694 82 625 84 625 491 625 491 695 80 695 82 695 491 696 78 696 80 696 76 625 78 625 491 625 507 625 106 625 108 625 507 697 104 697 106 697 102 698 104 698 507 698 92 625 503 625 90 625 94 625 503 625 92 625 491 699 74 699 76 699 491 700 73 700 74 700 511 625 73 625 491 625 511 625 71 625 73 625 69 625 71 625 511 625 516 701 145 701 147 701 516 702 143 702 145 702 141 703 143 703 516 703 516 704 139 704 141 704 516 705 137 705 139 705 138 706 137 706 516 706 502 707 153 707 154 707 502 708 151 708 153 708 516 709 151 709 502 709 516 625 149 625 151 625 147 710 149 710 516 710 517 711 138 711 516 711 517 712 164 712 138 712 515 713 164 713 517 713 515 714 162 714 164 714 160 625 162 625 515 625 498 715 182 715 184 715 498 716 154 716 182 716 502 717 154 717 498 717 186 718 498 718 184 718 186 719 496 719 498 719 168 625 496 625 186 625 168 625 494 625 496 625 167 625 494 625 168 625 494 720 173 720 175 720 494 721 171 721 173 721 169 722 171 722 494 722 494 625 179 625 157 625 494 625 177 625 179 625 175 723 177 723 494 723 494 724 167 724 169 724 492 725 158 725 160 725 492 726 156 726 158 726 157 625 156 625 492 625 492 727 494 727 157 727 499 625 218 625 217 625 499 625 264 625 218 625 497 728 264 728 499 728 497 729 262 729 264 729 260 625 262 625 497 625 488 730 258 730 260 730 488 731 257 731 258 731 255 625 257 625 488 625 490 625 255 625 488 625 490 625 253 625 255 625 251 732 253 732 490 732 9 733 0 733 2 733 9 734 4 734 0 734 11 625 4 625 9 625 11 735 6 735 4 735 13 625 6 625 11 625 13 736 514 736 6 736 15 625 514 625 13 625 518 737 512 737 513 737 518 738 511 738 512 738 69 739 511 739 518 739 518 740 67 740 69 740 518 741 65 741 67 741 519 625 65 625 518 625 519 742 63 742 65 742 61 625 63 625 519 625 519 743 62 743 61 743 519 625 507 625 62 625 58 744 507 744 519 744 52 745 507 745 54 745 50 625 507 625 52 625 50 625 48 625 507 625 46 625 48 625 50 625 507 746 56 746 54 746 58 625 56 625 507 625 520 625 521 625 522 625 520 625 508 625 521 625 523 625 508 625 520 625 523 625 506 625 508 625 524 625 506 625 523 625 510 625 506 625 524 625 505 747 506 747 510 747 525 625 526 625 527 625 489 625 526 625 525 625 489 625 528 625 526 625 487 625 528 625 489 625 487 625 529 625 528 625 485 625 529 625 487 625 485 748 530 748 529 748 509 749 530 749 485 749 38 750 42 750 40 750 38 625 44 625 42 625 36 751 44 751 38 751 36 752 525 752 44 752 32 625 525 625 36 625 32 753 489 753 525 753 34 625 489 625 32 625 490 625 245 625 247 625 490 754 243 754 245 754 531 755 243 755 490 755 531 756 241 756 243 756 239 625 241 625 531 625 531 757 235 757 237 757 531 758 233 758 235 758 532 625 233 625 531 625 532 759 231 759 233 759 229 625 231 625 532 625 532 760 227 760 229 760 532 761 225 761 227 761 499 762 225 762 532 762 499 763 223 763 225 763 221 625 223 625 499 625 531 764 237 764 239 764 490 625 249 625 251 625 247 625 249 625 490 625 499 765 219 765 221 765 217 625 219 625 499 625 532 766 357 766 355 766 532 767 359 767 357 767 533 625 359 625 532 625 533 768 361 768 359 768 363 769 361 769 533 769 499 770 349 770 347 770 499 771 351 771 349 771 532 772 351 772 499 772 532 773 353 773 351 773 355 625 353 625 532 625 533 774 365 774 363 774 533 775 367 775 365 775 369 625 367 625 533 625 500 776 375 776 373 776 500 777 377 777 375 777 379 625 377 625 500 625 499 778 385 778 383 778 499 779 387 779 385 779 340 780 387 780 499 780 500 781 381 781 379 781 383 625 381 625 500 625 533 782 500 782 369 782 22 625 500 625 533 625 22 625 16 625 500 625 20 625 16 625 22 625 500 783 371 783 369 783 373 625 371 625 500 625 499 784 343 784 340 784 499 785 345 785 343 785 347 786 345 786 499 786 25 787 27 787 29 787 16 625 18 625 500 625 34 625 531 625 490 625 48 625 521 625 508 625 108 625 62 625 507 625 502 625 498 625 500 625 30 788 501 788 31 788 463 788 501 788 30 788 463 788 502 788 501 788 464 788 502 788 463 788 464 788 516 788 502 788 467 788 516 788 464 788 467 788 517 788 516 788 466 788 517 788 467 788 466 789 515 789 517 789 455 790 515 790 466 790 455 788 514 788 515 788 454 788 514 788 455 788 454 788 6 788 514 788 7 788 6 788 454 788 14 791 513 791 15 791 484 792 513 792 14 792 484 793 518 793 513 793 483 794 518 794 484 794 483 795 519 795 518 795 465 796 519 796 483 796 465 797 58 797 519 797 59 798 58 798 465 798 47 799 521 799 48 799 481 800 521 800 47 800 481 801 522 801 521 801 482 802 522 802 481 802 482 803 520 803 522 803 480 804 520 804 482 804 480 805 523 805 520 805 479 806 523 806 480 806 479 807 524 807 523 807 478 808 524 808 479 808 478 809 510 809 524 809 477 810 510 810 478 810 477 811 509 811 510 811 476 812 509 812 477 812 530 813 509 813 476 813 475 814 530 814 476 814 475 815 529 815 530 815 474 816 529 816 475 816 474 817 528 817 529 817 473 818 528 818 474 818 473 819 526 819 528 819 470 820 526 820 473 820 470 821 527 821 526 821 472 822 527 822 470 822 472 823 525 823 527 823 471 823 525 823 472 823 471 824 44 824 525 824 45 825 44 825 471 825 33 826 531 826 34 826 469 827 531 827 33 827 469 828 532 828 531 828 468 829 532 829 469 829 468 830 533 830 532 830 462 831 533 831 468 831 462 832 22 832 533 832 23 833 22 833 462 833 534 625 535 625 536 625 537 625 538 625 539 625 539 834 538 834 540 834 539 835 540 835 541 835 541 836 540 836 542 836 543 625 544 625 545 625 545 625 544 625 546 625 540 837 547 837 542 837 542 838 547 838 548 838 542 839 548 839 549 839 550 840 551 840 552 840 553 625 554 625 555 625 556 625 557 625 558 625 558 625 557 625 559 625 558 841 559 841 560 841 560 842 559 842 561 842 560 843 561 843 562 843 563 844 564 844 565 844 565 845 564 845 544 845 565 846 544 846 536 846 536 625 544 625 543 625 536 625 543 625 534 625 563 625 542 625 564 625 564 847 542 847 549 847 564 848 549 848 566 848 566 849 549 849 567 849 566 850 567 850 568 850 568 851 567 851 569 851 569 625 570 625 568 625 568 852 570 852 571 852 568 625 571 625 572 625 572 853 571 853 573 853 572 854 573 854 574 854 574 855 573 855 575 855 576 856 577 856 578 856 578 857 577 857 579 857 578 625 579 625 580 625 580 858 579 858 581 858 580 625 581 625 546 625 546 859 581 859 582 859 546 860 582 860 545 860 583 625 584 625 585 625 585 861 584 861 586 861 585 862 586 862 561 862 561 863 586 863 587 863 561 864 587 864 562 864 588 865 589 865 590 865 590 625 589 625 591 625 592 625 593 625 594 625 594 625 593 625 595 625 596 625 597 625 598 625 599 625 600 625 601 625 601 866 600 866 602 866 601 867 602 867 603 867 603 625 602 625 604 625 603 868 604 868 605 868 606 625 607 625 608 625 555 625 609 625 553 625 553 869 609 869 610 869 553 625 610 625 611 625 611 870 610 870 612 870 611 625 612 625 613 625 614 871 592 871 615 871 615 872 592 872 594 872 615 625 594 625 616 625 616 873 594 873 617 873 616 625 617 625 618 625 618 625 617 625 613 625 618 625 613 625 619 625 619 625 613 625 612 625 620 625 621 625 622 625 622 625 621 625 623 625 622 625 623 625 624 625 624 625 623 625 596 625 624 874 596 874 625 874 625 875 596 875 598 875 626 625 627 625 628 625 628 876 627 876 629 876 628 877 629 877 630 877 629 625 631 625 630 625 630 878 631 878 632 878 630 879 632 879 633 879 633 880 632 880 634 880 633 881 634 881 635 881 589 625 555 625 591 625 591 625 555 625 554 625 591 625 554 625 636 625 636 625 554 625 574 625 636 625 574 625 539 625 539 882 574 882 575 882 539 625 575 625 537 625 595 883 550 883 594 883 594 884 550 884 552 884 594 885 552 885 637 885 637 886 552 886 638 886 637 887 638 887 604 887 604 888 638 888 639 888 604 625 639 625 605 625 640 625 641 625 642 625 642 625 641 625 643 625 608 889 607 889 644 889 644 890 607 890 645 890 644 625 645 625 550 625 550 891 645 891 646 891 550 892 646 892 551 892 620 893 584 893 621 893 621 625 584 625 583 625 621 625 583 625 647 625 647 625 583 625 633 625 647 625 633 625 648 625 648 625 633 625 635 625 648 894 635 894 649 894 556 625 598 625 557 625 557 625 598 625 597 625 557 625 597 625 650 625 650 625 597 625 651 625 650 625 651 625 652 625 578 895 650 895 576 895 576 896 650 896 652 896 576 625 652 625 653 625 653 625 652 625 654 625 653 625 654 625 655 625 656 625 657 625 658 625 658 897 657 897 600 897 658 898 600 898 608 898 608 625 600 625 599 625 608 899 599 899 606 899 656 900 641 900 657 900 657 625 641 625 640 625 657 901 640 901 626 901 626 625 640 625 659 625 626 902 659 902 627 902 660 903 661 903 662 903 663 474 664 474 665 474 665 474 664 474 660 474 665 904 660 904 666 904 666 474 660 474 662 474 667 905 668 905 669 905 661 906 670 906 671 906 671 907 670 907 672 907 671 908 672 908 673 908 673 474 672 474 674 474 673 909 674 909 675 909 669 474 668 474 676 474 676 474 668 474 677 474 676 474 677 474 678 474 679 910 680 910 681 910 682 474 683 474 684 474 684 474 683 474 685 474 684 474 685 474 686 474 686 474 685 474 664 474 686 474 664 474 687 474 687 474 664 474 663 474 688 911 689 911 690 911 690 474 689 474 691 474 690 474 691 474 692 474 692 912 691 912 693 912 661 913 660 913 670 913 670 914 660 914 694 914 670 915 694 915 695 915 695 916 694 916 696 916 695 474 696 474 697 474 697 474 696 474 698 474 697 474 698 474 699 474 699 917 698 917 700 917 699 918 700 918 701 918 701 474 700 474 702 474 701 474 702 474 703 474 703 474 702 474 704 474 703 919 704 919 705 919 705 474 704 474 667 474 705 474 667 474 706 474 707 474 708 474 709 474 709 920 708 920 710 920 709 474 710 474 711 474 711 474 710 474 689 474 711 921 689 921 712 921 712 922 689 922 688 922 669 474 713 474 667 474 667 923 713 923 714 923 667 924 714 924 706 924 706 925 714 925 715 925 706 474 715 474 716 474 716 926 715 926 717 926 716 474 717 474 679 474 679 927 717 927 718 927 679 928 718 928 680 928 719 929 720 929 721 929 721 930 720 930 722 930 721 474 722 474 723 474 723 931 722 931 724 931 723 474 724 474 725 474 725 932 724 932 726 932 727 474 679 474 728 474 728 933 679 933 681 933 728 474 681 474 729 474 729 934 681 934 730 934 729 935 730 935 677 935 677 474 730 474 731 474 677 474 731 474 678 474 727 474 728 474 732 474 732 474 728 474 733 474 732 936 733 936 734 936 734 937 733 937 735 937 734 474 735 474 736 474 736 938 735 938 737 938 736 939 737 939 738 939 738 940 737 940 739 940 738 474 739 474 740 474 740 474 739 474 741 474 740 941 741 941 742 941 742 942 741 942 708 942 742 474 708 474 721 474 721 474 708 474 707 474 721 943 707 943 719 943 726 944 692 944 725 944 725 945 692 945 693 945 725 474 693 474 743 474 743 474 693 474 744 474 743 946 744 946 745 946 745 947 744 947 746 947 745 948 746 948 747 948 747 474 746 474 748 474 747 474 748 474 749 474 749 474 748 474 750 474 749 474 750 474 751 474 751 949 750 949 752 949 751 474 752 474 753 474 753 474 752 474 683 474 753 950 683 950 674 950 674 951 683 951 682 951 674 952 682 952 675 952 754 953 755 953 756 953 756 954 755 954 757 954 756 955 757 955 758 955 758 956 757 956 759 956 758 957 759 957 760 957 760 958 759 958 761 958 760 958 761 958 762 958 762 959 761 959 763 959 762 960 763 960 764 960 764 961 763 961 765 961 764 962 765 962 766 962 766 963 765 963 767 963 766 964 767 964 768 964 768 965 767 965 769 965 768 966 769 966 770 966 770 967 769 967 771 967 770 968 771 968 772 968 772 969 771 969 773 969 772 969 773 969 774 969 773 970 775 970 774 970 774 971 775 971 776 971 776 972 775 972 777 972 776 973 777 973 778 973 778 974 777 974 779 974 778 975 779 975 780 975 780 976 779 976 781 976 780 977 781 977 782 977 782 978 781 978 783 978 782 979 783 979 784 979 784 980 783 980 785 980 784 981 785 981 786 981 786 982 785 982 787 982 786 982 787 982 788 982 788 983 787 983 789 983 788 984 789 984 790 984 790 985 789 985 791 985 790 985 791 985 792 985 792 986 791 986 793 986 792 987 793 987 794 987 794 988 793 988 795 988 794 988 795 988 796 988 796 989 795 989 797 989 796 990 797 990 798 990 798 991 797 991 799 991 798 992 799 992 800 992 800 993 799 993 801 993 800 993 801 993 802 993 802 994 801 994 803 994 802 995 803 995 804 995 804 996 803 996 805 996 805 997 806 997 804 997 806 998 805 998 807 998 806 999 807 999 808 999 808 1000 807 1000 809 1000 808 1001 809 1001 810 1001 810 1002 809 1002 811 1002 810 1002 811 1002 812 1002 812 1003 811 1003 813 1003 812 1004 813 1004 754 1004 754 1005 813 1005 755 1005 814 1006 815 1006 816 1006 816 1007 815 1007 817 1007 816 1007 817 1007 818 1007 818 1008 817 1008 819 1008 818 1009 819 1009 820 1009 820 1010 819 1010 821 1010 820 1010 821 1010 822 1010 822 1011 821 1011 823 1011 822 1012 823 1012 824 1012 824 1013 823 1013 825 1013 824 1013 825 1013 826 1013 826 1014 825 1014 827 1014 826 1015 827 1015 828 1015 828 1016 827 1016 829 1016 828 1017 829 1017 830 1017 830 1018 829 1018 831 1018 830 1019 831 1019 832 1019 832 1020 831 1020 833 1020 832 1020 833 1020 834 1020 834 1021 833 1021 835 1021 834 1022 835 1022 836 1022 836 1023 835 1023 837 1023 836 1024 837 1024 838 1024 838 1025 837 1025 839 1025 838 1025 839 1025 840 1025 840 1026 839 1026 841 1026 840 1027 841 1027 842 1027 842 1028 841 1028 843 1028 842 1028 843 1028 844 1028 844 1029 843 1029 845 1029 844 1029 845 1029 846 1029 846 1030 845 1030 847 1030 846 1031 847 1031 848 1031 848 1032 847 1032 849 1032 848 1033 849 1033 850 1033 850 1034 849 1034 851 1034 850 1035 851 1035 852 1035 852 1036 851 1036 853 1036 852 1037 853 1037 854 1037 854 1038 853 1038 855 1038 854 1039 855 1039 856 1039 856 1040 855 1040 857 1040 856 1041 857 1041 858 1041 858 1042 857 1042 859 1042 858 1043 859 1043 860 1043 860 1044 859 1044 861 1044 860 1045 861 1045 862 1045 862 1046 861 1046 863 1046 862 1047 863 1047 864 1047 864 1048 863 1048 865 1048 864 1048 865 1048 866 1048 866 1049 865 1049 867 1049 866 1050 867 1050 868 1050 868 1051 867 1051 869 1051 868 1052 869 1052 814 1052 814 1053 869 1053 815 1053 870 1054 717 1054 871 1054 871 1055 717 1055 715 1055 871 1056 715 1056 872 1056 872 1057 715 1057 714 1057 872 1058 714 1058 873 1058 873 1059 714 1059 713 1059 873 1060 713 1060 874 1060 874 1061 713 1061 669 1061 874 1061 669 1061 875 1061 875 1062 669 1062 676 1062 875 1062 676 1062 876 1062 876 1063 676 1063 678 1063 876 1064 678 1064 877 1064 877 1065 678 1065 731 1065 877 1066 731 1066 878 1066 878 1067 731 1067 730 1067 878 1068 730 1068 879 1068 879 1069 730 1069 681 1069 879 1070 681 1070 880 1070 880 1071 681 1071 680 1071 880 1072 680 1072 881 1072 881 1073 680 1073 718 1073 881 1074 718 1074 870 1074 870 1075 718 1075 717 1075 871 1076 872 1076 882 1076 883 1077 870 1077 884 1077 884 1078 870 1078 871 1078 884 1079 871 1079 885 1079 885 1080 871 1080 882 1080 873 1081 643 1081 872 1081 872 1082 643 1082 886 1082 872 1083 886 1083 882 1083 883 1084 887 1084 870 1084 870 1085 887 1085 649 1085 870 1086 649 1086 881 1086 881 1087 649 1087 635 1087 881 1088 635 1088 880 1088 880 1089 635 1089 634 1089 880 1090 634 1090 879 1090 879 1091 634 1091 632 1091 879 1092 632 1092 878 1092 878 1093 632 1093 631 1093 878 1094 631 1094 877 1094 877 1095 631 1095 629 1095 877 1096 629 1096 876 1096 876 1097 629 1097 627 1097 876 1098 627 1098 875 1098 875 1099 627 1099 659 1099 875 1100 659 1100 874 1100 874 1101 659 1101 640 1101 874 1102 640 1102 873 1102 873 1103 640 1103 642 1103 873 1104 642 1104 643 1104 888 1105 671 1105 889 1105 889 22 671 22 673 22 889 22 673 22 890 22 890 1106 673 1106 675 1106 890 1106 675 1106 891 1106 891 1107 675 1107 682 1107 891 1107 682 1107 892 1107 892 1108 682 1108 684 1108 892 1108 684 1108 893 1108 893 1109 684 1109 686 1109 893 1110 686 1110 894 1110 894 1111 686 1111 687 1111 894 1112 687 1112 895 1112 895 1113 687 1113 663 1113 895 1114 663 1114 896 1114 896 1115 663 1115 665 1115 896 1115 665 1115 897 1115 897 1116 665 1116 666 1116 897 1116 666 1116 898 1116 898 1117 666 1117 662 1117 898 1118 662 1118 899 1118 899 1119 662 1119 661 1119 899 1119 661 1119 888 1119 888 1120 661 1120 671 1120 889 1121 890 1121 900 1121 901 1122 888 1122 902 1122 902 1123 888 1123 889 1123 902 1124 889 1124 903 1124 903 1125 889 1125 900 1125 891 1126 588 1126 890 1126 890 1127 588 1127 904 1127 890 1128 904 1128 900 1128 901 1129 905 1129 888 1129 888 1130 905 1130 614 1130 888 1131 614 1131 899 1131 899 1132 614 1132 615 1132 899 1133 615 1133 898 1133 898 1134 615 1134 616 1134 898 1135 616 1135 897 1135 897 1136 616 1136 618 1136 897 1137 618 1137 896 1137 896 1138 618 1138 619 1138 896 1139 619 1139 895 1139 895 1140 619 1140 612 1140 895 1141 612 1141 894 1141 894 1142 612 1142 610 1142 894 1143 610 1143 893 1143 893 1144 610 1144 609 1144 893 1145 609 1145 892 1145 892 1146 609 1146 555 1146 892 1147 555 1147 891 1147 891 1148 555 1148 589 1148 891 1149 589 1149 588 1149 906 1150 722 1150 907 1150 907 1151 722 1151 720 1151 907 1152 720 1152 908 1152 908 1153 720 1153 719 1153 908 1154 719 1154 909 1154 909 1155 719 1155 707 1155 909 1156 707 1156 910 1156 910 1157 707 1157 709 1157 910 1157 709 1157 911 1157 911 1158 709 1158 711 1158 911 1159 711 1159 912 1159 912 1160 711 1160 712 1160 912 1161 712 1161 913 1161 913 1162 712 1162 688 1162 913 1163 688 1163 914 1163 914 1164 688 1164 690 1164 914 1165 690 1165 915 1165 915 1056 690 1056 692 1056 915 1056 692 1056 916 1056 916 1166 692 1166 726 1166 916 1167 726 1167 917 1167 917 1168 726 1168 724 1168 917 1169 724 1169 906 1169 906 1170 724 1170 722 1170 907 1171 908 1171 918 1171 919 1172 906 1172 920 1172 920 1173 906 1173 907 1173 920 1174 907 1174 921 1174 921 1175 907 1175 918 1175 909 1176 655 1176 908 1176 908 1177 655 1177 922 1177 908 1178 922 1178 918 1178 919 1179 923 1179 906 1179 906 1180 923 1180 535 1180 906 1181 535 1181 917 1181 917 1182 535 1182 534 1182 917 1183 534 1183 916 1183 916 1184 534 1184 543 1184 916 1185 543 1185 915 1185 915 1186 543 1186 545 1186 915 1187 545 1187 914 1187 914 1188 545 1188 582 1188 914 1189 582 1189 913 1189 913 1190 582 1190 581 1190 913 1191 581 1191 912 1191 912 1192 581 1192 579 1192 912 1193 579 1193 911 1193 911 1194 579 1194 577 1194 911 1195 577 1195 910 1195 910 1196 577 1196 576 1196 910 1197 576 1197 909 1197 909 1198 576 1198 653 1198 909 1199 653 1199 655 1199 924 1200 925 1200 926 1200 927 1201 926 1201 928 1201 929 1202 930 1202 926 1202 931 1203 926 1203 932 1203 927 1204 933 1204 926 1204 934 1205 926 1205 935 1205 931 1206 936 1206 926 1206 934 1207 924 1207 926 1207 926 1208 936 1208 935 1208 926 1209 933 1209 932 1209 926 1210 930 1210 928 1210 926 1211 925 1211 929 1211 646 1212 933 1212 551 1212 551 1213 933 1213 927 1213 551 1214 927 1214 552 1214 552 1215 927 1215 928 1215 552 1216 928 1216 638 1216 638 1217 928 1217 930 1217 638 1218 930 1218 639 1218 639 1219 930 1219 929 1219 639 1219 929 1219 605 1219 605 1220 929 1220 925 1220 605 1221 925 1221 603 1221 603 1222 925 1222 924 1222 603 1223 924 1223 601 1223 601 1224 924 1224 934 1224 601 1225 934 1225 599 1225 599 1226 934 1226 935 1226 599 1227 935 1227 606 1227 606 1228 935 1228 936 1228 606 1229 936 1229 607 1229 607 1230 936 1230 931 1230 607 1231 931 1231 645 1231 645 1232 931 1232 932 1232 645 1233 932 1233 646 1233 646 1234 932 1234 933 1234 937 1235 938 1235 939 1235 940 1236 939 1236 941 1236 942 1237 943 1237 939 1237 944 1238 939 1238 945 1238 940 1239 946 1239 939 1239 947 1240 939 1240 948 1240 944 1241 949 1241 939 1241 947 1242 937 1242 939 1242 939 1243 949 1243 948 1243 939 1244 946 1244 945 1244 939 1245 943 1245 941 1245 939 1246 938 1246 942 1246 547 1247 946 1247 548 1247 548 1248 946 1248 940 1248 548 1249 940 1249 549 1249 549 1250 940 1250 941 1250 549 1251 941 1251 567 1251 567 1252 941 1252 943 1252 567 1253 943 1253 569 1253 569 1254 943 1254 942 1254 569 1255 942 1255 570 1255 570 1256 942 1256 938 1256 570 1257 938 1257 571 1257 571 1258 938 1258 937 1258 571 1259 937 1259 573 1259 573 1260 937 1260 947 1260 573 1261 947 1261 575 1261 575 1262 947 1262 948 1262 575 1263 948 1263 537 1263 537 1264 948 1264 949 1264 537 1265 949 1265 538 1265 538 1266 949 1266 944 1266 538 1267 944 1267 540 1267 540 1268 944 1268 945 1268 540 1269 945 1269 547 1269 547 1270 945 1270 946 1270 950 1271 951 1271 952 1271 953 1272 952 1272 954 1272 955 1273 956 1273 952 1273 957 1274 952 1274 958 1274 953 1275 959 1275 952 1275 960 1276 952 1276 961 1276 957 1277 962 1277 952 1277 960 1278 950 1278 952 1278 952 1279 962 1279 961 1279 952 1280 959 1280 958 1280 952 1281 956 1281 954 1281 952 1282 951 1282 955 1282 622 1283 959 1283 620 1283 620 1284 959 1284 953 1284 620 1285 953 1285 584 1285 584 1266 953 1266 954 1266 584 1286 954 1286 586 1286 586 1268 954 1268 956 1268 586 1287 956 1287 587 1287 587 1288 956 1288 955 1288 587 1247 955 1247 562 1247 562 1248 955 1248 951 1248 562 1289 951 1289 560 1289 560 1290 951 1290 950 1290 560 1291 950 1291 558 1291 558 1292 950 1292 960 1292 558 1293 960 1293 556 1293 556 1294 960 1294 961 1294 556 1295 961 1295 598 1295 598 1256 961 1256 962 1256 598 1296 962 1296 625 1296 625 1297 962 1297 957 1297 625 1259 957 1259 624 1259 624 1298 957 1298 958 1298 624 1299 958 1299 622 1299 622 1300 958 1300 959 1300 922 1301 655 1301 654 1301 886 1302 643 1302 641 1302 904 1303 588 1303 590 1303 905 1304 901 1304 826 1304 826 1305 901 1305 902 1305 826 1306 902 1306 824 1306 824 1307 902 1307 903 1307 824 1308 903 1308 900 1308 884 1309 885 1309 844 1309 844 1310 885 1310 882 1310 844 1311 882 1311 842 1311 884 1312 844 1312 883 1312 883 1313 844 1313 846 1313 883 1314 846 1314 887 1314 923 1315 919 1315 864 1315 864 1316 919 1316 920 1316 864 1317 920 1317 862 1317 862 1318 920 1318 921 1318 862 1319 921 1319 918 1319 918 1320 922 1320 862 1320 862 1321 922 1321 654 1321 862 1322 654 1322 860 1322 860 1323 654 1323 652 1323 860 1324 652 1324 858 1324 858 1325 652 1325 651 1325 858 1326 651 1326 856 1326 856 1327 651 1327 597 1327 856 1328 597 1328 854 1328 854 1329 597 1329 596 1329 854 1330 596 1330 852 1330 852 1331 596 1331 623 1331 852 1332 623 1332 850 1332 850 1333 623 1333 621 1333 850 1334 621 1334 848 1334 848 1335 621 1335 647 1335 848 1336 647 1336 846 1336 846 1337 647 1337 648 1337 846 1338 648 1338 887 1338 887 1339 648 1339 649 1339 900 1340 904 1340 824 1340 824 1341 904 1341 590 1341 824 1342 590 1342 822 1342 822 1343 590 1343 591 1343 822 1344 591 1344 820 1344 820 1345 591 1345 636 1345 820 1346 636 1346 818 1346 818 1347 636 1347 539 1347 818 1348 539 1348 816 1348 816 1349 539 1349 541 1349 816 1350 541 1350 814 1350 814 1351 541 1351 542 1351 814 1352 542 1352 868 1352 868 1353 542 1353 563 1353 868 1354 563 1354 866 1354 866 1355 563 1355 565 1355 866 1356 565 1356 864 1356 864 1357 565 1357 536 1357 864 1358 536 1358 923 1358 923 1359 536 1359 535 1359 882 1360 886 1360 842 1360 842 1361 886 1361 641 1361 842 1362 641 1362 840 1362 840 1363 641 1363 656 1363 840 1364 656 1364 838 1364 838 1365 656 1365 658 1365 838 1366 658 1366 836 1366 836 1367 658 1367 608 1367 836 1368 608 1368 834 1368 834 1369 608 1369 644 1369 834 1370 644 1370 832 1370 832 1371 644 1371 550 1371 832 1372 550 1372 830 1372 830 1373 550 1373 595 1373 830 1374 595 1374 828 1374 828 1375 595 1375 593 1375 828 1376 593 1376 826 1376 826 1377 593 1377 592 1377 826 1378 592 1378 905 1378 905 1379 592 1379 614 1379 754 1380 668 1380 812 1380 812 1381 668 1381 667 1381 812 1382 667 1382 810 1382 810 1383 667 1383 704 1383 810 1384 704 1384 808 1384 808 1385 704 1385 702 1385 702 1386 806 1386 808 1386 806 1387 702 1387 700 1387 806 1388 700 1388 804 1388 804 1389 700 1389 698 1389 804 1390 698 1390 802 1390 802 1391 698 1391 696 1391 802 1392 696 1392 800 1392 800 1393 696 1393 694 1393 800 1394 694 1394 798 1394 798 1395 694 1395 660 1395 798 1396 660 1396 796 1396 796 1397 660 1397 664 1397 796 1398 664 1398 794 1398 794 1399 664 1399 685 1399 794 1400 685 1400 792 1400 792 1401 685 1401 683 1401 792 1402 683 1402 790 1402 790 1403 683 1403 752 1403 790 1404 752 1404 788 1404 788 1405 752 1405 750 1405 788 1406 750 1406 786 1406 786 1407 750 1407 748 1407 786 1408 748 1408 784 1408 784 1409 748 1409 746 1409 784 1410 746 1410 782 1410 782 1411 746 1411 744 1411 782 1412 744 1412 780 1412 780 1413 744 1413 693 1413 780 1414 693 1414 778 1414 778 1415 693 1415 691 1415 778 1416 691 1416 776 1416 776 1417 691 1417 689 1417 776 1418 689 1418 774 1418 774 1419 689 1419 710 1419 774 1420 710 1420 772 1420 772 1421 710 1421 708 1421 772 1422 708 1422 770 1422 770 1423 708 1423 741 1423 770 1424 741 1424 768 1424 768 1425 741 1425 739 1425 768 1426 739 1426 766 1426 766 1427 739 1427 737 1427 766 1428 737 1428 764 1428 764 1429 737 1429 735 1429 764 1430 735 1430 762 1430 762 1431 735 1431 733 1431 762 1432 733 1432 760 1432 760 1433 733 1433 728 1433 760 1434 728 1434 758 1434 758 1435 728 1435 729 1435 758 1436 729 1436 756 1436 756 1437 729 1437 677 1437 756 1438 677 1438 754 1438 754 1439 677 1439 668 1439 817 1440 749 1440 819 1440 819 1441 749 1441 751 1441 819 1442 751 1442 821 1442 821 1443 751 1443 753 1443 821 1444 753 1444 823 1444 823 1445 753 1445 674 1445 823 1446 674 1446 825 1446 825 1447 674 1447 672 1447 825 1448 672 1448 827 1448 827 1449 672 1449 670 1449 827 1450 670 1450 829 1450 829 1451 670 1451 695 1451 829 1452 695 1452 831 1452 831 1453 695 1453 697 1453 831 1454 697 1454 833 1454 833 1455 697 1455 699 1455 833 1456 699 1456 835 1456 835 1457 699 1457 701 1457 835 1458 701 1458 837 1458 837 1459 701 1459 703 1459 837 1460 703 1460 839 1460 839 1461 703 1461 705 1461 839 1462 705 1462 841 1462 841 1463 705 1463 706 1463 841 1464 706 1464 843 1464 843 1465 706 1465 716 1465 843 1466 716 1466 845 1466 845 1467 716 1467 679 1467 845 1468 679 1468 847 1468 847 1469 679 1469 727 1469 847 1470 727 1470 849 1470 849 1471 727 1471 732 1471 849 1472 732 1472 851 1472 851 1473 732 1473 734 1473 851 1474 734 1474 853 1474 853 1475 734 1475 736 1475 853 1476 736 1476 855 1476 855 1477 736 1477 738 1477 855 1478 738 1478 857 1478 857 1479 738 1479 740 1479 857 1480 740 1480 859 1480 859 1481 740 1481 742 1481 859 1482 742 1482 861 1482 861 1483 742 1483 721 1483 861 1484 721 1484 863 1484 863 1485 721 1485 723 1485 863 1486 723 1486 865 1486 865 1487 723 1487 725 1487 865 1488 725 1488 867 1488 867 1489 725 1489 743 1489 867 1490 743 1490 869 1490 869 1491 743 1491 745 1491 869 1492 745 1492 815 1492 815 1493 745 1493 747 1493 815 1494 747 1494 817 1494 817 1495 747 1495 749 1495 787 1496 572 1496 789 1496 789 1497 572 1497 574 1497 789 1498 574 1498 791 1498 791 1499 574 1499 554 1499 791 1500 554 1500 793 1500 793 1501 554 1501 553 1501 793 1502 553 1502 795 1502 795 1503 553 1503 611 1503 795 1504 611 1504 797 1504 797 1505 611 1505 613 1505 797 1506 613 1506 799 1506 799 1507 613 1507 617 1507 799 1508 617 1508 801 1508 801 1509 617 1509 594 1509 801 1510 594 1510 803 1510 803 1511 594 1511 637 1511 803 1512 637 1512 805 1512 805 1513 637 1513 604 1513 805 1514 604 1514 807 1514 807 1515 604 1515 602 1515 807 1516 602 1516 809 1516 809 1517 602 1517 600 1517 809 1518 600 1518 811 1518 811 1519 600 1519 657 1519 811 1520 657 1520 813 1520 813 1521 657 1521 626 1521 813 1522 626 1522 755 1522 755 1523 626 1523 628 1523 755 1524 628 1524 757 1524 757 1525 628 1525 630 1525 757 1526 630 1526 759 1526 759 1527 630 1527 633 1527 759 1528 633 1528 761 1528 761 1529 633 1529 583 1529 761 1530 583 1530 763 1530 763 1531 583 1531 585 1531 763 1532 585 1532 765 1532 765 1533 585 1533 561 1533 765 1534 561 1534 767 1534 767 1535 561 1535 559 1535 767 1536 559 1536 769 1536 769 1537 559 1537 557 1537 769 1538 557 1538 771 1538 771 1539 557 1539 650 1539 771 1540 650 1540 773 1540 773 1541 650 1541 578 1541 578 1542 775 1542 773 1542 775 1543 578 1543 580 1543 775 1544 580 1544 777 1544 777 1545 580 1545 546 1545 777 1546 546 1546 779 1546 779 1547 546 1547 544 1547 779 1548 544 1548 781 1548 781 1549 544 1549 564 1549 781 1550 564 1550 783 1550 783 1551 564 1551 566 1551 783 1552 566 1552 785 1552 785 1553 566 1553 568 1553 785 1554 568 1554 787 1554 787 1555 568 1555 572 1555</p>
        </triangles>
      </mesh>
    </geometry>
  </library_geometries>
  <library_visual_scenes>
    <visual_scene id="Scene" name="Scene">
      <node id="cam" name="cam" type="NODE">
        <matrix sid="transform">-1 8.74228e-8 0 0.05999999 -8.74228e-8 -1 0 0.06999999 0 0 1 0.024 0 0 0 1</matrix>
        <instance_geometry url="#cam-mesh" name="cam"/>
      </node>
      <node id="plate" name="plate" type="NODE">
        <matrix sid="transform">1 0 0 0 0 1 0 0 0 0 1 0 0 0 0 1</matrix>
        <instance_geometry url="#plate-mesh" name="plate"/>
      </node>
    </visual_scene>
  </library_visual_scenes>
  <scene>
    <instance_visual_scene url="#Scene"/>
  </scene>
</COLLADA>